record_type,epoch,step,global_step,optimizer_step,train_step_loss,train_running_loss,train_epoch_loss,val_loss,val_wer,lr,elapsed_sec,best_wer
train_step,16,1,7786,15525,0.3587397634983063,0.3587397634983063,,,,2.96616024993602e-05,,
train_step,16,2,7787,15526,0.3785008192062378,0.36862029135227203,,,,2.968355367291516e-05,,
train_step,16,3,7788,15526,0.31916290521621704,0.35213449597358704,,,,2.968355367291516e-05,,
train_step,16,4,7789,15527,0.40288811922073364,0.3648229017853737,,,,2.970551235724445e-05,,
train_step,16,5,7790,15527,0.33850419521331787,0.35955916047096254,,,,2.970551235724445e-05,,
train_step,16,6,7791,15528,0.3700510859489441,0.3613078147172928,,,,2.9727478550982866e-05,,
train_step,16,7,7792,15528,0.3573933243751526,0.3607486018112728,,,,2.9727478550982866e-05,,
train_step,16,8,7793,15529,0.3410569727420807,0.35828714817762375,,,,2.9749452252764852e-05,,
train_step,16,9,7794,15529,0.3573588728904724,0.35818400647905135,,,,2.9749452252764852e-05,,
train_step,16,10,7795,15530,0.4405694901943207,0.3664225548505783,,,,2.9771433461224457e-05,,
train_step,16,11,7796,15530,0.3996145725250244,0.36944001100280066,,,,2.9771433461224457e-05,,
train_step,16,12,7797,15531,0.3346360921859741,0.3665396844347318,,,,2.9793422174995162e-05,,
train_step,16,13,7798,15531,0.36426565051078796,0.36636475874827457,,,,2.9793422174995162e-05,,
train_step,16,14,7799,15532,0.3413650393486023,0.36457906450544086,,,,2.9815418392709938e-05,,
train_step,16,15,7800,15532,0.3650568127632141,0.3646109143892924,,,,2.9815418392709938e-05,,
train_step,16,16,7801,15533,0.343977153301239,0.36332130432128906,,,,2.983742211300141e-05,,
train_step,16,17,7802,15533,0.3399181365966797,0.36194464739631205,,,,2.983742211300141e-05,,
train_step,16,18,7803,15534,0.33404648303985596,0.36039474937650895,,,,2.9859433334501576e-05,,
train_step,16,19,7804,15534,0.4538613557815552,0.36531404445045873,,,,2.9859433334501576e-05,,
train_step,16,20,7805,15535,0.3423655033111572,0.36416661739349365,,,,2.988145205584218e-05,,
train_step,16,21,7806,15535,0.43591058254241943,0.3675829966862996,,,,2.988145205584218e-05,,
train_step,16,22,7807,15536,0.4271124303340912,0.3702888800339265,,,,2.9903478275654386e-05,,
train_step,16,23,7808,15536,0.4078580141067505,0.37192232064578845,,,,2.9903478275654386e-05,,
train_step,16,24,7809,15537,0.39416587352752686,0.3728491353491942,,,,2.9925511992568803e-05,,
train_step,16,25,7810,15537,0.2898281216621399,0.369528294801712,,,,2.9925511992568803e-05,,
train_step,16,26,7811,15538,0.34476685523986816,0.3685759317416411,,,,2.9947553205215777e-05,,
train_step,16,27,7812,15538,0.4171066880226135,0.3703733671594549,,,,2.9947553205215777e-05,,
train_step,16,28,7813,15539,0.34732797741889954,0.36955031752586365,,,,2.9969601912224927e-05,,
train_step,16,29,7814,15539,0.32214394211769104,0.36791561492558184,,,,2.9969601912224927e-05,,
train_step,16,30,7815,15540,0.3313603699207306,0.36669710675875344,,,,2.9991658112225687e-05,,
train_step,16,31,7816,15540,0.3946458101272583,0.3675986778351568,,,,2.9991658112225687e-05,,
train_step,16,32,7817,15541,0.45225995779037476,0.3702443428337574,,,,3.001372180384689e-05,,
train_step,16,33,7818,15541,0.3933664560317993,0.3709450129306678,,,,3.001372180384689e-05,,
train_step,16,34,7819,15542,0.34607332944869995,0.37021349282825694,,,,3.0035792985716828e-05,,
train_step,16,35,7820,15542,0.3277704119682312,0.36900083337511336,,,,3.0035792985716828e-05,,
train_step,16,36,7821,15543,0.3959355354309082,0.3697490195433299,,,,3.005787165646347e-05,,
train_step,16,37,7822,15543,0.3200559914112091,0.3684059647289482,,,,3.005787165646347e-05,,
train_step,16,38,7823,15544,0.33288833498954773,0.3674712902621219,,,,3.0079957814714164e-05,,
train_step,16,39,7824,15544,0.4016408920288086,0.3683474338971652,,,,3.0079957814714164e-05,,
train_step,16,40,7825,15545,0.38404661417007446,0.3687399134039879,,,,3.0102051459095998e-05,,
train_step,16,41,7826,15545,0.35093575716018677,0.3683056656907244,,,,3.0102051459095998e-05,,
train_step,16,42,7827,15546,0.35517996549606323,0.367993149019423,,,,3.0124152588235455e-05,,
train_step,16,43,7828,15546,0.35262519121170044,0.36763575465180154,,,,3.0124152588235455e-05,,
train_step,16,44,7829,15547,0.42365992069244385,0.3689090311527252,,,,3.014626120075853e-05,,
train_step,16,45,7830,15547,0.320206880569458,0.3678267611397637,,,,3.014626120075853e-05,,
train_step,16,46,7831,15548,0.3670346736907959,0.36780954184739484,,,,3.0168377295290862e-05,,
train_step,16,47,7832,15548,0.3596038818359375,0.3676349533365128,,,,3.0168377295290862e-05,,
train_step,16,48,7833,15549,0.365004301071167,0.36758014808098477,,,,3.0190500870457415e-05,,
train_step,16,49,7834,15549,0.341955304145813,0.3670571920823078,,,,3.0190500870457415e-05,,
train_step,16,50,7835,15550,0.3319336175918579,0.3663547205924988,,,,3.0212631924883062e-05,,
train_step,16,51,7836,15550,0.34310439229011536,0.36589883180225596,,,,3.0212631924883062e-05,,
train_step,16,52,7837,15551,0.3689284920692444,0.36595709449969804,,,,3.023477045719182e-05,,
train_step,16,53,7838,15551,0.3952213525772095,0.36650925031248127,,,,3.023477045719182e-05,,
train_step,16,54,7839,15552,0.33228322863578796,0.3658754350962462,,,,3.0256916466007518e-05,,
train_step,16,55,7840,15552,0.3744899332523346,0.3660320623354478,,,,3.0256916466007518e-05,,
train_step,16,56,7841,15553,0.38194453716278076,0.3663162136716502,,,,3.0279069949953313e-05,,
train_step,16,57,7842,15553,0.2945291996002197,0.36505679237215144,,,,3.0279069949953313e-05,,
train_step,16,58,7843,15554,0.3616067171096802,0.36499730831590194,,,,3.0301230907651984e-05,,
train_step,16,59,7844,15554,0.3661535978317261,0.36501690644328877,,,,3.0301230907651984e-05,,
train_step,16,60,7845,15555,0.35710352659225464,0.36488501677910484,,,,3.0323399337725977e-05,,
train_step,16,61,7846,15555,0.32088130712509155,0.3641636444896948,,,,3.0323399337725977e-05,,
train_step,16,62,7847,15556,0.348258912563324,0.36390711655539854,,,,3.0345575238797044e-05,,
train_step,16,63,7848,15556,0.36679893732070923,0.3639530184723082,,,,3.0345575238797044e-05,,
train_step,16,64,7849,15557,0.3570999801158905,0.3638459397479892,,,,3.0367758609486666e-05,,
train_step,16,65,7850,15557,0.34268057346343994,0.3635203187282269,,,,3.0367758609486666e-05,,
train_step,16,66,7851,15558,0.32716143131256104,0.3629694264946562,,,,3.038994944841566e-05,,
train_step,16,67,7852,15558,0.3316425681114197,0.36250186144416013,,,,3.038994944841566e-05,,
train_step,16,68,7853,15559,0.31660789251327515,0.36182695013635296,,,,3.0412147754204518e-05,,
train_step,16,69,7854,15559,0.35895776748657227,0.3617853677791098,,,,3.0412147754204518e-05,,
train_step,16,70,7855,15560,0.348715603351593,0.36159865685871667,,,,3.043435352547336e-05,,
train_step,16,71,7856,15560,0.3557235300540924,0.36151590859386284,,,,3.043435352547336e-05,,
train_step,16,72,7857,15561,0.3440861701965332,0.3612738288938999,,,,3.0456566760841595e-05,,
train_step,16,73,7858,15561,0.319389283657074,0.3607000680002448,,,,3.0456566760841595e-05,,
train_step,16,74,7859,15562,0.3393499255180359,0.360411552561296,,,,3.0478787458928385e-05,,
train_step,16,75,7860,15562,0.3609410524368286,0.3604186125596364,,,,3.0478787458928385e-05,,
train_step,16,76,7861,15563,0.38838815689086914,0.36078663287978424,,,,3.0501015618352255e-05,,
train_step,16,77,7862,15563,0.35095927119255066,0.36065900480592405,,,,3.0501015618352255e-05,,
train_step,16,78,7863,15564,0.3156537115573883,0.36008201386684024,,,,3.0523251237731356e-05,,
train_step,16,79,7864,15564,0.35432326793670654,0.36000911834873733,,,,3.0523251237731356e-05,,
train_step,16,80,7865,15565,0.3987688422203064,0.36049361489713194,,,,3.0545494315683465e-05,,
train_step,16,81,7866,15565,0.3345431685447693,0.36017323901623854,,,,3.0545494315683465e-05,,
train_step,16,82,7867,15566,0.340175062417984,0.3599293588138208,,,,3.0567744850825726e-05,,
train_step,16,83,7868,15566,0.37491339445114136,0.36010988936366806,,,,3.0567744850825726e-05,,
train_step,16,84,7869,15567,0.3637729585170746,0.36015349732978,,,,3.059000284177495e-05,,
train_step,16,85,7870,15567,0.36676663160324097,0.3602312989094678,,,,3.059000284177495e-05,,
train_step,16,86,7871,15568,0.34671878814697266,0.36007417669129926,,,,3.0612268287147324e-05,,
train_step,16,87,7872,15568,0.35302603244781494,0.3599931635390753,,,,3.0612268287147324e-05,,
train_step,16,88,7873,15569,0.3199407458305359,0.359538022428751,,,,3.0634541185558734e-05,,
train_step,16,89,7874,15569,0.374514102935791,0.35970629299624585,,,,3.0634541185558734e-05,,
train_step,16,90,7875,15570,0.36616629362106323,0.359778070780966,,,,3.0656821535624576e-05,,
train_step,16,91,7876,15570,0.39765655994415283,0.3601943179146274,,,,3.0656821535624576e-05,,
train_step,16,92,7877,15571,0.3716591000556946,0.3603189351118129,,,,3.067910933595977e-05,,
train_step,16,93,7878,15571,0.3786155879497528,0.3605156733143714,,,,3.067910933595977e-05,,
train_step,16,94,7879,15572,0.32485413551330566,0.36013629525265795,,,,3.0701404585178656e-05,,
train_step,16,95,7880,15572,0.3364146649837494,0.35988659388140626,,,,3.0701404585178656e-05,,
train_step,16,96,7881,15573,0.3566320240497589,0.3598526921123266,,,,3.0723707281895314e-05,,
train_step,16,97,7882,15573,0.3525835871696472,0.3597777528861134,,,,3.0723707281895314e-05,,
train_step,16,98,7883,15574,0.33770427107810974,0.35955251327582766,,,,3.0746017424723136e-05,,
train_step,16,99,7884,15574,0.3371254503726959,0.3593259772869072,,,,3.0746017424723136e-05,,
train_step,16,100,7885,15575,0.33162057399749756,0.35904892325401305,,,,3.076833501227528e-05,,
train_step,16,101,7886,15575,0.3246817886829376,0.3587086545948935,,,,3.076833501227528e-05,,
train_step,16,102,7887,15576,0.3940903842449188,0.3590555342973447,,,,3.0790660043164325e-05,,
train_step,16,103,7888,15576,0.33833158016204834,0.358854330859138,,,,3.0790660043164325e-05,,
train_step,16,104,7889,15577,0.3363546133041382,0.35863798742110914,,,,3.081299251600234e-05,,
train_step,16,105,7890,15577,0.3488306999206543,0.35854458468300954,,,,3.081299251600234e-05,,
train_step,16,106,7891,15578,0.342180460691452,0.35839020615478734,,,,3.083533242940104e-05,,
train_step,16,107,7892,15578,0.32999932765960693,0.35812487084174827,,,,3.083533242940104e-05,,
train_step,16,108,7893,15579,0.39008980989456177,0.3584208424996447,,,,3.085767978197152e-05,,
train_step,16,109,7894,15579,0.36355218291282654,0.35846791901719677,,,,3.085767978197152e-05,,
train_step,16,110,7895,15580,0.3812274634838104,0.35867482396689326,,,,3.0880034572324606e-05,,
train_step,16,111,7896,15580,0.3216128349304199,0.3583409321737719,,,,3.0880034572324606e-05,,
train_step,16,112,7897,15581,0.38428932428359985,0.3585726142461811,,,,3.090239679907062e-05,,
train_step,16,113,7898,15581,0.3615165054798126,0.35859866638099197,,,,3.090239679907062e-05,,
train_step,16,114,7899,15582,0.3539047837257385,0.35855749197173536,,,,3.092476646081926e-05,,
train_step,16,115,7900,15582,0.42173081636428833,0.3591068252273228,,,,3.092476646081926e-05,,
train_step,16,116,7901,15583,0.34000980854034424,0.3589421957731247,,,,3.0947143556179985e-05,,
train_step,16,117,7902,15583,0.36056628823280334,0.3589560769052587,,,,3.0947143556179985e-05,,
train_step,16,118,7903,15584,0.37589749693870544,0.35909964826147434,,,,3.0969528083761515e-05,,
train_step,16,119,7904,15584,0.4005733132362366,0.3594481664545396,,,,3.0969528083761515e-05,,
train_step,16,120,7905,15585,0.33560097217559814,0.3592494398355484,,,,3.0991920042172434e-05,,
train_step,16,121,7906,15585,0.3455253839492798,0.35913601788607513,,,,3.0991920042172434e-05,,
train_step,16,122,7907,15586,0.35762733221054077,0.3591236516100461,,,,3.101431943002071e-05,,
train_step,16,123,7908,15586,0.3639441728591919,0.359162842839714,,,,3.101431943002071e-05,,
train_step,16,124,7909,15587,0.31232327222824097,0.3587851043670408,,,,3.103672624591373e-05,,
train_step,16,125,7910,15587,0.3114008903503418,0.3584060306549072,,,,3.103672624591373e-05,,
train_step,16,126,7911,15588,0.3343462347984314,0.35821507989414153,,,,3.1059140488458623e-05,,
train_step,16,127,7912,15588,0.41307181119918823,0.358647022660323,,,,3.1059140488458623e-05,,
train_step,16,128,7913,15589,0.34470629692077637,0.3585381107404828,,,,3.108156215626187e-05,,
train_step,16,129,7914,15589,0.3875029683113098,0.35876264452010165,,,,3.108156215626187e-05,,
train_step,16,130,7915,15590,0.34550610184669495,0.35866067111492156,,,,3.110399124792968e-05,,
train_step,16,131,7916,15590,0.2983846068382263,0.3582005484868552,,,,3.110399124792968e-05,,
train_step,16,132,7917,15591,0.36421436071395874,0.35824610767039383,,,,3.11264277620677e-05,,
train_step,16,133,7918,15591,0.321380078792572,0.3579689194833426,,,,3.11264277620677e-05,,
train_step,16,134,7919,15592,0.4036356508731842,0.35830971598625183,,,,3.114887169728113e-05,,
train_step,16,135,7920,15592,0.2965490520000458,0.357852229586354,,,,3.114887169728113e-05,,
train_step,16,136,7921,15593,0.34079283475875854,0.3577267928596805,,,,3.117132305217463e-05,,
train_step,16,137,7922,15593,0.37799301743507385,0.35787472150621624,,,,3.117132305217463e-05,,
train_step,16,138,7923,15594,0.3209044635295868,0.3576068210860957,,,,3.119378182535247e-05,,
train_step,16,139,7924,15594,0.37101292610168457,0.357703267884769,,,,3.119378182535247e-05,,
train_step,16,140,7925,15595,0.3158915042877197,0.35740461243050436,,,,3.1216248015418594e-05,,
train_step,16,141,7926,15595,0.3277294635772705,0.3571941503818999,,,,3.1216248015418594e-05,,
train_step,16,142,7927,15596,0.3620631694793701,0.3572284392487835,,,,3.1238721620976225e-05,,
train_step,16,143,7928,15596,0.4072574973106384,0.3575782928016636,,,,3.1238721620976225e-05,,
train_step,16,144,7929,15597,0.34222644567489624,0.35747168275217217,,,,3.126120264062833e-05,,
train_step,16,145,7930,15597,0.3460860252380371,0.3573931609762126,,,,3.126120264062833e-05,,
train_step,16,146,7931,15598,0.3743792176246643,0.3575095038299691,,,,3.128369107297726e-05,,
train_step,16,147,7932,15598,0.3002171516418457,0.3571197599375329,,,,3.128369107297726e-05,,
train_step,16,148,7933,15599,0.40384891629219055,0.35743549748046977,,,,3.130618691662503e-05,,
train_step,16,149,7934,15599,0.337538480758667,0.35730196045549123,,,,3.130618691662503e-05,,
train_step,16,150,7935,15600,0.35858315229415894,0.3573105017344157,,,,3.132869017017306e-05,,
train_step,16,151,7936,15600,0.34457147121429443,0.3572261372938851,,,,3.132869017017306e-05,,
train_step,16,152,7937,15601,0.37926581501960754,0.3573711351736596,,,,3.135120083222251e-05,,
train_step,16,153,7938,15601,0.3969363570213318,0.3576297313948862,,,,3.135120083222251e-05,,
train_step,16,154,7939,15602,0.2913314700126648,0.35719922320409253,,,,3.1373718901373936e-05,,
train_step,16,155,7940,15602,0.38002079725265503,0.3573464591656962,,,,3.1373718901373936e-05,,
train_step,16,156,7941,15603,0.47571098804473877,0.35810520614569,,,,3.139624437622742e-05,,
train_step,16,157,7942,15603,0.30196768045425415,0.35774764228778283,,,,3.139624437622742e-05,,
train_step,16,158,7943,15604,0.39416074752807617,0.3579781049791771,,,,3.1418777255382685e-05,,
train_step,16,159,7944,15604,0.4384003281593323,0.3584839051249642,,,,3.1418777255382685e-05,,
train_step,16,160,7945,15605,0.32262206077575684,0.35825976859778164,,,,3.144131753743881e-05,,
train_step,16,161,7946,15605,0.3161557614803314,0.3579982530256236,,,,3.144131753743881e-05,,
train_step,16,162,7947,15606,0.30548492074012756,0.35767409665349087,,,,3.1463865220994656e-05,,
train_step,16,163,7948,15606,0.3593863844871521,0.35768460148682624,,,,3.1463865220994656e-05,,
train_step,16,164,7949,15607,0.32031944394111633,0.357456765160328,,,,3.148642030464852e-05,,
train_step,16,165,7950,15607,0.305094838142395,0.35713942014809813,,,,3.148642030464852e-05,,
train_step,16,166,7951,15608,0.32030797004699707,0.3569175439426698,,,,3.1508982786998135e-05,,
train_step,16,167,7952,15608,0.4202018082141876,0.3572964916329184,,,,3.1508982786998135e-05,,
train_step,16,168,7953,15609,0.3645065128803253,0.3573394084260577,,,,3.1531552666640934e-05,,
train_step,16,169,7954,15609,0.36163368821144104,0.35736481836561623,,,,3.1531552666640934e-05,,
train_step,16,170,7955,15610,0.3270738124847412,0.35718663597808165,,,,3.155412994217371e-05,,
train_step,16,171,7956,15610,0.32103198766708374,0.35697520528620447,,,,3.155412994217371e-05,,
train_step,16,172,7957,15611,0.37109172344207764,0.3570572780661805,,,,3.157671461219304e-05,,
train_step,16,173,7958,15611,0.37327468395233154,0.35715102029673623,,,,3.157671461219304e-05,,
train_step,16,174,7959,15612,0.36741572618484497,0.3572100128593116,,,,3.159930667529484e-05,,
train_step,16,175,7960,15612,0.3141116499900818,0.35696373650005886,,,,3.159930667529484e-05,,
train_step,16,176,7961,15613,0.3769308924674988,0.35707718624987383,,,,3.162190613007469e-05,,
train_step,16,177,7962,15613,0.33049607276916504,0.356927010467497,,,,3.162190613007469e-05,,
train_step,16,178,7963,15614,0.3223010301589966,0.35673248248823575,,,,3.1644512975127556e-05,,
train_step,16,179,7964,15614,0.38020092248916626,0.3568635910915929,,,,3.1644512975127556e-05,,
train_step,16,180,7965,15615,0.4168008267879486,0.35719657573435043,,,,3.166712720904808e-05,,
train_step,16,181,7966,15615,0.41864240169525146,0.35753605543579187,,,,3.166712720904808e-05,,
train_step,16,182,7967,15616,0.33616364002227783,0.35741862458187146,,,,3.1689748830430485e-05,,
train_step,16,183,7968,15616,0.2702431380748749,0.3569422558031447,,,,3.1689748830430485e-05,,
train_step,16,184,7969,15617,0.3260325491428375,0.35677426826694736,,,,3.171237783786835e-05,,
train_step,16,185,7970,15617,0.31140995025634766,0.35652905573716037,,,,3.171237783786835e-05,,
train_step,16,186,7971,15618,0.29222244024276733,0.35618332124525504,,,,3.1735014229955003e-05,,
train_step,16,187,7972,15618,0.31944191455841064,0.3559868431346302,,,,3.1735014229955003e-05,,
train_step,16,188,7973,15619,0.3165322542190552,0.35577697829997285,,,,3.17576580052831e-05,,
train_step,16,189,7974,15619,0.28471097350120544,0.35540096769257196,,,,3.17576580052831e-05,,
train_step,16,190,7975,15620,0.3444129228591919,0.3553431358776594,,,,3.178030916244496e-05,,
train_step,16,191,7976,15620,0.28494858741760254,0.35497457803231885,,,,3.178030916244496e-05,,
train_step,16,192,7977,15621,0.3947999179363251,0.3551820016776522,,,,3.180296770003255e-05,,
train_step,16,193,7978,15621,0.3695812225341797,0.3552566090396031,,,,3.180296770003255e-05,,
train_step,16,194,7979,15622,0.3054124414920807,0.35499968034090457,,,,3.182563361663717e-05,,
train_step,16,195,7980,15622,0.3356983959674835,0.3549006993953998,,,,3.182563361663717e-05,,
train_step,16,196,7981,15623,0.36046817898750305,0.3549291049035228,,,,3.1848306910849786e-05,,
train_step,16,197,7982,15623,0.31865832209587097,0.354744989254753,,,,3.1848306910849786e-05,,
train_step,16,198,7983,15624,0.33996593952178955,0.354670347589435,,,,3.187098758126082e-05,,
train_step,16,199,7984,15624,0.318156361579895,0.3544868602225529,,,,3.187098758126082e-05,,
train_step,16,200,7985,15625,0.3343729078769684,0.354386290460825,,,,3.1893675626460304e-05,,
train_step,16,201,7986,15625,0.32421302795410156,0.3542361747269607,,,,3.1893675626460304e-05,,
train_step,16,202,7987,15626,0.3570658564567566,0.3542501830523557,,,,3.1916371045037866e-05,,
train_step,16,203,7988,15626,0.35156258940696716,0.3542369436747922,,,,3.1916371045037866e-05,,
train_step,16,204,7989,15627,0.3973613381385803,0.354448337765301,,,,3.1939073835582505e-05,,
train_step,16,205,7990,15627,0.34752941131591797,0.3544145869045723,,,,3.1939073835582505e-05,,
train_step,16,206,7991,15628,0.42460423707962036,0.3547553133617327,,,,3.196178399668296e-05,,
train_step,16,207,7992,15628,0.29955247044563293,0.35448863296117183,,,,3.196178399668296e-05,,
train_step,16,208,7993,15629,0.36089709401130676,0.3545194428700667,,,,3.198450152692732e-05,,
train_step,16,209,7994,15629,0.32129967212677,0.35436049659856766,,,,3.198450152692732e-05,,
train_step,16,210,7995,15630,0.330646276473999,0.35424757174083166,,,,3.20072264249033e-05,,
train_step,16,211,7996,15630,0.3497530519962311,0.35422627069938806,,,,3.20072264249033e-05,,
train_step,16,212,7997,15631,0.39742106199264526,0.3544300197149223,,,,3.202995868919828e-05,,
train_step,16,213,7998,15631,0.2840275168418884,0.35409949153241976,,,,3.202995868919828e-05,,
train_step,16,214,7999,15632,0.2952272295951843,0.35382438750467565,,,,3.205269831839897e-05,,
train_step,16,215,8000,15632,0.2720934748649597,0.3534442437249561,,,,3.205269831839897e-05,,
train_step,16,216,8001,15633,0.3086097240447998,0.3532366765042146,,,,3.207544531109175e-05,,
train_step,16,217,8002,15633,0.40144458413124084,0.35345883276056034,,,,3.207544531109175e-05,,
train_step,16,218,8003,15634,0.37996700406074524,0.35358042987661625,,,,3.209819966586254e-05,,
train_step,16,219,8004,15634,0.32626771926879883,0.35345571430306455,,,,3.209819966586254e-05,,
train_step,16,220,8005,15635,0.30268794298171997,0.35322495170614937,,,,3.2120961381296685e-05,,
train_step,16,221,8006,15635,0.32766836881637573,0.3531093110595893,,,,3.2120961381296685e-05,,
train_step,16,222,8007,15636,0.3209120035171509,0.35296427814273146,,,,3.214373045597924e-05,,
train_step,16,223,8008,15636,0.33840203285217285,0.3528989765943433,,,,3.214373045597924e-05,,
train_step,16,224,8009,15637,0.3016204833984375,0.35267005474971874,,,,3.216650688849475e-05,,
train_step,16,225,8010,15637,0.29383111000061035,0.35240854832861157,,,,3.216650688849475e-05,,
train_step,16,226,8011,15638,0.2905377149581909,0.35213478357918493,,,,3.218929067742719e-05,,
train_step,16,227,8012,15638,0.3897145688533783,0.35230033329404925,,,,3.218929067742719e-05,,
train_step,16,228,8013,15639,0.36671182513237,0.3523635415915857,,,,3.221208182136025e-05,,
train_step,16,229,8014,15639,0.3994525671005249,0.35256917052393916,,,,3.221208182136025e-05,,
train_step,16,230,8015,15640,0.36155158281326294,0.3526082244904145,,,,3.223488031887695e-05,,
train_step,16,231,8016,15640,0.43004414439201355,0.3529434449228889,,,,3.223488031887695e-05,,
train_step,16,232,8017,15641,0.2894541025161743,0.3526697839642393,,,,3.22576861685601e-05,,
train_step,16,233,8018,15641,0.3732973337173462,0.3527583142206904,,,,3.22576861685601e-05,,
train_step,16,234,8019,15642,0.3440784811973572,0.3527212209171719,,,,3.228049936899194e-05,,
train_step,16,235,8020,15642,0.346058189868927,0.35269286759356233,,,,3.228049936899194e-05,,
train_step,16,236,8021,15643,0.26939690113067627,0.3523399185831264,,,,3.230331991875416e-05,,
train_step,16,237,8022,15643,0.3074779510498047,0.35215062758087606,,,,3.230331991875416e-05,,
train_step,16,238,8023,15644,0.33396875858306885,0.35207423317332226,,,,3.232614781642817e-05,,
train_step,16,239,8024,15644,0.3852481245994568,0.35221303606631865,,,,3.232614781642817e-05,,
train_step,16,240,8025,15645,0.30683475732803345,0.35202395990490915,,,,3.234898306059468e-05,,
train_step,16,241,8026,15645,0.4215799868106842,0.3523125741244352,,,,3.234898306059468e-05,,
train_step,16,242,8027,15646,0.3628477156162262,0.35235610776696324,,,,3.237182564983426e-05,,
train_step,16,243,8028,15646,0.30328094959259033,0.3521541523835296,,,,3.237182564983426e-05,,
train_step,16,244,8029,15647,0.38952553272247314,0.35230731377836133,,,,3.239467558272683e-05,,
train_step,16,245,8030,15647,0.36827462911605835,0.3523724864940254,,,,3.239467558272683e-05,,
train_step,16,246,8031,15648,0.31398317217826843,0.35221643237079064,,,,3.2417532857851794e-05,,
train_step,16,247,8032,15648,0.3293234705924988,0.3521237483150081,,,,3.2417532857851794e-05,,
train_step,16,248,8033,15649,0.42674878239631653,0.3524246557104972,,,,3.244039747378829e-05,,
train_step,16,249,8034,15649,0.31903961300849915,0.3522905792337824,,,,3.244039747378829e-05,,
train_step,16,250,8035,15650,0.2964570224285126,0.3520672450065613,,,,3.246326942911478e-05,,
train_step,16,251,8036,15650,0.3508285582065582,0.35206230999939,,,,3.246326942911478e-05,,
train_step,16,252,8037,15651,0.30016854405403137,0.35185638235674965,,,,3.24861487224095e-05,,
train_step,16,253,8038,15651,0.3119405210018158,0.3516986121537657,,,,3.24861487224095e-05,,
train_step,16,254,8039,15652,0.39967241883277893,0.3518874854084075,,,,3.250903535225011e-05,,
train_step,16,255,8040,15652,0.3265529274940491,0.3517881342009002,,,,3.250903535225011e-05,,
train_step,16,256,8041,15653,0.3753140866756439,0.3518800324527547,,,,3.253192931721374e-05,,
train_step,16,257,8042,15653,0.33763593435287476,0.3518246079465295,,,,3.253192931721374e-05,,
train_step,16,258,8043,15654,0.3591811954975128,0.3518531218517658,,,,3.2554830615877186e-05,,
train_step,16,259,8044,15654,0.3162250816822052,0.35171556185111114,,,,3.2554830615877186e-05,,
train_step,16,260,8045,15655,0.3811275064945221,0.3518286847151243,,,,3.2577739246816725e-05,,
train_step,16,261,8046,15655,0.29890209436416626,0.3516259008440478,,,,3.2577739246816725e-05,,
train_step,16,262,8047,15656,0.3375934660434723,0.35157234193259523,,,,3.26006552086083e-05,,
train_step,16,263,8048,15656,0.33471250534057617,0.35150823609004,,,,3.26006552086083e-05,,
train_step,16,264,8049,15657,0.29072386026382446,0.35127799224221345,,,,3.262357849982719e-05,,
train_step,16,265,8050,15657,0.34367161989212036,0.3512492889503263,,,,3.262357849982719e-05,,
train_step,16,266,8051,15658,0.38986140489578247,0.3513944472809483,,,,3.2646509119048405e-05,,
train_step,16,267,8052,15658,0.30520710349082947,0.3512214609746183,,,,3.2646509119048405e-05,,
train_step,16,268,8053,15659,0.401572585105896,0.3514093383034663,,,,3.266944706484633e-05,,
train_step,16,269,8054,15659,0.35305312275886536,0.35141544902634886,,,,3.266944706484633e-05,,
train_step,16,270,8055,15660,0.2710025906562805,0.3511176236249782,,,,3.2692392335795015e-05,,
train_step,16,271,8056,15660,0.38347572088241577,0.35123702619788394,,,,3.2692392335795015e-05,,
train_step,16,272,8057,15661,0.4180324077606201,0.35148259745362925,,,,3.271534493046811e-05,,
train_step,16,273,8058,15661,0.37512636184692383,0.3515692046492091,,,,3.271534493046811e-05,,
train_step,16,274,8059,15662,0.32636845111846924,0.3514772310961772,,,,3.273830484743862e-05,,
train_step,16,275,8060,15662,0.30494225025177,0.3513080129840157,,,,3.273830484743862e-05,,
train_step,16,276,8061,15663,0.3322579562664032,0.3512389910393867,,,,3.2761272085279275e-05,,
train_step,16,277,8062,15663,0.33058565855026245,0.35116443027227795,,,,3.2761272085279275e-05,,
train_step,16,278,8063,15664,0.3168941140174866,0.3510411557533758,,,,3.278424664256221e-05,,
train_step,16,279,8064,15664,0.31045201420783997,0.3508956749593058,,,,3.278424664256221e-05,,
train_step,16,280,8065,15665,0.2929460406303406,0.3506887119795595,,,,3.280722851785915e-05,,
train_step,16,281,8066,15665,0.3200944662094116,0.35057983566009276,,,,3.280722851785915e-05,,
train_step,16,282,8067,15666,0.32459941506385803,0.3504877065090423,,,,3.2830217709741533e-05,,
train_step,16,283,8068,15666,0.34032511711120605,0.35045179629915596,,,,3.2830217709741533e-05,,
train_step,16,284,8069,15667,0.33604076504707336,0.35040105323136694,,,,3.285321421678004e-05,,
train_step,16,285,8070,15667,0.33480575680732727,0.35034633289303696,,,,3.285321421678004e-05,,
train_step,16,286,8071,15668,0.3217630684375763,0.35024639140892694,,,,3.287621803754517e-05,,
train_step,16,287,8072,15668,0.3545800745487213,0.3502614913501806,,,,3.287621803754517e-05,,
train_step,16,288,8073,15669,0.346040815114975,0.3502468362243639,,,,3.289922917060672e-05,,
train_step,16,289,8074,15669,0.30898335576057434,0.35010405601514666,,,,3.289922917060672e-05,,
train_step,16,290,8075,15670,0.3423882722854614,0.35007744986435463,,,,3.2922247614534184e-05,,
train_step,16,291,8076,15670,0.2691720426082611,0.34979942440986633,,,,3.2922247614534184e-05,,
train_step,16,292,8077,15671,0.2844666540622711,0.34957568204566225,,,,3.2945273367896716e-05,,
train_step,16,293,8078,15671,0.35973280668258667,0.34961034800005447,,,,3.2945273367896716e-05,,
train_step,16,294,8079,15672,0.37243300676345825,0.3496879760910865,,,,3.2968306429262756e-05,,
train_step,16,295,8080,15672,0.39708447456359863,0.3498486421876035,,,,3.2968306429262756e-05,,
train_step,16,296,8081,15673,0.351741224527359,0.34985503604685936,,,,3.2991346797200464e-05,,
train_step,16,297,8082,15673,0.3400490880012512,0.34982201938677315,,,,3.2991346797200464e-05,,
train_step,16,298,8083,15674,0.3214166760444641,0.34972669944267143,,,,3.301439447027741e-05,,
train_step,16,299,8084,15674,0.31314319372177124,0.34960434658072864,,,,3.301439447027741e-05,,
train_step,16,300,8085,15675,0.39075803756713867,0.34974152555068333,,,,3.3037449447060836e-05,,
train_step,16,301,8086,15675,0.39288920164108276,0.34988487331178103,,,,3.3037449447060836e-05,,
train_step,16,302,8087,15676,0.36961454153060913,0.3499502033389957,,,,3.306051172611754e-05,,
train_step,16,303,8088,15676,0.33537477254867554,0.3499020996070144,,,,3.306051172611754e-05,,
train_step,16,304,8089,15677,0.3841400146484375,0.35001472432754543,,,,3.3083581306013825e-05,,
train_step,16,305,8090,15677,0.31344276666641235,0.3498948162696401,,,,3.3083581306013825e-05,,
train_step,16,306,8091,15678,0.3381333351135254,0.3498563800567116,,,,3.310665818531544e-05,,
train_step,16,307,8092,15678,0.3401189148426056,0.3498246619289783,,,,3.310665818531544e-05,,
train_step,16,308,8093,15679,0.3624228835105896,0.34986556524580176,,,,3.312974236258783e-05,,
train_step,16,309,8094,15679,0.3425535559654236,0.34984190178534746,,,,3.312974236258783e-05,,
train_step,16,310,8095,15680,0.3356141448020935,0.3497960057950789,,,,3.315283383639584e-05,,
train_step,16,311,8096,15680,0.33863314986228943,0.34976011236764226,,,,3.315283383639584e-05,,
train_step,16,312,8097,15681,0.3909999132156372,0.34989229121651405,,,,3.3175932605304065e-05,,
train_step,16,313,8098,15681,0.3975968062877655,0.350044701807796,,,,3.3175932605304065e-05,,
train_step,16,314,8099,15682,0.35654008388519287,0.3500653877379788,,,,3.319903866787648e-05,,
train_step,16,315,8100,15682,0.3066195547580719,0.3499274644586775,,,,3.319903866787648e-05,,
train_step,16,316,8101,15683,0.34788355231285095,0.34992099638226665,,,,3.322215202267663e-05,,
train_step,16,317,8102,15683,0.34152480959892273,0.34989450998862837,,,,3.322215202267663e-05,,
train_step,16,318,8103,15684,0.38861986994743347,0.350016287850134,,,,3.3245272668267696e-05,,
train_step,16,319,8104,15684,0.3225652575492859,0.349930234463611,,,,3.3245272668267696e-05,,
train_step,16,320,8105,15685,0.2990305721759796,0.34977117301896216,,,,3.32684006032122e-05,,
train_step,16,321,8106,15685,0.38491547107696533,0.34988065681353536,,,,3.32684006032122e-05,,
train_step,16,322,8107,15686,0.34563183784484863,0.34986746172357047,,,,3.3291535826072494e-05,,
train_step,16,323,8108,15686,0.2622295618057251,0.349596136956023,,,,3.3291535826072494e-05,,
train_step,16,324,8109,15687,0.31570371985435486,0.34949153073040057,,,,3.331467833541033e-05,,
train_step,16,325,8110,15687,0.37327778339385986,0.34956471920013427,,,,3.331467833541033e-05,,
train_step,16,326,8111,15688,0.29676327109336853,0.34940275156790496,,,,3.3337828129786936e-05,,
train_step,16,327,8112,15688,0.36758628487586975,0.3494583587034033,,,,3.3337828129786936e-05,,
train_step,16,328,8113,15689,0.3504912257194519,0.34946150768820833,,,,3.336098520776323e-05,,
train_step,16,329,8114,15689,0.36150941252708435,0.34949812745975506,,,,3.336098520776323e-05,,
train_step,16,330,8115,15690,0.23971864581108093,0.34916546236385,,,,3.3384149567899486e-05,,
train_step,16,331,8116,15690,0.3611592948436737,0.3492016975072936,,,,3.3384149567899486e-05,,
train_step,16,332,8117,15691,0.3143051862716675,0.34909658753369227,,,,3.340732120875579e-05,,
train_step,16,333,8118,15691,0.2986897826194763,0.3489452157471631,,,,3.340732120875579e-05,,
train_step,16,334,8119,15692,0.35677552223205566,0.348968659778555,,,,3.3430500128891626e-05,,
train_step,16,335,8120,15692,0.3081532120704651,0.3488468226212174,,,,3.3430500128891626e-05,,
train_step,16,336,8121,15693,0.33590930700302124,0.348808318110449,,,,3.3453686326865945e-05,,
train_step,16,337,8122,15693,0.34029334783554077,0.34878305113633945,,,,3.3453686326865945e-05,,
train_step,16,338,8123,15694,0.42850616574287415,0.34901891833931736,,,,3.347687980123744e-05,,
train_step,16,339,8124,15694,0.3567742705345154,0.3490417954844359,,,,3.347687980123744e-05,,
train_step,16,340,8125,15695,0.2911086678504944,0.34887140393257143,,,,3.350008055056404e-05,,
train_step,16,341,8126,15695,0.3057362735271454,0.3487449079489778,,,,3.350008055056404e-05,,
train_step,16,342,8127,15696,0.3697308897972107,0.34880627046900187,,,,3.352328857340373e-05,,
train_step,16,343,8128,15696,0.3080882430076599,0.34868755901867726,,,,3.352328857340373e-05,,
train_step,16,344,8129,15697,0.36380279064178467,0.3487314986454886,,,,3.354650386831354e-05,,
train_step,16,345,8130,15697,0.322074294090271,0.3486542313859083,,,,3.354650386831354e-05,,
train_step,16,346,8131,15698,0.3400925397872925,0.34862948661250187,,,,3.356972643385032e-05,,
train_step,16,347,8132,15698,0.330798476934433,0.3485781004174642,,,,3.356972643385032e-05,,
train_step,16,348,8133,15699,0.39867734909057617,0.3487220637757203,,,,3.359295626857035e-05,,
train_step,16,349,8134,15699,0.29777342081069946,0.3485760791253907,,,,3.359295626857035e-05,,
train_step,16,350,8135,15700,0.3299828767776489,0.34852295569011144,,,,3.361619337102949e-05,,
train_step,16,351,8136,15700,0.33172133564949036,0.34847508782674785,,,,3.361619337102949e-05,,
train_step,16,352,8137,15701,0.35893213748931885,0.3485047953541983,,,,3.363943773978327e-05,,
train_step,16,353,8138,15701,0.3236192762851715,0.3484342981330396,,,,3.363943773978327e-05,,
train_step,16,354,8139,15702,0.34256523847579956,0.3484177188684711,,,,3.366268937338656e-05,,
train_step,16,355,8140,15702,0.35778117179870605,0.3484440947922183,,,,3.366268937338656e-05,,
train_step,16,356,8141,15703,0.3421522080898285,0.3484264209531666,,,,3.368594827039395e-05,,
train_step,16,357,8142,15703,0.3512330949306488,0.3484342827850363,,,,3.368594827039395e-05,,
train_step,16,358,8143,15704,0.3473454713821411,0.3484312414124025,,,,3.370921442935943e-05,,
train_step,16,359,8144,15704,0.30512118339538574,0.3483106005822716,,,,3.370921442935943e-05,,
train_step,16,360,8145,15705,0.3235182762145996,0.3482417330145836,,,,3.373248784883663e-05,,
train_step,16,361,8146,15705,0.3530347943305969,0.3482550101927443,,,,3.373248784883663e-05,,
train_step,16,362,8147,15706,0.33822354674339294,0.34822729896774607,,,,3.3755768527378826e-05,,
train_step,16,363,8148,15706,0.33160337805747986,0.34818150304237344,,,,3.3755768527378826e-05,,
train_step,16,364,8149,15707,0.29311108589172363,0.34803021068756396,,,,3.3779056463538614e-05,,
train_step,16,365,8150,15707,0.3326402008533478,0.34798804627705926,,,,3.3779056463538614e-05,,
train_step,16,366,8151,15708,0.32375314831733704,0.3479218307088633,,,,3.380235165586832e-05,,
train_step,16,367,8152,15708,0.3032538592815399,0.34780011961505586,,,,3.380235165586832e-05,,
train_step,16,368,8153,15709,0.38217806816101074,0.347893537953496,,,,3.3825654102919705e-05,,
train_step,16,369,8154,15709,0.3525962233543396,0.34790628235837634,,,,3.3825654102919705e-05,,
train_step,16,370,8155,15710,0.3656521439552307,0.3479542441464759,,,,3.3848963803244094e-05,,
train_step,16,371,8156,15710,0.36800116300582886,0.34800827896819925,,,,3.3848963803244094e-05,,
train_step,16,372,8157,15711,0.33202508091926575,0.34796531338204617,,,,3.3872280755392564e-05,,
train_step,16,373,8158,15711,0.3245854377746582,0.347902632750391,,,,3.3872280755392564e-05,,
train_step,16,374,8159,15712,0.3326875865459442,0.3478619508086679,,,,3.3895604957915414e-05,,
train_step,16,375,8160,15712,0.3742126524448395,0.3479322193463643,,,,3.3895604957915414e-05,,
train_step,16,376,8161,15713,0.32122737169265747,0.34786119581537045,,,,3.391893640936273e-05,,
train_step,16,377,8162,15713,0.319294273853302,0.3477854214865586,,,,3.391893640936273e-05,,
train_step,16,378,8163,15714,0.3251681327819824,0.3477255873894565,,,,3.394227510828404e-05,,
train_step,16,379,8164,15714,0.420864462852478,0.3479185659526835,,,,3.394227510828404e-05,,
train_step,16,380,8165,15715,0.27117598056793213,0.34771661178061836,,,,3.396562105322839e-05,,
train_step,16,381,8166,15715,0.35435599088668823,0.3477340379724978,,,,3.396562105322839e-05,,
train_step,16,382,8167,15716,0.29967060685157776,0.3476082174721813,,,,3.3988974242744564e-05,,
train_step,16,383,8168,15716,0.41900748014450073,0.34779463852354503,,,,3.3988974242744564e-05,,
train_step,16,384,8169,15717,0.36990591883659363,0.3478522199826936,,,,3.4012334675380744e-05,,
train_step,16,385,8170,15717,0.3255468010902405,0.34779428382972616,,,,3.4012334675380744e-05,,
train_step,16,386,8171,15718,0.36721813678741455,0.3478446046923109,,,,3.403570234968461e-05,,
train_step,16,387,8172,15718,0.33152103424072266,0.3478024249237021,,,,3.403570234968461e-05,,
train_step,16,388,8173,15719,0.32619068026542664,0.3477467245508715,,,,3.405907726420354e-05,,
train_step,16,389,8174,15719,0.3788614571094513,0.347826711009891,,,,3.405907726420354e-05,,
train_step,16,390,8175,15720,0.32824963331222534,0.3477765133747688,,,,3.40824594174843e-05,,
train_step,16,391,8176,15720,0.3568422496318817,0.3477996994010018,,,,3.40824594174843e-05,,
train_step,16,392,8177,15721,0.4325767457485199,0.34801596737637813,,,,3.410584880807337e-05,,
train_step,16,393,8178,15721,0.3350570499897003,0.34798299303188274,,,,3.410584880807337e-05,,
train_step,16,394,8179,15722,0.4033386707305908,0.3481234896757881,,,,3.412924543451675e-05,,
train_step,16,395,8180,15722,0.34142452478408813,0.34810653027099897,,,,3.412924543451675e-05,,
train_step,16,396,8181,15723,0.2975265085697174,0.3479788029434705,,,,3.415264929535984e-05,,
train_step,16,397,8182,15723,0.34349584579467773,0.3479675108599723,,,,3.415264929535984e-05,,
train_step,16,398,8183,15724,0.33502984046936035,0.34793500415044815,,,,3.417606038914779e-05,,
train_step,16,399,8184,15724,0.3460236191749573,0.34793021371191307,,,,3.417606038914779e-05,,
train_step,16,400,8185,15725,0.3895108103752136,0.34803416520357133,,,,3.419947871442507e-05,,
train_step,16,401,8186,15725,0.40251293778419495,0.3481700224918023,,,,3.419947871442507e-05,,
train_step,16,402,8187,15726,0.3144821524620056,0.3480862218200864,,,,3.422290426973598e-05,,
train_step,16,403,8188,15726,0.31228017807006836,0.3479973730762898,,,,3.422290426973598e-05,,
train_step,16,404,8189,15727,0.38215330243110657,0.34808191745588096,,,,3.4246337053624205e-05,,
train_step,16,405,8190,15727,0.34781959652900696,0.3480812697498887,,,,3.4246337053624205e-05,,
train_step,16,406,8191,15728,0.29517826437950134,0.3479509667809961,,,,3.426977706463293e-05,,
train_step,16,407,8192,15728,0.30384546518325806,0.3478425994552031,,,,3.426977706463293e-05,,
train_step,16,408,8193,15729,0.336145281791687,0.347813929558969,,,,3.429322430130506e-05,,
train_step,16,409,8194,15729,0.32986706495285034,0.3477700496944064,,,,3.429322430130506e-05,,
train_step,16,410,8195,15730,0.37875238060951233,0.3478456163551749,,,,3.431667876218283e-05,,
train_step,16,411,8196,15730,0.34504586458206177,0.34783880430706515,,,,3.431667876218283e-05,,
train_step,16,412,8197,15731,0.3204770088195801,0.34777239218209555,,,,3.4340140445808236e-05,,
train_step,16,413,8198,15731,0.33948516845703125,0.3477523262650857,,,,3.4340140445808236e-05,,
train_step,16,414,8199,15732,0.41044890880584717,0.34790376728571554,,,,3.436360935072279e-05,,
train_step,16,415,8200,15732,0.3898238241672516,0.34800477947097225,,,,3.436360935072279e-05,,
train_step,16,416,8201,15733,0.35269075632095337,0.3480160438384001,,,,3.43870854754674e-05,,
train_step,16,417,8202,15733,0.3988715708255768,0.3481379995386092,,,,3.43870854754674e-05,,
train_step,16,418,8203,15734,0.3154241740703583,0.34805973679825447,,,,3.4410568818582694e-05,,
train_step,16,419,8204,15734,0.35411378741264343,0.3480741856064034,,,,3.4410568818582694e-05,,
train_step,16,420,8205,15735,0.34050804376602173,0.3480561709829739,,,,3.443405937860865e-05,,
train_step,16,421,8206,15735,0.35863518714904785,0.3480812992874064,,,,3.443405937860865e-05,,
train_step,16,422,8207,15736,0.31643274426460266,0.348006302711523,,,,3.4457557154085176e-05,,
train_step,16,423,8208,15736,0.30533844232559204,0.34790543306522054,,,,3.4457557154085176e-05,,
train_step,16,424,8209,15737,0.37397342920303345,0.3479669141881871,,,,3.448106214355132e-05,,
train_step,16,425,8210,15737,0.2775522470474243,0.3478012326184441,,,,3.448106214355132e-05,,
train_step,16,426,8211,15738,0.2876521348953247,0.3476600375533664,,,,3.450457434554595e-05,,
train_step,16,427,8212,15738,0.3181542158126831,0.34759093726825935,,,,3.450457434554595e-05,,
train_step,16,428,8213,15739,0.37117916345596313,0.347646049946268,,,,3.4528093758607275e-05,,
train_step,16,429,8214,15739,0.3266758918762207,0.34759716845892524,,,,3.4528093758607275e-05,,
train_step,16,430,8215,15740,0.3178901672363281,0.3475280824095704,,,,3.455162038127319e-05,,
train_step,16,431,8216,15740,0.33403968811035156,0.34749678683114993,,,,3.455162038127319e-05,,
train_step,16,432,8217,15741,0.29682135581970215,0.3473794825926975,,,,3.4575154212081256e-05,,
train_step,16,433,8218,15741,0.3382221758365631,0.3473583340782492,,,,3.4575154212081256e-05,,
train_step,16,434,8219,15742,0.372672975063324,0.34741666274411337,,,,3.459869524956829e-05,,
train_step,16,435,8220,15742,0.2936824858188629,0.34729313590060706,,,,3.459869524956829e-05,,
train_step,16,436,8221,15743,0.30399566888809204,0.34719382978360586,,,,3.462224349227091e-05,,
train_step,16,437,8222,15743,0.3580895662307739,0.3472187628189541,,,,3.462224349227091e-05,,
train_step,16,438,8223,15744,0.31865638494491577,0.34715355191056585,,,,3.464579893872513e-05,,
train_step,16,439,8224,15744,0.31951892375946045,0.3470906028714973,,,,3.464579893872513e-05,,
train_step,16,440,8225,15745,0.3094139099121094,0.3470049740238623,,,,3.4669361587466596e-05,,
train_step,16,441,8226,15745,0.28912270069122314,0.34687372170338016,,,,3.4669361587466596e-05,,
train_step,16,442,8227,15746,0.4040070176124573,0.34700298255385315,,,,3.469293143703057e-05,,
train_step,16,443,8228,15746,0.3361206352710724,0.34697841743583335,,,,3.469293143703057e-05,,
train_step,16,444,8229,15747,0.29272544384002686,0.3468562260538608,,,,3.471650848595172e-05,,
train_step,16,445,8230,15747,0.34193697571754456,0.346845171558723,,,,3.471650848595172e-05,,
train_step,16,446,8231,15748,0.2875349819660187,0.346712189070847,,,,3.4740092732764375e-05,,
train_step,16,447,8232,15748,0.3386290669441223,0.34669410602358364,,,,3.4740092732764375e-05,,
train_step,16,448,8233,15749,0.2823316156864166,0.3465504397505096,,,,3.476368417600231e-05,,
train_step,16,449,8234,15749,0.33499467372894287,0.34652470307785577,,,,3.476368417600231e-05,,
train_step,16,450,8235,15750,0.34691983461380005,0.34652558114793564,,,,3.478728281419893e-05,,
train_step,16,451,8236,15750,0.37402546405792236,0.3465865564980687,,,,3.478728281419893e-05,,
train_step,16,452,8237,15751,0.34809309244155884,0.34658988954219144,,,,3.481088864588731e-05,,
train_step,16,453,8238,15751,0.2842492461204529,0.3464522722277947,,,,3.481088864588731e-05,,
train_step,16,454,8239,15752,0.3107452392578125,0.34637362237543784,,,,3.4834501669599795e-05,,
train_step,16,455,8240,15752,0.27385446429252625,0.34621423961042047,,,,3.4834501669599795e-05,,
train_step,16,456,8241,15753,0.3668261170387268,0.34625944109600887,,,,3.485812188386855e-05,,
train_step,16,457,8242,15753,0.34807687997817993,0.34626341798634186,,,,3.485812188386855e-05,,
train_step,16,458,8243,15754,0.30783358216285706,0.3461795100478626,,,,3.488174928722509e-05,,
train_step,16,459,8244,15754,0.3322463631629944,0.3461491546080263,,,,3.488174928722509e-05,,
train_step,16,460,8245,15755,0.2930118143558502,0.3460336386509564,,,,3.490538387820057e-05,,
train_step,16,461,8246,15755,0.3547056317329407,0.3460524499157763,,,,3.490538387820057e-05,,
train_step,16,462,8247,15756,0.3156369924545288,0.34598661559226707,,,,3.492902565532579e-05,,
train_step,16,463,8248,15756,0.30520331859588623,0.3458985307175449,,,,3.492902565532579e-05,,
train_step,16,464,8249,15757,0.3074875473976135,0.3458157484259071,,,,3.4952674617131025e-05,,
train_step,16,465,8250,15757,0.2858642339706421,0.3456868204378313,,,,3.4952674617131025e-05,,
train_step,16,466,8251,15758,0.38258451223373413,0.3457660000339598,,,,3.497633076214599e-05,,
train_step,16,467,8252,15758,0.29348018765449524,0.34565403897961405,,,,3.497633076214599e-05,,
train_step,16,468,8253,15759,0.346788227558136,0.34565646245948267,,,,3.4999994088900154e-05,,
train_step,16,469,8254,15759,0.39037150144577026,0.34575180369399505,,,,3.4999994088900154e-05,,
train_step,16,470,8255,15760,0.28417834639549255,0.34562079633804077,,,,3.502366459592236e-05,,
train_step,16,471,8256,15760,0.36498117446899414,0.34566190117483686,,,,3.502366459592236e-05,,
train_step,16,472,8257,15761,0.36943554878234863,0.3457122690723104,,,,3.504734228174109e-05,,
train_step,16,473,8258,15761,0.32729893922805786,0.34567334025657204,,,,3.504734228174109e-05,,
train_step,16,474,8259,15762,0.32362979650497437,0.34562683489000745,,,,3.5071027144884495e-05,,
train_step,16,475,8260,15762,0.30312779545783997,0.345537363228045,,,,3.5071027144884495e-05,,
train_step,16,476,8261,15763,0.30342382192611694,0.3454488894017805,,,,3.509471918388005e-05,,
train_step,16,477,8262,15763,0.32114994525909424,0.34539794821909137,,,,3.509471918388005e-05,,
train_step,16,478,8263,15764,0.3283982276916504,0.3453623839502055,,,,3.511841839725497e-05,,
train_step,16,479,8264,15764,0.32989662885665894,0.3453300963612837,,,,3.511841839725497e-05,,
train_step,16,480,8265,15765,0.3476993441581726,0.3453350322941939,,,,3.514212478353587e-05,,
train_step,16,481,8266,15765,0.3114912509918213,0.34526467100250496,,,,3.514212478353587e-05,,
train_step,16,482,8267,15766,0.28859183192253113,0.3451470924981897,,,,3.516583834124899e-05,,
train_step,16,483,8268,15766,0.3066689968109131,0.3450674277038061,,,,3.516583834124899e-05,,
train_step,16,484,8269,15767,0.3163566291332245,0.34500810787204866,,,,3.518955906892026e-05,,
train_step,16,485,8270,15767,0.3645024299621582,0.345048302350585,,,,3.518955906892026e-05,,
train_step,16,486,8271,15768,0.3245452046394348,0.3450061149067349,,,,3.5213286965074915e-05,,
train_step,16,487,8272,15768,0.3626229166984558,0.34504228903772405,,,,3.5213286965074915e-05,,
train_step,16,488,8273,15769,0.3266463279724121,0.3450045923961968,,,,3.523702202823797e-05,,
train_step,16,489,8274,15769,0.33250051736831665,0.3449790216906183,,,,3.523702202823797e-05,,
train_step,16,490,8275,15770,0.3732801079750061,0.34503677900956603,,,,3.526076425693379e-05,,
train_step,16,491,8276,15770,0.3566983640193939,0.34506052969186707,,,,3.526076425693379e-05,,
train_step,16,492,8277,15771,0.33314770460128784,0.34503631663273987,,,,3.528451364968639e-05,,
train_step,16,493,8278,15771,0.32340043783187866,0.34499243046884365,,,,3.528451364968639e-05,,
train_step,16,494,8279,15772,0.33636513352394104,0.34497496630498753,,,,3.53082702050195e-05,,
train_step,16,495,8280,15772,0.34042155742645264,0.34496576749917235,,,,3.53082702050195e-05,,
train_step,16,496,8281,15773,0.33969783782958984,0.3449551466732256,,,,3.533203392145609e-05,,
train_step,16,497,8282,15773,0.2832458019256592,0.3448309830017013,,,,3.533203392145609e-05,,
train_step,16,498,8283,15774,0.31212878227233887,0.34476531593196363,,,,3.5355804797518934e-05,,
train_step,16,499,8284,15774,0.37555360794067383,0.344827015915949,,,,3.5355804797518934e-05,,
train_step,16,500,8285,15775,0.3146987855434418,0.344766759455204,,,,3.537958283173022e-05,,
train_step,16,501,8286,15775,0.36683404445648193,0.3448108059322525,,,,3.537958283173022e-05,,
train_step,16,502,8287,15776,0.28463923931121826,0.3446909422537245,,,,3.54033680226117e-05,,
train_step,16,503,8288,15776,0.34623852372169495,0.34469401895644414,,,,3.54033680226117e-05,,
train_step,16,504,8289,15777,0.3219078779220581,0.3446488083591537,,,,3.542716036868485e-05,,
train_step,16,505,8290,15777,0.3179587721824646,0.34459595680236815,,,,3.542716036868485e-05,,
train_step,16,506,8291,15778,0.3131552040576935,0.34453382092737866,,,,3.545095986847054e-05,,
train_step,16,507,8292,15778,0.3139339089393616,0.34447346607138657,,,,3.545095986847054e-05,,
train_step,16,508,8293,15779,0.29729974269866943,0.34438060441120405,,,,3.5474766520489164e-05,,
train_step,16,509,8294,15779,0.3068001866340637,0.3443067725491664,,,,3.5474766520489164e-05,,
train_step,16,510,8295,15780,0.3290732502937317,0.3442769028976852,,,,3.549858032326083e-05,,
train_step,16,511,8296,15780,0.3842095136642456,0.3443550489070131,,,,3.549858032326083e-05,,
train_step,16,512,8297,15781,0.35033175349235535,0.34436672215815634,,,,3.5522401275304966e-05,,
train_step,16,513,8298,15781,0.3433336615562439,0.34436470839479977,,,,3.5522401275304966e-05,,
train_step,16,514,8299,15782,0.3341217041015625,0.34434478037088295,,,,3.554622937514083e-05,,
train_step,16,515,8300,15782,0.32158708572387695,0.34430059067253926,,,,3.554622937514083e-05,,
train_step,16,516,8301,15783,0.3100251853466034,0.34423416546841923,,,,3.55700646212871e-05,,
train_step,16,517,8302,15783,0.3768806457519531,0.3442973114650992,,,,3.55700646212871e-05,,
train_step,16,518,8303,15784,0.2803773581981659,0.3441739138719198,,,,3.559390701226196e-05,,
train_step,16,519,8304,15785,0.23317231237888336,0.34396003795382146,,,,3.5617756546583255e-05,,
epoch_summary,16,519,8304,15785,,,0.3438104260461638,0.11434887003066928,0.08521544110267873,3.5617756546583255e-05,268.6650607585907,0.08521544110267873
train_step,17,1,8305,15785,0.31528809666633606,0.31528809666633606,,,,3.5617756546583255e-05,,
train_step,17,2,8306,15786,0.33150386810302734,0.3233959823846817,,,,3.564161322276822e-05,,
train_step,17,3,8307,15786,0.34388071298599243,0.33022422591845196,,,,3.564161322276822e-05,,
train_step,17,4,8308,15787,0.34296607971191406,0.3334096893668175,,,,3.566547703933389e-05,,
train_step,17,5,8309,15787,0.38739094138145447,0.3442059397697449,,,,3.566547703933389e-05,,
train_step,17,6,8310,15788,0.32715776562690735,0.3413645774126053,,,,3.5689347994796726e-05,,
train_step,17,7,8311,15788,0.3365646004676819,0.34067886642047335,,,,3.5689347994796726e-05,,
train_step,17,8,8312,15789,0.30724334716796875,0.3364994265139103,,,,3.571322608767267e-05,,
train_step,17,9,8313,15789,0.3242618143558502,0.3351396918296814,,,,3.571322608767267e-05,,
train_step,17,10,8314,15790,0.36905205249786377,0.33853092789649963,,,,3.5737111316477364e-05,,
train_step,17,11,8315,15790,0.27192598581314087,0.33247593316164886,,,,3.5737111316477364e-05,,
train_step,17,12,8316,15791,0.37431347370147705,0.3359623948733012,,,,3.5761003679725814e-05,,
train_step,17,13,8317,15791,0.34034740924835205,0.336299703671382,,,,3.5761003679725814e-05,,
train_step,17,14,8318,15792,0.330535352230072,0.335887964282717,,,,3.578490317593285e-05,,
train_step,17,15,8319,15792,0.33664608001708984,0.3359385053316752,,,,3.578490317593285e-05,,
train_step,17,16,8320,15793,0.30031174421310425,0.3337118327617645,,,,3.580880980361271e-05,,
train_step,17,17,8321,15793,0.3429853022098541,0.3342573309645933,,,,3.580880980361271e-05,,
train_step,17,18,8322,15794,0.3012084364891052,0.33242128127151066,,,,3.58327235612791e-05,,
train_step,17,19,8323,15794,0.2873890995979309,0.3300511664465854,,,,3.58327235612791e-05,,
train_step,17,20,8324,15795,0.35063135623931885,0.3310801759362221,,,,3.58566444474455e-05,,
train_step,17,21,8325,15795,0.3607636094093323,0.33249367276827496,,,,3.58566444474455e-05,,
train_step,17,22,8326,15796,0.3830031752586365,0.33478955924510956,,,,3.588057246062464e-05,,
train_step,17,23,8327,15796,0.30117690563201904,0.33332813952280127,,,,3.588057246062464e-05,,
train_step,17,24,8328,15797,0.25788944959640503,0.3301848607758681,,,,3.5904507599329154e-05,,
train_step,17,25,8329,15797,0.3779483139514923,0.3320953989028931,,,,3.5904507599329154e-05,,
train_step,17,26,8330,15798,0.31227073073387146,0.331332911665623,,,,3.592844986207102e-05,,
train_step,17,27,8331,15798,0.3221358358860016,0.3309922792293407,,,,3.592844986207102e-05,,
train_step,17,28,8332,15799,0.3478541672229767,0.33159448951482773,,,,3.595239924736188e-05,,
train_step,17,29,8333,15799,0.29707449674606323,0.3304041449365945,,,,3.595239924736188e-05,,
train_step,17,30,8334,15800,0.34420639276504517,0.3308642198642095,,,,3.597635575371278e-05,,
train_step,17,31,8335,15800,0.35560545325279236,0.331662324167067,,,,3.597635575371278e-05,,
train_step,17,32,8336,15801,0.2846686840057373,0.33019377291202545,,,,3.600031937963441e-05,,
train_step,17,33,8337,15801,0.32816779613494873,0.33013237967635645,,,,3.600031937963441e-05,,
train_step,17,34,8338,15802,0.2771880626678467,0.3285751938819885,,,,3.602429012363716e-05,,
train_step,17,35,8339,15802,0.34362858533859253,0.32900529078074864,,,,3.602429012363716e-05,,
train_step,17,36,8340,15803,0.3374955654144287,0.3292411317427953,,,,3.604826798423073e-05,,
train_step,17,37,8341,15803,0.2925322651863098,0.32824900021424164,,,,3.604826798423073e-05,,
train_step,17,38,8342,15804,0.29999032616615295,0.3275053508971867,,,,3.607225295992457e-05,,
train_step,17,39,8343,15804,0.3006425201892853,0.32681656036621487,,,,3.607225295992457e-05,,
train_step,17,40,8344,15805,0.33858722448349,0.32711082696914673,,,,3.609624504922753e-05,,
train_step,17,41,8345,15805,0.30862343311309814,0.32665991492387725,,,,3.609624504922753e-05,,
train_step,17,42,8346,15806,0.30588117241859436,0.3261651829594657,,,,3.612024425064809e-05,,
train_step,17,43,8347,15806,0.3730146884918213,0.32725470634393916,,,,3.612024425064809e-05,,
train_step,17,44,8348,15807,0.3156745135784149,0.32699152014472266,,,,3.614425056269443e-05,,
train_step,17,45,8349,15807,0.3701689839363098,0.3279510193400913,,,,3.614425056269443e-05,,
train_step,17,46,8350,15808,0.3171370029449463,0.3277159320271533,,,,3.6168263983874016e-05,,
train_step,17,47,8351,15808,0.33153027296066284,0.327797088217228,,,,3.6168263983874016e-05,,
train_step,17,48,8352,15809,0.3222661018371582,0.3276818593343099,,,,3.619228451269411e-05,,
train_step,17,49,8353,15809,0.2881925106048584,0.32687595425819865,,,,3.619228451269411e-05,,
train_step,17,50,8354,15810,0.28020229935646057,0.3259424811601639,,,,3.621631214766133e-05,,
train_step,17,51,8355,15810,0.33748358488082886,0.3261687773115495,,,,3.621631214766133e-05,,
train_step,17,52,8356,15811,0.26584741473197937,0.3250087511080962,,,,3.624034688728197e-05,,
train_step,17,53,8357,15811,0.3068213164806366,0.3246655919641819,,,,3.624034688728197e-05,,
train_step,17,54,8358,15812,0.3081480860710144,0.3243597122254195,,,,3.626438873006199e-05,,
train_step,17,55,8359,15812,0.29037922620773315,0.3237418852069161,,,,3.626438873006199e-05,,
train_step,17,56,8360,15813,0.31520378589630127,0.323589419147798,,,,3.628843767450665e-05,,
train_step,17,57,8361,15813,0.2953692078590393,0.3230943277216794,,,,3.628843767450665e-05,,
train_step,17,58,8362,15814,0.4002224802970886,0.3244241234557382,,,,3.631249371912101e-05,,
train_step,17,59,8363,15814,0.29246485233306885,0.32388244089433704,,,,3.631249371912101e-05,,
train_step,17,60,8364,15815,0.29567989706993103,0.3234123984972636,,,,3.6336556862409455e-05,,
train_step,17,61,8365,15815,0.26771417260169983,0.3224993128268445,,,,3.6336556862409455e-05,,
train_step,17,62,8366,15816,0.2804979085922241,0.3218218708230603,,,,3.63606271028761e-05,,
train_step,17,63,8367,15816,0.33987975120544434,0.3221085038450029,,,,3.63606271028761e-05,,
train_step,17,64,8368,15817,0.32948315143585205,0.32222373271360993,,,,3.6384704439024686e-05,,
train_step,17,65,8369,15817,0.32301703095436096,0.3222359373019292,,,,3.6384704439024686e-05,,
train_step,17,66,8370,15818,0.29938679933547974,0.3218897382418315,,,,3.6408788869358266e-05,,
train_step,17,67,8371,15818,0.3191708028316498,0.32184915711630635,,,,3.6408788869358266e-05,,
train_step,17,68,8372,15819,0.33565831184387207,0.3220522329211235,,,,3.643288039237969e-05,,
train_step,17,69,8373,15819,0.39733099937438965,0.32314322953638824,,,,3.643288039237969e-05,,
train_step,17,70,8374,15820,0.3345651626586914,0.323306400009564,,,,3.6456979006591166e-05,,
train_step,17,71,8375,15820,0.3146704137325287,0.3231847664000283,,,,3.6456979006591166e-05,,
train_step,17,72,8376,15821,0.3495529890060425,0.3235509917140007,,,,3.648108471049455e-05,,
train_step,17,73,8377,15821,0.3500974476337433,0.32391464179509305,,,,3.648108471049455e-05,,
train_step,17,74,8378,15822,0.3360261917114258,0.324078311388557,,,,3.650519750259138e-05,,
train_step,17,75,8379,15822,0.3068854808807373,0.3238490736484528,,,,3.650519750259138e-05,,
train_step,17,76,8380,15823,0.38991695642471313,0.32471838789550883,,,,3.652931738138261e-05,,
train_step,17,77,8381,15823,0.30311691761016846,0.3244378493203745,,,,3.652931738138261e-05,,
train_step,17,78,8382,15824,0.34653234481811523,0.32472111208316606,,,,3.6553444345368735e-05,,
train_step,17,79,8383,15824,0.3174069821834564,0.32462852816038495,,,,3.6553444345368735e-05,,
train_step,17,80,8384,15825,0.28676989674568176,0.32415529526770115,,,,3.657757839304989e-05,,
train_step,17,81,8385,15825,0.35724902153015137,0.3245638597894598,,,,3.657757839304989e-05,,
train_step,17,82,8386,15826,0.31124764680862427,0.3244014669482301,,,,3.660171952292567e-05,,
train_step,17,83,8387,15826,0.29630374908447266,0.32406294022698,,,,3.660171952292567e-05,,
train_step,17,84,8388,15827,0.35235610604286194,0.32439976362955003,,,,3.66258677334954e-05,,
train_step,17,85,8389,15827,0.405835896730423,0.32535783578367794,,,,3.66258677334954e-05,,
train_step,17,86,8390,15828,0.3764747679233551,0.32595221871553465,,,,3.6650023023257844e-05,,
train_step,17,87,8391,15828,0.3432251811027527,0.3261507585130889,,,,3.6650023023257844e-05,,
train_step,17,88,8392,15829,0.302773654460907,0.325885109603405,,,,3.667418539071129e-05,,
train_step,17,89,8393,15829,0.2885626554489136,0.3254657561859388,,,,3.667418539071129e-05,,
train_step,17,90,8394,15830,0.3841846287250519,0.32611818810304005,,,,3.669835483435369e-05,,
train_step,17,91,8395,15830,0.3208684027194977,0.32606049815377036,,,,3.669835483435369e-05,,
train_step,17,92,8396,15831,0.3867255449295044,0.3267199008361153,,,,3.672253135268241e-05,,
train_step,17,93,8397,15831,0.2989477515220642,0.3264212755746739,,,,3.672253135268241e-05,,
train_step,17,94,8398,15832,0.346992164850235,0.3266401148222862,,,,3.67467149441946e-05,,
train_step,17,95,8399,15832,0.3421327471733093,0.3268031951628233,,,,3.67467149441946e-05,,
train_step,17,96,8400,15833,0.3446323275566101,0.32698891529192525,,,,3.6770905607386846e-05,,
train_step,17,97,8401,15833,0.42356473207473755,0.32798454226906765,,,,3.6770905607386846e-05,,
train_step,17,98,8402,15834,0.30458498001098633,0.3277457712256179,,,,3.679510334075518e-05,,
train_step,17,99,8403,15834,0.27965348958969116,0.32725999060303274,,,,3.679510334075518e-05,,
train_step,17,100,8404,15835,0.3912195563316345,0.32789958626031873,,,,3.68193081427954e-05,,
train_step,17,101,8405,15835,0.3542506694793701,0.32816048807436876,,,,3.68193081427954e-05,,
train_step,17,102,8406,15836,0.3030152916908264,0.3279139665411968,,,,3.684352001200264e-05,,
train_step,17,103,8407,15836,0.3426448702812195,0.3280569850241096,,,,3.684352001200264e-05,,
train_step,17,104,8408,15837,0.3074992299079895,0.32785931430183923,,,,3.686773894687188e-05,,
train_step,17,105,8409,15837,0.3625870943069458,0.3281900550637926,,,,3.686773894687188e-05,,
train_step,17,106,8410,15838,0.3294634521007538,0.3282020682433866,,,,3.689196494589748e-05,,
train_step,17,107,8411,15838,0.2939494848251343,0.32788195064134684,,,,3.689196494589748e-05,,
train_step,17,108,8412,15839,0.34843698143959045,0.3280722750005899,,,,3.69161980075733e-05,,
train_step,17,109,8413,15839,0.2913045883178711,0.3277349567741429,,,,3.69161980075733e-05,,
train_step,17,110,8414,15840,0.32682716846466064,0.3277267041531476,,,,3.694043813039296e-05,,
train_step,17,111,8415,15840,0.3424341082572937,0.327859203289221,,,,3.694043813039296e-05,,
train_step,17,112,8416,15841,0.3773413598537445,0.3283010082585471,,,,3.6964685312849316e-05,,
train_step,17,113,8417,15841,0.3184836506843567,0.328214128987979,,,,3.6964685312849316e-05,,
train_step,17,114,8418,15842,0.27615588903427124,0.32775747776031494,,,,3.6988939553435276e-05,,
train_step,17,115,8419,15842,0.35538366436958313,0.32799770546996077,,,,3.6988939553435276e-05,,
train_step,17,116,8420,15843,0.3086206316947937,0.32783066173051967,,,,3.701320085064287e-05,,
train_step,17,117,8421,15843,0.2756243646144867,0.32738445406286126,,,,3.701320085064287e-05,,
train_step,17,118,8422,15844,0.3531445860862732,0.32760276026644947,,,,3.703746920296394e-05,,
train_step,17,119,8423,15844,0.33587589859962463,0.3276722824373165,,,,3.703746920296394e-05,,
train_step,17,120,8424,15845,0.3330923914909363,0.32771745001276337,,,,3.7061744608889687e-05,,
train_step,17,121,8425,15845,0.284502774477005,0.32736030393395543,,,,3.7061744608889687e-05,,
train_step,17,122,8426,15846,0.3615244925022125,0.32764033826648215,,,,3.7086027066911e-05,,
train_step,17,123,8427,15846,0.34434449672698975,0.3277761444328277,,,,3.7086027066911e-05,,
train_step,17,124,8428,15847,0.31353098154067993,0.3276612640869233,,,,3.711031657551845e-05,,
train_step,17,125,8429,15847,0.39834463596343994,0.32822673106193545,,,,3.711031657551845e-05,,
train_step,17,126,8430,15848,0.29916611313819885,0.32799609123714385,,,,3.7134613133201905e-05,,
train_step,17,127,8431,15848,0.3958829641342163,0.32853063354342005,,,,3.7134613133201905e-05,,
train_step,17,128,8432,15849,0.3674696683883667,0.32883484475314617,,,,3.7158916738451e-05,,
train_step,17,129,8433,15849,0.32294997572898865,0.328789225613424,,,,3.7158916738451e-05,,
train_step,17,130,8434,15850,0.34347426891326904,0.3289021874849613,,,,3.7183227389754764e-05,,
train_step,17,131,8435,15850,0.303397536277771,0.32870749549101325,,,,3.7183227389754764e-05,,
train_step,17,132,8436,15851,0.3626323342323303,0.32896450184511417,,,,3.720754508560192e-05,,
train_step,17,133,8437,15851,0.31918594241142273,0.3288909788418533,,,,3.720754508560192e-05,,
train_step,17,134,8438,15852,0.3520158529281616,0.32906355252906455,,,,3.7231869824480804e-05,,
train_step,17,135,8439,15852,0.38849541544914246,0.3295037885506948,,,,3.7231869824480804e-05,,
train_step,17,136,8440,15853,0.3893526792526245,0.3299438539235031,,,,3.7256201604879116e-05,,
train_step,17,137,8441,15853,0.3326587677001953,0.32996367081238404,,,,3.7256201604879116e-05,,
train_step,17,138,8442,15854,0.33133840560913086,0.3299736326587373,,,,3.72805404252843e-05,,
train_step,17,139,8443,15854,0.4156378507614136,0.33058992199760545,,,,3.72805404252843e-05,,
train_step,17,140,8444,15855,0.3956163823604584,0.331054396714483,,,,3.7304886284183224e-05,,
train_step,17,141,8445,15855,0.338367760181427,0.3311062645404897,,,,3.7304886284183224e-05,,
train_step,17,142,8446,15856,0.28782910108566284,0.33080149578376555,,,,3.732923918006236e-05,,
train_step,17,143,8447,15856,0.3549671173095703,0.33097048614408586,,,,3.732923918006236e-05,,
train_step,17,144,8448,15857,0.35457026958465576,0.3311343735290898,,,,3.735359911140791e-05,,
train_step,17,145,8449,15857,0.343658447265625,0.33122074645141075,,,,3.735359911140791e-05,,
train_step,17,146,8450,15858,0.3286866545677185,0.3312033896576868,,,,3.737796607670535e-05,,
train_step,17,147,8451,15858,0.28987956047058105,0.3309222751734208,,,,3.737796607670535e-05,,
train_step,17,148,8452,15859,0.3048318028450012,0.33074598819822876,,,,3.740234007443996e-05,,
train_step,17,149,8453,15859,0.34114453196525574,0.33081577708257126,,,,3.740234007443996e-05,,
train_step,17,150,8454,15860,0.3047226369380951,0.3306418228149414,,,,3.74267211030964e-05,,
train_step,17,151,8455,15860,0.3411802649497986,0.330711613822457,,,,3.74267211030964e-05,,
train_step,17,152,8456,15861,0.3914729654788971,0.33111135955703885,,,,3.7451109161158985e-05,,
train_step,17,153,8457,15861,0.26077955961227417,0.3306516745900796,,,,3.7451109161158985e-05,,
train_step,17,154,8458,15862,0.36882656812667847,0.33089956350914845,,,,3.747550424711165e-05,,
train_step,17,155,8459,15862,0.344016432762146,0.330984188472071,,,,3.747550424711165e-05,,
train_step,17,156,8460,15863,0.27534788846969604,0.33062754552333784,,,,3.749990635943787e-05,,
train_step,17,157,8461,15863,0.31658339500427246,0.3305380923353183,,,,3.749990635943787e-05,,
train_step,17,158,8462,15864,0.33974894881248474,0.33059638889530035,,,,3.752431549662051e-05,,
train_step,17,159,8463,15864,0.3093705475330353,0.33046289303767606,,,,3.752431549662051e-05,,
train_step,17,160,8464,15865,0.35547327995300293,0.33061920795589683,,,,3.754873165714225e-05,,
train_step,17,161,8465,15865,0.30367931723594666,0.33045187944210835,,,,3.754873165714225e-05,,
train_step,17,162,8466,15866,0.2566983699798584,0.3299966108651809,,,,3.757315483948508e-05,,
train_step,17,163,8467,15866,0.28924059867858887,0.32974657398060053,,,,3.757315483948508e-05,,
train_step,17,164,8468,15867,0.40587884187698364,0.3302107951263102,,,,3.759758504213082e-05,,
train_step,17,165,8469,15867,0.30274808406829834,0.3300443544532313,,,,3.759758504213082e-05,,
train_step,17,166,8470,15868,0.3297659158706665,0.3300426771123725,,,,3.762202226356069e-05,,
train_step,17,167,8471,15868,0.2816620469093323,0.32975297273989923,,,,3.762202226356069e-05,,
train_step,17,168,8472,15869,0.35037004947662354,0.3298756934347607,,,,3.764646650225547e-05,,
train_step,17,169,8473,15869,0.34485796093940735,0.3299643459052024,,,,3.764646650225547e-05,,
train_step,17,170,8474,15870,0.306615948677063,0.32982700239209567,,,,3.7670917756695595e-05,,
train_step,17,171,8475,15870,0.37991493940353394,0.33011991430444326,,,,3.7670917756695595e-05,,
train_step,17,172,8476,15871,0.32868069410324097,0.33011154674513393,,,,3.769537602536089e-05,,
train_step,17,173,8477,15871,0.27342355251312256,0.32978387047789687,,,,3.769537602536089e-05,,
train_step,17,174,8478,15872,0.2965259850025177,0.3295927332050499,,,,3.7719841306730976e-05,,
train_step,17,175,8479,15872,0.3241124153137207,0.3295614171028137,,,,3.7719841306730976e-05,,
train_step,17,176,8480,15873,0.3645716905593872,0.3297603391110897,,,,3.774431359928494e-05,,
train_step,17,177,8481,15873,0.3652830719947815,0.32996103251721226,,,,3.774431359928494e-05,,
train_step,17,178,8482,15874,0.3042779564857483,0.3298167455732153,,,,3.776879290150132e-05,,
train_step,17,179,8483,15874,0.3067423105239868,0.3296878381148397,,,,3.776879290150132e-05,,
train_step,17,180,8484,15875,0.35602980852127075,0.32983418239487544,,,,3.779327921185842e-05,,
train_step,17,181,8485,15875,0.30962175130844116,0.3297225115048951,,,,3.779327921185842e-05,,
train_step,17,182,8486,15876,0.3153333067893982,0.32964344994052425,,,,3.7817772528833846e-05,,
train_step,17,183,8487,15876,0.32263654470443726,0.3296051608408735,,,,3.7817772528833846e-05,,
train_step,17,184,8488,15877,0.34622880816459656,0.32969550675024156,,,,3.7842272850905086e-05,,
train_step,17,185,8489,15877,0.30256444215774536,0.3295488523470389,,,,3.7842272850905086e-05,,
train_step,17,186,8490,15878,0.3174266815185547,0.3294836793855954,,,,3.786678017654902e-05,,
train_step,17,187,8491,15878,0.3155072331428528,0.32940893903135615,,,,3.786678017654902e-05,,
train_step,17,188,8492,15879,0.3030881881713867,0.32926893503742016,,,,3.789129450424201e-05,,
train_step,17,189,8493,15879,0.38294756412506104,0.3295529489479368,,,,3.789129450424201e-05,,
train_step,17,190,8494,15880,0.3765791952610016,0.3298004555074792,,,,3.791581583246019e-05,,
train_step,17,191,8495,15880,0.2901747226715088,0.32959299093765737,,,,3.791581583246019e-05,,
train_step,17,192,8496,15881,0.2882082462310791,0.3293774453923106,,,,3.794034415967893e-05,,
train_step,17,193,8497,15881,0.307966023683548,0.3292665053834569,,,,3.794034415967893e-05,,
train_step,17,194,8498,15882,0.3273438513278961,0.32925659479554165,,,,3.79648794843737e-05,,
train_step,17,195,8499,15882,0.36291933059692383,0.3294292242099077,,,,3.79648794843737e-05,,
train_step,17,196,8500,15883,0.40261733531951904,0.3298026329400588,,,,3.798942180501899e-05,,
train_step,17,197,8501,15883,0.3194754123687744,0.32975021050061065,,,,3.798942180501899e-05,,
train_step,17,198,8502,15884,0.2808205783367157,0.32950309114624754,,,,3.8013971120089193e-05,,
train_step,17,199,8503,15884,0.3001682758331299,0.3293556800140208,,,,3.8013971120089193e-05,,
train_step,17,200,8504,15885,0.34481996297836304,0.3294330014288425,,,,3.803852742805807e-05,,
train_step,17,201,8505,15885,0.3874495029449463,0.3297216407398679,,,,3.803852742805807e-05,,
train_step,17,202,8506,15886,0.3597536087036133,0.32987031384859933,,,,3.8063090727399034e-05,,
train_step,17,203,8507,15886,0.3039512634277344,0.32974263379726504,,,,3.8063090727399034e-05,,
train_step,17,204,8508,15887,0.31173890829086304,0.32965438024086113,,,,3.808766101658518e-05,,
train_step,17,205,8509,15887,0.41775694489479065,0.33008414884892906,,,,3.808766101658518e-05,,
train_step,17,206,8510,15888,0.2726704180240631,0.3298054414177404,,,,3.811223829408894e-05,,
train_step,17,207,8511,15888,0.33407431840896606,0.3298260640119009,,,,3.811223829408894e-05,,
train_step,17,208,8512,15889,0.28981298208236694,0.3296336934257012,,,,3.813682255838249e-05,,
train_step,17,209,8513,15889,0.3400282859802246,0.3296834283183066,,,,3.813682255838249e-05,,
train_step,17,210,8514,15890,0.2933184802532196,0.32951026189894905,,,,3.816141380793745e-05,,
train_step,17,211,8515,15890,0.2940869927406311,0.32934237910672953,,,,3.816141380793745e-05,,
train_step,17,212,8516,15891,0.27913540601730347,0.3291055537619681,,,,3.818601204122502e-05,,
train_step,17,213,8517,15891,0.3210213780403137,0.32906759988534057,,,,3.818601204122502e-05,,
train_step,17,214,8518,15892,0.2948434352874756,0.3289076738825468,,,,3.821061725671615e-05,,
train_step,17,215,8519,15892,0.28624117374420166,0.3287092250446941,,,,3.821061725671615e-05,,
train_step,17,216,8520,15893,0.3188145160675049,0.3286634162068367,,,,3.82352294528811e-05,,
train_step,17,217,8521,15893,0.3733392357826233,0.3288692955597205,,,,3.82352294528811e-05,,
train_step,17,218,8522,15894,0.2792617678642273,0.32864173809322744,,,,3.825984862818988e-05,,
train_step,17,219,8523,15894,0.3030107617378235,0.32852470167151326,,,,3.825984862818988e-05,,
train_step,17,220,8524,15895,0.36262768507003784,0.3286797152324156,,,,3.82844747811119e-05,,
train_step,17,221,8525,15895,0.3212439715862274,0.3286460693335641,,,,3.82844747811119e-05,,
train_step,17,222,8526,15896,0.31147947907447815,0.32856874235041506,,,,3.830910791011625e-05,,
train_step,17,223,8527,15896,0.3201352655887604,0.32853092406897266,,,,3.830910791011625e-05,,
train_step,17,224,8528,15897,0.36391693353652954,0.32868889732552425,,,,3.833374801367168e-05,,
train_step,17,225,8529,15897,0.3598608374595642,0.32882743928167557,,,,3.833374801367168e-05,,
train_step,17,226,8530,15898,0.3153917193412781,0.3287679891934437,,,,3.8358395090246266e-05,,
train_step,17,227,8531,15898,0.24921953678131104,0.32841755548237705,,,,3.8358395090246266e-05,,
train_step,17,228,8532,15899,0.38710933923721313,0.32867497558656494,,,,3.8383049138307865e-05,,
train_step,17,229,8533,15899,0.27716782689094543,0.3284500535398592,,,,3.8383049138307865e-05,,
train_step,17,230,8534,15900,0.3061157464981079,0.3283529478570689,,,,3.840771015632374e-05,,
train_step,17,231,8535,15900,0.33726510405540466,0.3283915286198323,,,,3.840771015632374e-05,,
train_step,17,232,8536,15901,0.3745070695877075,0.3285903025033145,,,,3.8432378142760764e-05,,
train_step,17,233,8537,15901,0.33527371287345886,0.3286189866679932,,,,3.8432378142760764e-05,,
train_step,17,234,8538,15902,0.34293025732040405,0.3286801459442856,,,,3.845705309608554e-05,,
train_step,17,235,8539,15902,0.2575520873069763,0.3283774733543396,,,,3.845705309608554e-05,,
train_step,17,236,8540,15903,0.33999478816986084,0.32842669926457485,,,,3.848173501476405e-05,,
train_step,17,237,8541,15903,0.2728009819984436,0.32819199159678525,,,,3.848173501476405e-05,,
train_step,17,238,8542,15904,0.33830446004867554,0.3282344809600285,,,,3.850642389726185e-05,,
train_step,17,239,8543,15904,0.3138871192932129,0.3281744501580753,,,,3.850642389726185e-05,,
train_step,17,240,8544,15905,0.37695223093032837,0.32837769091129304,,,,3.853111974204418e-05,,
train_step,17,241,8545,15905,0.3189687132835388,0.32833864951034797,,,,3.853111974204418e-05,,
train_step,17,242,8546,15906,0.315995454788208,0.32828764457347964,,,,3.855582254757565e-05,,
train_step,17,243,8547,15906,0.2876690626144409,0.328120489915212,,,,3.855582254757565e-05,,
train_step,17,244,8548,15907,0.332287460565567,0.32813756766377905,,,,3.85805323123207e-05,,
train_step,17,245,8549,15907,0.3949049115180969,0.328410087434613,,,,3.85805323123207e-05,,
train_step,17,246,8550,15908,0.2975519299507141,0.3282846477700443,,,,3.860524903474321e-05,,
train_step,17,247,8551,15908,0.2983720898628235,0.3281635442967357,,,,3.860524903474321e-05,,
train_step,17,248,8552,15909,0.27265870571136475,0.32793973446373015,,,,3.8629972713306514e-05,,
train_step,17,249,8553,15909,0.4057123363018036,0.3282520742301481,,,,3.8629972713306514e-05,,
train_step,17,250,8554,15910,0.31561827659606934,0.3282015390396118,,,,3.865470334647372e-05,,
train_step,17,251,8555,15910,0.31555992364883423,0.32815117403805494,,,,3.865470334647372e-05,,
train_step,17,252,8556,15911,0.34322047233581543,0.32821097284082384,,,,3.867944093270726e-05,,
train_step,17,253,8557,15911,0.3429107069969177,0.32826907455685583,,,,3.867944093270726e-05,,
train_step,17,254,8558,15912,0.3309497833251953,0.3282796285283847,,,,3.870418547046943e-05,,
train_step,17,255,8559,15912,0.32453715801239014,0.32826495217342005,,,,3.870418547046943e-05,,
train_step,17,256,8560,15913,0.425570011138916,0.328645050060004,,,,3.8728936958221925e-05,,
train_step,17,257,8561,15913,0.29253262281417847,0.32850453477889185,,,,3.8728936958221925e-05,,
train_step,17,258,8562,15914,0.34919285774230957,0.32858472207719963,,,,3.875369539442593e-05,,
train_step,17,259,8563,15914,0.36205947399139404,0.3287139682235865,,,,3.875369539442593e-05,,
train_step,17,260,8564,15915,0.3783584535121918,0.3289049085516196,,,,3.877846077754238e-05,,
train_step,17,261,8565,15915,0.28040140867233276,0.32871907138733114,,,,3.877846077754238e-05,,
train_step,17,262,8566,15916,0.32716137170791626,0.32871312596870744,,,,3.880323310603163e-05,,
train_step,17,263,8567,15916,0.3490098714828491,0.32879029990602354,,,,3.880323310603163e-05,,
train_step,17,264,8568,15917,0.312186062335968,0.32872740506674303,,,,3.882801237835364e-05,,
train_step,17,265,8569,15917,0.36238735914230347,0.3288544237613678,,,,3.882801237835364e-05,,
train_step,17,266,8570,15918,0.313431054353714,0.3287964411696097,,,,3.885279859296809e-05,,
train_step,17,267,8571,15918,0.30185115337371826,0.3286955224887262,,,,3.885279859296809e-05,,
train_step,17,268,8572,15919,0.26944682002067566,0.3284744452407111,,,,3.887759174833397e-05,,
train_step,17,269,8573,15919,0.2958950698375702,0.32835333232099684,,,,3.887759174833397e-05,,
train_step,17,270,8574,15920,0.2757106423377991,0.3281583593951331,,,,3.890239184291006e-05,,
train_step,17,271,8575,15920,0.3128889501094818,0.32810201471142225,,,,3.890239184291006e-05,,
train_step,17,272,8576,15921,0.2951146066188812,0.3279807374757879,,,,3.892719887515453e-05,,
train_step,17,273,8577,15921,0.299022912979126,0.327874664858584,,,,3.892719887515453e-05,,
train_step,17,274,8578,15922,0.3132480978965759,0.3278212832273358,,,,3.895201284352522e-05,,
train_step,17,275,8579,15922,0.289109468460083,0.3276805129918185,,,,3.895201284352522e-05,,
train_step,17,276,8580,15923,0.3683890700340271,0.32782800776371057,,,,3.8976833746479585e-05,,
train_step,17,277,8581,15923,0.3457150459289551,0.32789258190871146,,,,3.8976833746479585e-05,,
train_step,17,278,8582,15924,0.3245967924594879,0.32788072655098044,,,,3.900166158247461e-05,,
train_step,17,279,8583,15924,0.3673620820045471,0.328022236785581,,,,3.900166158247461e-05,,
train_step,17,280,8584,15925,0.29001298546791077,0.3278864894594465,,,,3.902649634996672e-05,,
train_step,17,281,8585,15925,0.31257081031799316,0.32783198526321355,,,,3.902649634996672e-05,,
train_step,17,282,8586,15926,0.3442096710205078,0.32789006216306216,,,,3.9051338047412114e-05,,
train_step,17,283,8587,15926,0.37434136867523193,0.3280542010553313,,,,3.9051338047412114e-05,,
train_step,17,284,8588,15927,0.3251543641090393,0.32804399036185844,,,,3.907618667326634e-05,,
train_step,17,285,8589,15927,0.3151918947696686,0.32799889528960513,,,,3.907618667326634e-05,,
train_step,17,286,8590,15928,0.3472825884819031,0.3280663207902775,,,,3.910104222598476e-05,,
train_step,17,287,8591,15928,0.2808375656604767,0.327901760667874,,,,3.910104222598476e-05,,
train_step,17,288,8592,15929,0.3306727409362793,0.32791138212713933,,,,3.912590470402218e-05,,
train_step,17,289,8593,15929,0.3065792918205261,0.32783756866587077,,,,3.912590470402218e-05,,
train_step,17,290,8594,15930,0.30037355422973633,0.3277428651678151,,,,3.915077410583289e-05,,
train_step,17,291,8595,15930,0.35242122411727905,0.32782767052502976,,,,3.915077410583289e-05,,
train_step,17,292,8596,15931,0.36848700046539307,0.32796691480564744,,,,3.9175650429870943e-05,,
train_step,17,293,8597,15931,0.3046893775463104,0.327887469285991,,,,3.9175650429870943e-05,,
train_step,17,294,8598,15932,0.3255472183227539,0.3278795092487011,,,,3.920053367458971e-05,,
train_step,17,295,8599,15932,0.3255138397216797,0.3278714900299654,,,,3.920053367458971e-05,,
train_step,17,296,8600,15933,0.3275127708911896,0.3278702781409831,,,,3.9225423838442415e-05,,
train_step,17,297,8601,15933,0.3042076826095581,0.3277906061021567,,,,3.9225423838442415e-05,,
train_step,17,298,8602,15934,0.3385906219482422,0.32782684776606974,,,,3.925032091988172e-05,,
train_step,17,299,8603,15934,0.2995576858520508,0.32773230207404963,,,,3.925032091988172e-05,,
train_step,17,300,8604,15935,0.3184790313243866,0.3277014578382174,,,,3.927522491735976e-05,,
train_step,17,301,8605,15935,0.3393476605415344,0.3277401495415507,,,,3.927522491735976e-05,,
train_step,17,302,8606,15936,0.29076647758483887,0.3276177201642106,,,,3.9300135829328416e-05,,
train_step,17,303,8607,15936,0.3095840811729431,0.3275582032038434,,,,3.9300135829328416e-05,,
train_step,17,304,8608,15937,0.3865559697151184,0.32775227480420943,,,,3.932505365423892e-05,,
train_step,17,305,8609,15937,0.2945750653743744,0.32764349706837387,,,,3.932505365423892e-05,,
train_step,17,306,8610,15938,0.2948225736618042,0.3275362391487446,,,,3.9349978390542376e-05,,
train_step,17,307,8611,15938,0.2791796624660492,0.32737872586964784,,,,3.9349978390542376e-05,,
train_step,17,308,8612,15939,0.34520652890205383,0.32743660834702576,,,,3.9374910036689255e-05,,
train_step,17,309,8613,15939,0.36836889386177063,0.3275690752904392,,,,3.9374910036689255e-05,,
train_step,17,310,8614,15940,0.36875247955322266,0.3277019249816095,,,,3.939984859112955e-05,,
train_step,17,311,8615,15940,0.37970292568206787,0.3278691307716431,,,,3.939984859112955e-05,,
train_step,17,312,8616,15941,0.29425740242004395,0.32776140087308026,,,,3.942479405231302e-05,,
train_step,17,313,8617,15941,0.3373904526233673,0.3277921646166914,,,,3.942479405231302e-05,,
train_step,17,314,8618,15942,0.313273549079895,0.32774592698759336,,,,3.944974641868869e-05,,
train_step,17,315,8619,15942,0.3011007308959961,0.32766133906349304,,,,3.944974641868869e-05,,
train_step,17,316,8620,15943,0.3702542185783386,0.32779612665689445,,,,3.947470568870563e-05,,
train_step,17,317,8621,15943,0.32635241746902466,0.32779157236923556,,,,3.947470568870563e-05,,
train_step,17,318,8622,15944,0.3682573735713959,0.32791882331641214,,,,3.949967186081201e-05,,
train_step,17,319,8623,15944,0.3184172213077545,0.32788903773017813,,,,3.949967186081201e-05,,
train_step,17,320,8624,15945,0.3822352886199951,0.3280588697642088,,,,3.952464493345586e-05,,
train_step,17,321,8625,15945,0.34342920780181885,0.32810675243722315,,,,3.952464493345586e-05,,
train_step,17,322,8626,15946,0.2980644404888153,0.3280134533317933,,,,3.9549624905084585e-05,,
train_step,17,323,8627,15946,0.30432868003845215,0.3279401258602969,,,,3.9549624905084585e-05,,
train_step,17,324,8628,15947,0.3355165123939514,0.3279635097693514,,,,3.957461177414528e-05,,
train_step,17,325,8629,15947,0.4472079873085022,0.32833041585408723,,,,3.957461177414528e-05,,
train_step,17,326,8630,15948,0.2638872265815735,0.3281327373593863,,,,3.9599605539084714e-05,,
train_step,17,327,8631,15948,0.28421705961227417,0.3279984386506795,,,,3.9599605539084714e-05,,
train_step,17,328,8632,15949,0.3096533417701721,0.32794250847726336,,,,3.962460619834897e-05,,
train_step,17,329,8633,15949,0.32518690824508667,0.32793413279266703,,,,3.962460619834897e-05,,
train_step,17,330,8634,15950,0.3243476450443268,0.3279232646479751,,,,3.964961375038391e-05,,
train_step,17,331,8635,15950,0.3001059591770172,0.32783922445017766,,,,3.964961375038391e-05,,
train_step,17,332,8636,15951,0.3029128909111023,0.32776414513228885,,,,3.967462819363483e-05,,
train_step,17,333,8637,15951,0.34058767557144165,0.32780265423270677,,,,3.967462819363483e-05,,
train_step,17,334,8638,15952,0.2810654044151306,0.32766272234702537,,,,3.9699649526546637e-05,,
train_step,17,335,8639,15952,0.3834694027900696,0.3278293094528255,,,,3.9699649526546637e-05,,
train_step,17,336,8640,15953,0.27170825004577637,0.32766228249030455,,,,3.972467774756399e-05,,
train_step,17,337,8641,15953,0.33420097827911377,0.32768168514843155,,,,3.972467774756399e-05,,
train_step,17,338,8642,15954,0.32820749282836914,0.32768324079245503,,,,3.9749712855130836e-05,,
train_step,17,339,8643,15954,0.36080119013786316,0.3277809338583707,,,,3.9749712855130836e-05,,
train_step,17,340,8644,15955,0.40533381700515747,0.32800903057350833,,,,3.977475484769088e-05,,
train_step,17,341,8645,15955,0.31033051013946533,0.32795718740508006,,,,3.977475484769088e-05,,
train_step,17,342,8646,15956,0.2702689468860626,0.32778850833923495,,,,3.979980372368727e-05,,
train_step,17,343,8647,15956,0.29594874382019043,0.3276956810374302,,,,3.979980372368727e-05,,
train_step,17,344,8648,15957,0.322684645652771,0.32768111407410266,,,,3.98248594815628e-05,,
train_step,17,345,8649,15957,0.38316842913627625,0.32784194687138435,,,,3.98248594815628e-05,,
train_step,17,346,8650,15958,0.3700982332229614,0.3279640748666201,,,,3.9849922119759975e-05,,
train_step,17,347,8651,15958,0.3326510190963745,0.3279775819105099,,,,3.9849922119759975e-05,,
train_step,17,348,8652,15959,0.3057734966278076,0.3279137770677435,,,,3.9874991636720564e-05,,
train_step,17,349,8653,15959,0.2993948459625244,0.3278320609327715,,,,3.9874991636720564e-05,,
train_step,17,350,8654,15960,0.2961631417274475,0.3277415783064706,,,,3.99000680308862e-05,,
train_step,17,351,8655,15960,0.313770592212677,0.327701774927286,,,,3.99000680308862e-05,,
train_step,17,352,8656,15961,0.2879316508769989,0.32758879162032495,,,,3.992515130069786e-05,,
train_step,17,353,8657,15961,0.40421393513679504,0.32780586001555573,,,,3.992515130069786e-05,,
train_step,17,354,8658,15962,0.31312787532806396,0.3277643967819753,,,,3.995024144459619e-05,,
train_step,17,355,8659,15962,0.3294331431388855,0.3277690974759384,,,,3.995024144459619e-05,,
train_step,17,356,8660,15963,0.34995290637016296,0.327831411545866,,,,3.9975338461021535e-05,,
train_step,17,357,8661,15963,0.3148040175437927,0.3277949202461403,,,,3.9975338461021535e-05,,
train_step,17,358,8662,15964,0.2845810651779175,0.32767421115377093,,,,4.000044234841361e-05,,
train_step,17,359,8663,15964,0.3272954821586609,0.3276731561983528,,,,4.000044234841361e-05,,
train_step,17,360,8664,15965,0.28523820638656616,0.3275552813377645,,,,4.002555310521178e-05,,
train_step,17,361,8665,15965,0.3841880261898041,0.32771215874732695,,,,4.002555310521178e-05,,
train_step,17,362,8666,15966,0.2984861731529236,0.3276314239804916,,,,4.005067072985506e-05,,
train_step,17,363,8667,15966,0.29807353019714355,0.32754999727585427,,,,4.005067072985506e-05,,
train_step,17,364,8668,15967,0.350716233253479,0.3276136407812873,,,,4.0075795220781834e-05,,
train_step,17,365,8669,15967,0.3190847635269165,0.327590273994289,,,,4.0075795220781834e-05,,
train_step,17,366,8670,15968,0.27983778715133667,0.32745980271876185,,,,4.0100926576430314e-05,,
train_step,17,367,8671,15968,0.285809725522995,0.32734631476999954,,,,4.0100926576430314e-05,,
train_step,17,368,8672,15969,0.32468071579933167,0.32733907129453577,,,,4.012606479523818e-05,,
train_step,17,369,8673,15969,0.26087695360183716,0.32715895715444715,,,,4.012606479523818e-05,,
train_step,17,370,8674,15970,0.27684855461120605,0.32702298309351946,,,,4.015120987564254e-05,,
train_step,17,371,8675,15970,0.4112057089805603,0.3272498907104657,,,,4.015120987564254e-05,,
train_step,17,372,8676,15971,0.31700828671455383,0.3272223595169283,,,,4.017636181608036e-05,,
train_step,17,373,8677,15971,0.27990609407424927,0.3270955062583688,,,,4.017636181608036e-05,,
train_step,17,374,8678,15972,0.2704487442970276,0.3269440443279909,,,,4.020152061498783e-05,,
train_step,17,375,8679,15972,0.3349454402923584,0.32696538138389586,,,,4.020152061498783e-05,,
train_step,17,376,8680,15973,0.31900638341903687,0.326944213836117,,,,4.022668627080107e-05,,
train_step,17,377,8681,15973,0.3470585346221924,0.3269975674721543,,,,4.022668627080107e-05,,
train_step,17,378,8682,15974,0.3460600972175598,0.3270479974450258,,,,4.0251858781955594e-05,,
train_step,17,379,8683,15974,0.3301895558834076,0.3270562865174226,,,,4.0251858781955594e-05,,
train_step,17,380,8684,15975,0.28191447257995605,0.3269374922702187,,,,4.027703814688644e-05,,
train_step,17,381,8685,15975,0.40619683265686035,0.327145522035013,,,,4.027703814688644e-05,,
train_step,17,382,8686,15976,0.2984654903411865,0.3270704434180135,,,,4.0302224364028354e-05,,
train_step,17,383,8687,15976,0.3509284555912018,0.3271327358779957,,,,4.0302224364028354e-05,,
train_step,17,384,8688,15977,0.3355923295021057,0.32715476606972516,,,,4.0327417431815475e-05,,
train_step,17,385,8689,15977,0.34918516874313354,0.3272119878948509,,,,4.0327417431815475e-05,,
train_step,17,386,8690,15978,0.3280670642852783,0.3272142031186603,,,,4.0352617348681753e-05,,
train_step,17,387,8691,15978,0.2913912236690521,0.3271216372802892,,,,4.0352617348681753e-05,,
train_step,17,388,8692,15979,0.3305774927139282,0.32713054412419035,,,,4.037782411306059e-05,,
train_step,17,389,8693,15979,0.3588414490222931,0.32721206315991813,,,,4.037782411306059e-05,,
train_step,17,390,8694,15980,0.28387555480003357,0.32710094390771327,,,,4.040303772338487e-05,,
train_step,17,391,8695,15980,0.3209168314933777,0.32708512776343107,,,,4.040303772338487e-05,,
train_step,17,392,8696,15981,0.32739710807800293,0.3270859236315805,,,,4.042825817808725e-05,,
train_step,17,393,8697,15981,0.3476073741912842,0.32713814106303013,,,,4.042825817808725e-05,,
train_step,17,394,8698,15982,0.3032307028770447,0.32707746228590834,,,,4.0453485475599697e-05,,
train_step,17,395,8699,15982,0.3969790041446686,0.3272544282146647,,,,4.0453485475599697e-05,,
train_step,17,396,8700,15983,0.3448126018047333,0.32729876703686184,,,,4.047871961435405e-05,,
train_step,17,397,8701,15983,0.3001563549041748,0.32723039824055783,,,,4.047871961435405e-05,,
train_step,17,398,8702,15984,0.30917996168136597,0.32718504538488147,,,,4.0503960592781576e-05,,
train_step,17,399,8703,15984,0.3020445704460144,0.3271220366757615,,,,4.0503960592781576e-05,,
train_step,17,400,8704,15985,0.31111350655555725,0.327082015350461,,,,4.052920840931306e-05,,
train_step,17,401,8705,15985,0.36020779609680176,0.3271646232824968,,,,4.052920840931306e-05,,
train_step,17,402,8706,15986,0.31424447894096375,0.3271324836199556,,,,4.055446306237896e-05,,
train_step,17,403,8707,15986,0.295083612203598,0.3270529578844312,,,,4.055446306237896e-05,,
train_step,17,404,8708,15987,0.3075132369995117,0.32700459223867645,,,,4.057972455040921e-05,,
train_step,17,405,8709,15987,0.3438287377357483,0.3270461333386692,,,,4.057972455040921e-05,,
train_step,17,406,8710,15988,0.32107770442962646,0.3270314327748538,,,,4.060499287183353e-05,,
train_step,17,407,8711,15988,0.34033387899398804,0.3270641169178984,,,,4.060499287183353e-05,,
train_step,17,408,8712,15989,0.33806556463241577,0.327091081250532,,,,4.0630268025080946e-05,,
train_step,17,409,8713,15989,0.29715484380722046,0.3270178875159518,,,,4.0630268025080946e-05,,
train_step,17,410,8714,15990,0.3167257308959961,0.3269927846949275,,,,4.065555000858027e-05,,
train_step,17,411,8715,15990,0.3107699453830719,0.3269533130664315,,,,4.065555000858027e-05,,
train_step,17,412,8716,15991,0.2957513928413391,0.3268775802503512,,,,4.0680838820759695e-05,,
train_step,17,413,8717,15991,0.29244351387023926,0.3267942047869611,,,,4.0680838820759695e-05,,
train_step,17,414,8718,15992,0.3137340545654297,0.32676265853038733,,,,4.0706134460047114e-05,,
train_step,17,415,8719,15992,0.2940256893634796,0.3266837742673345,,,,4.0706134460047114e-05,,
train_step,17,416,8720,15993,0.35708189010620117,0.326756846661178,,,,4.0731436924870084e-05,,
train_step,17,417,8721,15993,0.29030680656433105,0.32666943649308,,,,4.0731436924870084e-05,,
train_step,17,418,8722,15994,0.28098562359809875,0.32656014507467096,,,,4.0756746213655545e-05,,
train_step,17,419,8723,15994,0.3892633318901062,0.326709794685209,,,,4.0756746213655545e-05,,
train_step,17,420,8724,15995,0.34415626525878906,0.32675133390086036,,,,4.078206232483013e-05,,
train_step,17,421,8725,15995,0.35898536443710327,0.3268278992940581,,,,4.078206232483013e-05,,
train_step,17,422,8726,15996,0.3744056224822998,0.32694064271393547,,,,4.0807385256819973e-05,,
train_step,17,423,8727,15996,0.36292997002601624,0.32702572386597345,,,,4.0807385256819973e-05,,
train_step,17,424,8728,15997,0.3304821252822876,0.32703387575610626,,,,4.0832715008050805e-05,,
train_step,17,425,8729,15997,0.36161065101623535,0.3271152328743654,,,,4.0832715008050805e-05,,
train_step,17,426,8730,15998,0.29604899883270264,0.32704230744234275,,,,4.08580515769481e-05,,
train_step,17,427,8731,15998,0.30377280712127686,0.32698781212543154,,,,4.08580515769481e-05,,
train_step,17,428,8732,15999,0.34383100271224976,0.3270271653744662,,,,4.0883394961936645e-05,,
train_step,17,429,8733,15999,0.3300721049308777,0.32703426313566997,,,,4.0883394961936645e-05,,
train_step,17,430,8734,16000,0.3003958463668823,0.32697231332923093,,,,4.090874516144097e-05,,
train_step,17,431,8735,16000,0.3614349067211151,0.32705227294266914,,,,4.090874516144097e-05,,
train_step,17,432,8736,16001,0.3308223783969879,0.3270610000386282,,,,4.093410217388508e-05,,
train_step,17,433,8737,16001,0.3210355043411255,0.32704708434417673,,,,4.093410217388508e-05,,
train_step,17,434,8738,16002,0.33753329515457153,0.3270712461202375,,,,4.0959465997692594e-05,,
train_step,17,435,8739,16002,0.3184567391872406,0.32705144265602376,,,,4.0959465997692594e-05,,
train_step,17,436,8740,16003,0.3434230089187622,0.3270889921199291,,,,4.0984836631286865e-05,,
train_step,17,437,8741,16003,0.340194433927536,0.3271189816892829,,,,4.0984836631286865e-05,,
train_step,17,438,8742,16004,0.2886963486671448,0.3270312587828397,,,,4.1010214073090535e-05,,
train_step,17,439,8743,16004,0.3663375973701477,0.32712079486162626,,,,4.1010214073090535e-05,,
train_step,17,440,8744,16005,0.3313843905925751,0.32713048485192386,,,,4.1035598321526075e-05,,
train_step,17,441,8745,16005,0.3232917785644531,0.32712178030251915,,,,4.1035598321526075e-05,,
train_step,17,442,8746,16006,0.35486942529678345,0.32718455777988176,,,,4.106098937501533e-05,,
train_step,17,443,8747,16006,0.33165714144706726,0.3271946539055413,,,,4.106098937501533e-05,,
train_step,17,444,8748,16007,0.29933595657348633,0.3271319090917304,,,,4.108638723197982e-05,,
train_step,17,445,8749,16007,0.2989526689052582,0.3270685849564799,,,,4.108638723197982e-05,,
train_step,17,446,8750,16008,0.3340643644332886,0.32708427056068795,,,,4.111179189084072e-05,,
train_step,17,447,8751,16008,0.31761080026626587,0.3270630771148392,,,,4.111179189084072e-05,,
train_step,17,448,8752,16009,0.32506513595581055,0.327058617424752,,,,4.1137203350018725e-05,,
train_step,17,449,8753,16009,0.3274914026260376,0.32705958131161456,,,,4.1137203350018725e-05,,
train_step,17,450,8754,16010,0.2959956228733063,0.3269905502928628,,,,4.116262160793399e-05,,
train_step,17,451,8755,16010,0.367567777633667,0.3270805219721107,,,,4.116262160793399e-05,,
train_step,17,452,8756,16011,0.27106142044067383,0.3269565859067757,,,,4.118804666300641e-05,,
train_step,17,453,8757,16011,0.24930386245250702,0.3267851670912033,,,,4.118804666300641e-05,,
train_step,17,454,8758,16012,0.3052326440811157,0.32673769457355994,,,,4.121347851365527e-05,,
train_step,17,455,8759,16012,0.2669610381126404,0.3266063173066129,,,,4.121347851365527e-05,,
train_step,17,456,8760,16013,0.35410141944885254,0.3266666135832406,,,,4.123891715829971e-05,,
train_step,17,457,8761,16013,0.2902849316596985,0.32658700377596805,,,,4.123891715829971e-05,,
train_step,17,458,8762,16014,0.2874268591403961,0.32650150127676375,,,,4.1264362595358256e-05,,
train_step,17,459,8763,16014,0.335614413022995,0.32652135511499086,,,,4.1264362595358256e-05,,
train_step,17,460,8764,16015,0.3674046993255615,0.3266102319502312,,,,4.128981482324897e-05,,
train_step,17,461,8765,16015,0.27016812562942505,0.326487797880121,,,,4.128981482324897e-05,,
train_step,17,462,8766,16016,0.28524020314216614,0.3263985173720302,,,,4.131527384038966e-05,,
train_step,17,463,8767,16016,0.3538646697998047,0.3264578395155027,,,,4.131527384038966e-05,,
train_step,17,464,8768,16017,0.34926944971084595,0.32650700246850994,,,,4.1340739645197494e-05,,
train_step,17,465,8769,16017,0.257779598236084,0.32635920159919285,,,,4.1340739645197494e-05,,
train_step,17,466,8770,16018,0.3409173786640167,0.32639044232250797,,,,4.1366212236089445e-05,,
train_step,17,467,8771,16018,0.3272721767425537,0.32639233040477783,,,,4.1366212236089445e-05,,
train_step,17,468,8772,16019,0.2744562327861786,0.32628135583721674,,,,4.139169161148199e-05,,
train_step,17,469,8773,16019,0.31520602107048035,0.32625774105093375,,,,4.139169161148199e-05,,
train_step,17,470,8774,16020,0.293426513671875,0.3261878873756591,,,,4.1417177769791075e-05,,
train_step,17,471,8775,16020,0.281707763671875,0.3260934497457148,,,,4.1417177769791075e-05,,
train_step,17,472,8776,16021,0.3556482791900635,0.3261560659097918,,,,4.144267070943237e-05,,
train_step,17,473,8777,16021,0.29176777601242065,0.32608336339415256,,,,4.144267070943237e-05,,
train_step,17,474,8778,16022,0.3309093117713928,0.3260935447198429,,,,4.1468170428820955e-05,,
train_step,17,475,8779,16022,0.3447563946247101,0.326132834930169,,,,4.1468170428820955e-05,,
train_step,17,476,8780,16023,0.310298353433609,0.3260995692127392,,,,4.1493676926371704e-05,,
train_step,17,477,8781,16023,0.3159026503562927,0.3260781920243609,,,,4.1493676926371704e-05,,
train_step,17,478,8782,16024,0.3266811668872833,0.326079453478049,,,,4.1519190200498966e-05,,
train_step,17,479,8783,16024,0.31592947244644165,0.32605826353852585,,,,4.1519190200498966e-05,,
train_step,17,480,8784,16025,0.46680012345314026,0.3263514757466813,,,,4.154471024961659e-05,,
train_step,17,481,8785,16025,0.26613926887512207,0.326226294443414,,,,4.154471024961659e-05,,
train_step,17,482,8786,16026,0.3186861276626587,0.32621065094386886,,,,4.157023707213812e-05,,
train_step,17,483,8787,16026,0.3154129385948181,0.32618829543175903,,,,4.157023707213812e-05,,
train_step,17,484,8788,16027,0.351232647895813,0.32624003996164347,,,,4.1595770666476515e-05,,
train_step,17,485,8789,16027,0.27579957246780396,0.32613603899773863,,,,4.1595770666476515e-05,,
train_step,17,486,8790,16028,0.29432472586631775,0.326070583620925,,,,4.1621311031044656e-05,,
train_step,17,487,8791,16028,0.38921022415161133,0.3262002338068196,,,,4.1621311031044656e-05,,
train_step,17,488,8792,16029,0.28070104122161865,0.32610699775644014,,,,4.164685816425461e-05,,
train_step,17,489,8793,16029,0.28696197271347046,0.32602694658048315,,,,4.164685816425461e-05,,
train_step,17,490,8794,16030,0.35223567485809326,0.3260804337810497,,,,4.1672412064518293e-05,,
train_step,17,491,8795,16030,0.320468544960022,0.3260690042722492,,,,4.1672412064518293e-05,,
train_step,17,492,8796,16031,0.3209928870201111,0.3260586869607611,,,,4.169797273024702e-05,,
train_step,17,493,8797,16031,0.35646840929985046,0.32612036996753413,,,,4.169797273024702e-05,,
train_step,17,494,8798,16032,0.34268108010292053,0.32615389367226166,,,,4.1723540159851737e-05,,
train_step,17,495,8799,16032,0.28979676961898804,0.3260804449368005,,,,4.1723540159851737e-05,,
train_step,17,496,8800,16033,0.3182294964790344,0.326064616411684,,,,4.174911435174315e-05,,
train_step,17,497,8801,16033,0.35758477449417114,0.32612803725289624,,,,4.174911435174315e-05,,
train_step,17,498,8802,16034,0.3585619032382965,0.3261931654978469,,,,4.177469530433125e-05,,
train_step,17,499,8803,16034,0.3088369369506836,0.3261583834767103,,,,4.177469530433125e-05,,
train_step,17,500,8804,16035,0.3366437554359436,0.3261793542206287,,,,4.180028301602586e-05,,
train_step,17,501,8805,16035,0.3023208975791931,0.3261317325506857,,,,4.180028301602586e-05,,
train_step,17,502,8806,16036,0.2680896520614624,0.3260161108764044,,,,4.182587748523616e-05,,
train_step,17,503,8807,16036,0.3693046569824219,0.3261021716042494,,,,4.182587748523616e-05,,
train_step,17,504,8808,16037,0.3539139926433563,0.3261573537888508,,,,4.185147871037104e-05,,
train_step,17,505,8809,16037,0.34796833992004395,0.3262005438603977,,,,4.185147871037104e-05,,
train_step,17,506,8810,16038,0.3347543179988861,0.326217448552371,,,,4.187708668983907e-05,,
train_step,17,507,8811,16038,0.305752694606781,0.3261770841461667,,,,4.187708668983907e-05,,
train_step,17,508,8812,16039,0.38429325819015503,0.3262914860635761,,,,4.190270142204816e-05,,
train_step,17,509,8813,16039,0.3257921040058136,0.3262905049593369,,,,4.190270142204816e-05,,
train_step,17,510,8814,16040,0.33840978145599365,0.32631426824658527,,,,4.192832290540603e-05,,
train_step,17,511,8815,16040,0.35667696595191956,0.32637368644170334,,,,4.192832290540603e-05,,
train_step,17,512,8816,16041,0.3022334575653076,0.3263265375571791,,,,4.195395113831975e-05,,
train_step,17,513,8817,16041,0.40644901990890503,0.32648272173330334,,,,4.195395113831975e-05,,
train_step,17,514,8818,16042,0.32908937335014343,0.3264877930399509,,,,4.197958611919612e-05,,
train_step,17,515,8819,16042,0.35065269470214844,0.32653471517910077,,,,4.197958611919612e-05,,
train_step,17,516,8820,16043,0.3436099886894226,0.32656780679443087,,,,4.200522784644161e-05,,
train_step,17,517,8821,16043,0.35578376054763794,0.3266243173432765,,,,4.200522784644161e-05,,
train_step,17,518,8822,16044,0.32185158133506775,0.3266151035671989,,,,4.2030876318462046e-05,,
train_step,17,519,8823,16045,0.38115194439888,0.3267201841853717,,,,4.2056531533663e-05,,
epoch_summary,17,519,8823,16045,,,0.3254441945797446,0.10821188275897226,0.08039046251824379,4.2056531533663e-05,243.59857892990112,0.08039046251824379
train_step,18,1,8824,16045,0.30138903856277466,0.30138903856277466,,,,4.2056531533663e-05,,
train_step,18,2,8825,16046,0.28579238057136536,0.29359070956707,,,,4.2082193490449514e-05,,
train_step,18,3,8826,16046,0.31055620312690735,0.2992458740870158,,,,4.2082193490449514e-05,,
train_step,18,4,8827,16047,0.3022856116294861,0.30000580847263336,,,,4.2107862187226245e-05,,
train_step,18,5,8828,16047,0.3966446816921234,0.31933358311653137,,,,4.2107862187226245e-05,,
train_step,18,6,8829,16048,0.3509715795516968,0.3246065825223923,,,,4.213353762239754e-05,,
train_step,18,7,8830,16048,0.35256293416023254,0.32860034704208374,,,,4.213353762239754e-05,,
train_step,18,8,8831,16049,0.30123841762542725,0.3251801058650017,,,,4.215921979436725e-05,,
train_step,18,9,8832,16049,0.3283149302005768,0.3255284196800656,,,,4.215921979436725e-05,,
train_step,18,10,8833,16050,0.32658231258392334,0.32563380897045135,,,,4.218490870153871e-05,,
train_step,18,11,8834,16050,0.3225770890712738,0.3253559253432534,,,,4.218490870153871e-05,,
train_step,18,12,8835,16051,0.3107125461101532,0.324135643740495,,,,4.221060434231498e-05,,
train_step,18,13,8836,16051,0.2584218978881836,0.31908074021339417,,,,4.221060434231498e-05,,
train_step,18,14,8837,16052,0.2679941654205322,0.31543169915676117,,,,4.223630671509855e-05,,
train_step,18,15,8838,16052,0.26759278774261475,0.31224243839581806,,,,4.223630671509855e-05,,
train_step,18,16,8839,16053,0.32718995213508606,0.3131766580045223,,,,4.22620158182917e-05,,
train_step,18,17,8840,16053,0.3330747187137604,0.31434713216388926,,,,4.22620158182917e-05,,
train_step,18,18,8841,16054,0.28039318323135376,0.3124608016676373,,,,4.2287731650296186e-05,,
train_step,18,19,8842,16054,0.3781473636627197,0.31591798914106267,,,,4.2287731650296186e-05,,
train_step,18,20,8843,16055,0.3405764698982239,0.31715091317892075,,,,4.2313454209513235e-05,,
train_step,18,21,8844,16055,0.2586527466773987,0.3143652862026578,,,,4.2313454209513235e-05,,
train_step,18,22,8845,16056,0.33494794368743896,0.3153008615428751,,,,4.2339183494343854e-05,,
train_step,18,23,8846,16056,0.2667357921600342,0.3131893367870994,,,,4.2339183494343854e-05,,
train_step,18,24,8847,16057,0.2994723916053772,0.31261779740452766,,,,4.236491950318838e-05,,
train_step,18,25,8848,16057,0.31822657585144043,0.31284214854240416,,,,4.236491950318838e-05,,
train_step,18,26,8849,16058,0.3543523848056793,0.3144386960909917,,,,4.239066223444707e-05,,
train_step,18,27,8850,16058,0.3167029619216919,0.31452255778842503,,,,4.239066223444707e-05,,
train_step,18,28,8851,16059,0.3105863332748413,0.3143819783415113,,,,4.241641168651954e-05,,
train_step,18,29,8852,16059,0.30925145745277405,0.3142050638281066,,,,4.241641168651954e-05,,
train_step,18,30,8853,16060,0.37082603573799133,0.3160924295584361,,,,4.244216785780494e-05,,
train_step,18,31,8854,16060,0.43953782320022583,0.3200745390307519,,,,4.244216785780494e-05,,
train_step,18,32,8855,16061,0.3505359888076782,0.3210264593362808,,,,4.24679307467022e-05,,
train_step,18,33,8856,16061,0.29641807079315186,0.3202807505925496,,,,4.24679307467022e-05,,
train_step,18,34,8857,16062,0.3252726197242737,0.3204275702728945,,,,4.249370035160957e-05,,
train_step,18,35,8858,16062,0.3477866053581238,0.3212092569896153,,,,4.249370035160957e-05,,
train_step,18,36,8859,16063,0.28915274143218994,0.3203187982241313,,,,4.2519476670925175e-05,,
train_step,18,37,8860,16063,0.33400601148605347,0.32068872290688594,,,,4.2519476670925175e-05,,
train_step,18,38,8861,16064,0.30473965406417847,0.32026901056891993,,,,4.254525970304661e-05,,
train_step,18,39,8862,16064,0.2965264916419983,0.3196602280323322,,,,4.254525970304661e-05,,
train_step,18,40,8863,16065,0.3558405339717865,0.32056473568081856,,,,4.257104944637089e-05,,
train_step,18,41,8864,16065,0.3175813555717468,0.3204919703123046,,,,4.257104944637089e-05,,
train_step,18,42,8865,16066,0.3546062409877777,0.32130421485219685,,,,4.259684589929486e-05,,
train_step,18,43,8866,16066,0.4111523926258087,0.3233937073585599,,,,4.259684589929486e-05,,
train_step,18,44,8867,16067,0.27945706248283386,0.3223951472477479,,,,4.262264906021468e-05,,
train_step,18,45,8868,16067,0.31887155771255493,0.32231684525807697,,,,4.262264906021468e-05,,
train_step,18,46,8869,16068,0.3667426109313965,0.32328262277271436,,,,4.2648458927526477e-05,,
train_step,18,47,8870,16068,0.33290135860443115,0.3234872767265807,,,,4.2648458927526477e-05,,
train_step,18,48,8871,16069,0.2940308451652527,0.322873601069053,,,,4.267427549962559e-05,,
train_step,18,49,8872,16069,0.3638700842857361,0.32371026399184244,,,,4.267427549962559e-05,,
train_step,18,50,8873,16070,0.34486162662506104,0.32413329124450685,,,,4.2700098774907146e-05,,
train_step,18,51,8874,16070,0.28527194261550903,0.3233713040164873,,,,4.2700098774907146e-05,,
train_step,18,52,8875,16071,0.312435507774353,0.3231610002426001,,,,4.272592875176572e-05,,
train_step,18,53,8876,16071,0.40285253524780273,0.32466461411062275,,,,4.272592875176572e-05,,
train_step,18,54,8877,16072,0.3023339509963989,0.3242510833122112,,,,4.2751765428595626e-05,,
train_step,18,55,8878,16072,0.3241058886051178,0.3242484434084459,,,,4.2751765428595626e-05,,
train_step,18,56,8879,16073,0.3608134984970093,0.32490139082074165,,,,4.2777608803790564e-05,,
train_step,18,57,8880,16073,0.29350394010543823,0.3243505583520521,,,,4.2777608803790564e-05,,
train_step,18,58,8881,16074,0.29557085037231445,0.3238543564903325,,,,4.2803458875744053e-05,,
train_step,18,59,8882,16074,0.32425639033317566,0.32386117062326203,,,,4.2803458875744053e-05,,
train_step,18,60,8883,16075,0.3209899961948395,0.32381331771612165,,,,4.282931564284908e-05,,
train_step,18,61,8884,16075,0.3100823163986206,0.32358821933386755,,,,4.282931564284908e-05,,
train_step,18,62,8885,16076,0.304436594247818,0.32327932215506033,,,,4.28551791034981e-05,,
train_step,18,63,8886,16076,0.2971932291984558,0.32286525718749515,,,,4.28551791034981e-05,,
train_step,18,64,8887,16077,0.29242342710494995,0.3223896035924554,,,,4.28810492560834e-05,,
train_step,18,65,8888,16077,0.2867361903190613,0.3218410895420955,,,,4.28810492560834e-05,,
train_step,18,66,8889,16078,0.3702200651168823,0.3225741043235316,,,,4.290692609899653e-05,,
train_step,18,67,8890,16078,0.36103612184524536,0.3231481642865423,,,,4.290692609899653e-05,,
train_step,18,68,8891,16079,0.32154327630996704,0.32312456299276915,,,,4.293280963062898e-05,,
train_step,18,69,8892,16079,0.3153122067451477,0.32301134043845575,,,,4.293280963062898e-05,,
train_step,18,70,8893,16080,0.3129541277885437,0.3228676659720285,,,,4.2958699849371656e-05,,
train_step,18,71,8894,16080,0.29903948307037354,0.322532057762146,,,,4.2958699849371656e-05,,
train_step,18,72,8895,16081,0.3089039921760559,0.3223427790734503,,,,4.2984596753614914e-05,,
train_step,18,73,8896,16081,0.31793534755706787,0.3222824032992533,,,,4.2984596753614914e-05,,
train_step,18,74,8897,16082,0.3243812620639801,0.3223107662555334,,,,4.301050034174896e-05,,
train_step,18,75,8898,16082,0.3216458261013031,0.3223019003868103,,,,4.301050034174896e-05,,
train_step,18,76,8899,16083,0.3955859839916229,0.3232661646447684,,,,4.303641061216328e-05,,
train_step,18,77,8900,16083,0.3105306625366211,0.32310076851349373,,,,4.303641061216328e-05,,
train_step,18,78,8901,16084,0.3302692770957947,0.3231926724696771,,,,4.3062327563247294e-05,,
train_step,18,79,8902,16084,0.2904844880104065,0.3227786448182939,,,,4.3062327563247294e-05,,
train_step,18,80,8903,16085,0.37251684069633484,0.32340037226676943,,,,4.308825119338978e-05,,
train_step,18,81,8904,16085,0.30243465304374695,0.323141536226979,,,,4.308825119338978e-05,,
train_step,18,82,8905,16086,0.34169015288352966,0.32336773886913206,,,,4.311418150097909e-05,,
train_step,18,83,8906,16086,0.357801228761673,0.3237826001931386,,,,4.311418150097909e-05,,
train_step,18,84,8907,16087,0.3300327658653259,0.32385700692733127,,,,4.3140118484403296e-05,,
train_step,18,85,8908,16087,0.3062521815299988,0.3236498913344215,,,,4.3140118484403296e-05,,
train_step,18,86,8909,16088,0.29267728328704834,0.3232897447292195,,,,4.3166062142049806e-05,,
train_step,18,87,8910,16088,0.34997648000717163,0.3235964888128741,,,,4.3166062142049806e-05,,
train_step,18,88,8911,16089,0.26755428314208984,0.3229596455666152,,,,4.319201247230605e-05,,
train_step,18,89,8912,16089,0.31142669916152954,0.3228300618991423,,,,4.319201247230605e-05,,
train_step,18,90,8913,16090,0.28445205092430115,0.3224036395549774,,,,4.321796947355859e-05,,
train_step,18,91,8914,16090,0.3656442165374756,0.32287881073060926,,,,4.321796947355859e-05,,
train_step,18,92,8915,16091,0.3142995536327362,0.32278555793606717,,,,4.324393314419385e-05,,
train_step,18,93,8916,16091,0.3128906488418579,0.3226791610640864,,,,4.324393314419385e-05,,
train_step,18,94,8917,16092,0.37652844190597534,0.3232520257538937,,,,4.326990348259769e-05,,
train_step,18,95,8918,16092,0.3219999074935913,0.32323884556168003,,,,4.326990348259769e-05,,
train_step,18,96,8919,16093,0.30490627884864807,0.32304788132508594,,,,4.329588048715559e-05,,
train_step,18,97,8920,16093,0.3285118341445923,0.3231042107355963,,,,4.329588048715559e-05,,
train_step,18,98,8921,16094,0.2979828715324402,0.32284787053964575,,,,4.33218641562528e-05,,
train_step,18,99,8922,16094,0.278472363948822,0.3223996330993344,,,,4.33218641562528e-05,,
train_step,18,100,8923,16095,0.37481483817100525,0.3229237851500511,,,,4.334785448827384e-05,,
train_step,18,101,8924,16095,0.3303283154964447,0.32299709733169857,,,,4.334785448827384e-05,,
train_step,18,102,8925,16096,0.31856870651245117,0.32295368173543143,,,,4.3373851481603073e-05,,
train_step,18,103,8926,16096,0.30933231115341187,0.32282143541910113,,,,4.3373851481603073e-05,,
train_step,18,104,8927,16097,0.34179413318634033,0.3230038652053246,,,,4.339985513462426e-05,,
train_step,18,105,8928,16097,0.26169681549072266,0.32241998854137605,,,,4.339985513462426e-05,,
train_step,18,106,8929,16098,0.3357517123222351,0.32254575952044073,,,,4.3425865445720824e-05,,
train_step,18,107,8930,16098,0.3052819073200226,0.3223844151073527,,,,4.3425865445720824e-05,,
train_step,18,108,8931,16099,0.28151291608810425,0.32200597530161895,,,,4.345188241327593e-05,,
train_step,18,109,8932,16099,0.34729576110839844,0.32223799168516737,,,,4.345188241327593e-05,,
train_step,18,110,8933,16100,0.28027960658073425,0.3218565518205816,,,,4.347790603567207e-05,,
train_step,18,111,8934,16100,0.363616406917572,0.3222327667313653,,,,4.347790603567207e-05,,
train_step,18,112,8935,16101,0.3616461455821991,0.3225846718996763,,,,4.350393631129149e-05,,
train_step,18,113,8936,16101,0.31192880868911743,0.3224903722252466,,,,4.350393631129149e-05,,
train_step,18,114,8937,16102,0.33566462993621826,0.3226059358893779,,,,4.3529973238515924e-05,,
train_step,18,115,8938,16102,0.3200003504753113,0.32258327862490777,,,,4.3529973238515924e-05,,
train_step,18,116,8939,16103,0.2972610294818878,0.32236498337367486,,,,4.3556016815726696e-05,,
train_step,18,117,8940,16103,0.3082665205001831,0.32224448369099545,,,,4.3556016815726696e-05,,
train_step,18,118,8941,16104,0.2845320701599121,0.32192488696615573,,,,4.358206704130493e-05,,
train_step,18,119,8942,16104,0.30298304557800293,0.32176571182844016,,,,4.358206704130493e-05,,
train_step,18,120,8943,16105,0.31130585074424744,0.32167854631940523,,,,4.360812391363101e-05,,
train_step,18,121,8944,16105,0.33227089047431946,0.3217660863537434,,,,4.360812391363101e-05,,
train_step,18,122,8945,16106,0.3506641983985901,0.3220029561246028,,,,4.3634187431085154e-05,,
train_step,18,123,8946,16106,0.3810134530067444,0.32248271626185593,,,,4.3634187431085154e-05,,
train_step,18,124,8947,16107,0.3950585126876831,0.3230680049427094,,,,4.366025759204701e-05,,
train_step,18,125,8948,16107,0.26362133026123047,0.3225924315452576,,,,4.366025759204701e-05,,
train_step,18,126,8949,16108,0.3080233335494995,0.32247680378338645,,,,4.3686334394895835e-05,,
train_step,18,127,8950,16108,0.3178981840610504,0.3224407516595886,,,,4.3686334394895835e-05,,
train_step,18,128,8951,16109,0.3539722263813019,0.32268709130585194,,,,4.3712417838010655e-05,,
train_step,18,129,8952,16109,0.27958595752716064,0.32235297398973806,,,,4.3712417838010655e-05,,
train_step,18,130,8953,16110,0.3120526075363159,0.3222737404016348,,,,4.3738507919769924e-05,,
train_step,18,131,8954,16110,0.351862370967865,0.3224996078105373,,,,4.3738507919769924e-05,,
train_step,18,132,8955,16111,0.3576194941997528,0.3227656675559102,,,,4.37646046385516e-05,,
train_step,18,133,8956,16111,0.36522066593170166,0.32308487807001385,,,,4.37646046385516e-05,,
train_step,18,134,8957,16112,0.31909996271133423,0.32305513989569534,,,,4.379070799273344e-05,,
train_step,18,135,8958,16112,0.3507714569568634,0.3232604459480003,,,,4.379070799273344e-05,,
train_step,18,136,8959,16113,0.33923232555389404,0.3233778862392201,,,,4.381681798069254e-05,,
train_step,18,137,8960,16113,0.2997516393661499,0.32320543188248235,,,,4.381681798069254e-05,,
train_step,18,138,8961,16114,0.28814661502838135,0.3229513824849889,,,,4.384293460080587e-05,,
train_step,18,139,8962,16114,0.25532156229019165,0.32246483701596157,,,,4.384293460080587e-05,,
train_step,18,140,8963,16115,0.3309652805328369,0.32252555446965353,,,,4.3869057851449843e-05,,
train_step,18,141,8964,16115,0.3275156617164612,0.32256094530119117,,,,4.3869057851449843e-05,,
train_step,18,142,8965,16116,0.33409011363983154,0.3226421366275196,,,,4.3895187731000354e-05,,
train_step,18,143,8966,16116,0.279866099357605,0.322343003499758,,,,4.3895187731000354e-05,,
train_step,18,144,8967,16117,0.2843305468559265,0.32207902810639805,,,,4.3921324237833084e-05,,
train_step,18,145,8968,16117,0.31143587827682495,0.32200562707309066,,,,4.3921324237833084e-05,,
train_step,18,146,8969,16118,0.2963249683380127,0.3218297321502476,,,,4.394746737032309e-05,,
train_step,18,147,8970,16118,0.2947467565536499,0.3216454942210191,,,,4.394746737032309e-05,,
train_step,18,148,8971,16119,0.336045503616333,0.32174279158179825,,,,4.397361712684526e-05,,
train_step,18,149,8972,16119,0.283363938331604,0.32148521538548824,,,,4.397361712684526e-05,,
train_step,18,150,8973,16120,0.34259510040283203,0.3216259479522705,,,,4.3999773505773935e-05,,
train_step,18,151,8974,16120,0.31239569187164307,0.3215648204285577,,,,4.3999773505773935e-05,,
train_step,18,152,8975,16121,0.3278926610946655,0.32160645095925583,,,,4.402593650548299e-05,,
train_step,18,153,8976,16121,0.33628711104393005,0.32170240298595304,,,,4.402593650548299e-05,,
train_step,18,154,8977,16122,0.3122735619544983,0.32164117674548903,,,,4.4052106124346044e-05,,
train_step,18,155,8978,16122,0.31667864322662354,0.32160916040020604,,,,4.4052106124346044e-05,,
train_step,18,156,8979,16123,0.34680554270744324,0.32177067567140627,,,,4.407828236073606e-05,,
train_step,18,157,8980,16123,0.32011836767196655,0.3217601514166328,,,,4.407828236073606e-05,,
train_step,18,158,8981,16124,0.28829678893089294,0.3215483579831787,,,,4.4104465213025895e-05,,
train_step,18,159,8982,16124,0.3609795570373535,0.3217963529457836,,,,4.4104465213025895e-05,,
train_step,18,160,8983,16125,0.3080551326274872,0.32171047031879424,,,,4.413065467958783e-05,,
train_step,18,161,8984,16125,0.28393134474754333,0.3214758173649355,,,,4.413065467958783e-05,,
train_step,18,162,8985,16126,0.338290810585022,0.32157961361938053,,,,4.4156850758793684e-05,,
train_step,18,163,8986,16126,0.3443382978439331,0.321719237448979,,,,4.4156850758793684e-05,,
train_step,18,164,8987,16127,0.33361056447029114,0.3217917455405724,,,,4.4183053449014996e-05,,
train_step,18,165,8988,16127,0.3032161295413971,0.3216791660496683,,,,4.4183053449014996e-05,,
train_step,18,166,8989,16128,0.2998446226119995,0.32154763265546543,,,,4.420926274862271e-05,,
train_step,18,167,8990,16128,0.25774461030960083,0.32116557862944234,,,,4.420926274862271e-05,,
train_step,18,168,8991,16129,0.3296624422073364,0.32121615519835833,,,,4.423547865598758e-05,,
train_step,18,169,8992,16129,0.30794817209243774,0.3211376464225837,,,,4.423547865598758e-05,,
train_step,18,170,8993,16130,0.36109107732772827,0.32137266660437863,,,,4.4261701169479854e-05,,
train_step,18,171,8994,16130,0.2763361930847168,0.3211092954142052,,,,4.4261701169479854e-05,,
train_step,18,172,8995,16131,0.2950451672077179,0.3209577597850977,,,,4.428793028746936e-05,,
train_step,18,173,8996,16131,0.36307409405708313,0.32120120680401093,,,,4.428793028746936e-05,,
train_step,18,174,8997,16132,0.32007455825805664,0.3211947318123675,,,,4.431416600832546e-05,,
train_step,18,175,8998,16132,0.3167506456375122,0.32116933703422545,,,,4.431416600832546e-05,,
train_step,18,176,8999,16133,0.3422359228134155,0.3212890335443345,,,,4.434040833041713e-05,,
train_step,18,177,9000,16133,0.310608446598053,0.321228691245203,,,,4.434040833041713e-05,,
train_step,18,178,9001,16134,0.3146768808364868,0.3211918833215585,,,,4.436665725211313e-05,,
train_step,18,179,9002,16134,0.31225818395614624,0.3211419743865562,,,,4.436665725211313e-05,,
train_step,18,180,9003,16135,0.3398488759994507,0.3212459016177389,,,,4.439291277178151e-05,,
train_step,18,181,9004,16135,0.30024343729019165,0.3211298659032221,,,,4.439291277178151e-05,,
train_step,18,182,9005,16136,0.3302490711212158,0.32117997142639787,,,,4.441917488779011e-05,,
train_step,18,183,9006,16136,0.3086358606815338,0.32111142437314727,,,,4.441917488779011e-05,,
train_step,18,184,9007,16137,0.35793930292129517,0.3213115758869959,,,,4.4445443598506254e-05,,
train_step,18,185,9008,16137,0.2902441918849945,0.3211436440815797,,,,4.4445443598506254e-05,,
train_step,18,186,9009,16138,0.36703670024871826,0.32139038094269334,,,,4.4471718902296866e-05,,
train_step,18,187,9010,16138,0.30212414264678955,0.32128735293041577,,,,4.4471718902296866e-05,,
train_step,18,188,9011,16139,0.3908548057079315,0.32165739257284937,,,,4.449800079752865e-05,,
train_step,18,189,9012,16139,0.33752214908599854,0.32174133308350095,,,,4.449800079752865e-05,,
train_step,18,190,9013,16140,0.2643130421638489,0.32143907892076595,,,,4.4524289282567575e-05,,
train_step,18,191,9014,16140,0.332291841506958,0.3214958996672905,,,,4.4524289282567575e-05,,
train_step,18,192,9015,16141,0.350771427154541,0.32164837637295324,,,,4.4550584355779496e-05,,
train_step,18,193,9016,16141,0.33895090222358704,0.32173802676596175,,,,4.4550584355779496e-05,,
train_step,18,194,9017,16142,0.3115655183792114,0.32168559115572076,,,,4.457688601552962e-05,,
train_step,18,195,9018,16142,0.32118096947669983,0.3216830033522386,,,,4.457688601552962e-05,,
train_step,18,196,9019,16143,0.3532959520816803,0.3218442939069806,,,,4.460319426018287e-05,,
train_step,18,197,9020,16143,0.37758997082710266,0.3221272668862706,,,,4.460319426018287e-05,,
train_step,18,198,9021,16144,0.32320570945739746,0.32213271356592277,,,,4.462950908810388e-05,,
train_step,18,199,9022,16144,0.3041709065437317,0.32204245322912783,,,,4.462950908810388e-05,,
train_step,18,200,9023,16145,0.3762076497077942,0.32231327921152114,,,,4.465583049765659e-05,,
train_step,18,201,9024,16145,0.36057114601135254,0.32250361685729145,,,,4.465583049765659e-05,,
train_step,18,202,9025,16146,0.30738168954849243,0.32242875583101027,,,,4.4682158487204795e-05,,
train_step,18,203,9026,16146,0.3190394639968872,0.32241205981212295,,,,4.4682158487204795e-05,,
train_step,18,204,9027,16147,0.35660016536712646,0.32257964856484356,,,,4.470849305511167e-05,,
train_step,18,205,9028,16147,0.30407005548477173,0.322489357866892,,,,4.470849305511167e-05,,
train_step,18,206,9029,16148,0.37719035148620605,0.32275489667086926,,,,4.473483419974006e-05,,
train_step,18,207,9030,16148,0.26244649291038513,0.32246355172516644,,,,4.473483419974006e-05,,
train_step,18,208,9031,16149,0.3071363568305969,0.3223898632881733,,,,4.476118191945258e-05,,
train_step,18,209,9032,16149,0.30464065074920654,0.3223049388262644,,,,4.476118191945258e-05,,
train_step,18,210,9033,16150,0.28536826372146606,0.32212904989719393,,,,4.4787536212611114e-05,,
train_step,18,211,9034,16150,0.33395400643348694,0.32218509234523324,,,,4.4787536212611114e-05,,
train_step,18,212,9035,16151,0.3000287413597107,0.32208058125567884,,,,4.481389707757737e-05,,
train_step,18,213,9036,16151,0.3942973017692566,0.32241962689189285,,,,4.481389707757737e-05,,
train_step,18,214,9037,16152,0.28430595993995667,0.3222415256444539,,,,4.4840264512712614e-05,,
train_step,18,215,9038,16152,0.3281405568122864,0.3222689629987229,,,,4.4840264512712614e-05,,
train_step,18,216,9039,16153,0.30187901854515076,0.3221745651077341,,,,4.486663851637753e-05,,
train_step,18,217,9040,16153,0.3396482467651367,0.32225508898633964,,,,4.486663851637753e-05,,
train_step,18,218,9041,16154,0.3273361623287201,0.32227839666222213,,,,4.489301908693267e-05,,
train_step,18,219,9042,16154,0.2939690351486206,0.32214913017129243,,,,4.489301908693267e-05,,
train_step,18,220,9043,16155,0.3403739333152771,0.3222319701855833,,,,4.4919406222738025e-05,,
train_step,18,221,9044,16155,0.3897849917411804,0.32253763996637785,,,,4.4919406222738025e-05,,
train_step,18,222,9045,16156,0.33495670557022095,0.3225935817033321,,,,4.4945799922153104e-05,,
train_step,18,223,9046,16156,0.41276416182518005,0.3229979340805601,,,,4.4945799922153104e-05,,
train_step,18,224,9047,16157,0.3024958372116089,0.32290640686239513,,,,4.4972200183537196e-05,,
train_step,18,225,9048,16157,0.3268964886665344,0.3229241405593024,,,,4.4972200183537196e-05,,
train_step,18,226,9049,16158,0.2926098704338074,0.32279000662069407,,,,4.499860700524894e-05,,
train_step,18,227,9050,16158,0.35996338725090027,0.3229537660067302,,,,4.499860700524894e-05,,
train_step,18,228,9051,16159,0.35674405097961426,0.32310196901099725,,,,4.502502038564684e-05,,
train_step,18,229,9052,16159,0.31122881174087524,0.3230501211626561,,,,4.502502038564684e-05,,
train_step,18,230,9053,16160,0.32973402738571167,0.32307918162449545,,,,4.505144032308887e-05,,
train_step,18,231,9054,16160,0.3268892765045166,0.32309567554172497,,,,4.505144032308887e-05,,
train_step,18,232,9055,16161,0.39384835958480835,0.32340064400742796,,,,4.507786681593247e-05,,
train_step,18,233,9056,16161,0.3190370202064514,0.32338191600828214,,,,4.507786681593247e-05,,
train_step,18,234,9057,16162,0.3163664937019348,0.3233519355710755,,,,4.5104299862534916e-05,,
train_step,18,235,9058,16162,0.3391398787498474,0.32341911830800646,,,,4.5104299862534916e-05,,
train_step,18,236,9059,16163,0.2597764730453491,0.3231494460823172,,,,4.5130739461252765e-05,,
train_step,18,237,9060,16163,0.3236114978790283,0.32315139566795736,,,,4.5130739461252765e-05,,
train_step,18,238,9061,16164,0.2619149386882782,0.3228940996302276,,,,4.5157185610442545e-05,,
train_step,18,239,9062,16164,0.270069420337677,0.32267307586749727,,,,4.5157185610442545e-05,,
train_step,18,240,9063,16165,0.33724257349967957,0.3227337821076314,,,,4.518363830846015e-05,,
train_step,18,241,9064,16165,0.2821292579174042,0.32256529860476735,,,,4.518363830846015e-05,,
train_step,18,242,9065,16166,0.26160764694213867,0.3223134074821945,,,,4.521009755366102e-05,,
train_step,18,243,9066,16166,0.3540174961090088,0.32244387698271637,,,,4.521009755366102e-05,,
train_step,18,244,9067,16167,0.3128957450389862,0.3224047452944224,,,,4.5236563344400336e-05,,
train_step,18,245,9068,16167,0.3225049376487732,0.3224051542428075,,,,4.5236563344400336e-05,,
train_step,18,246,9069,16168,0.3397708535194397,0.32247574651628974,,,,4.526303567903269e-05,,
train_step,18,247,9070,16168,0.3148069381713867,0.3224446987092254,,,,4.526303567903269e-05,,
train_step,18,248,9071,16169,0.3059128522872925,0.32237803803816917,,,,4.528951455591253e-05,,
train_step,18,249,9072,16169,0.29271596670150757,0.3222589132536846,,,,4.528951455591253e-05,,
train_step,18,250,9073,16170,0.3284929394721985,0.32228384935855864,,,,4.531599997339371e-05,,
train_step,18,251,9074,16170,0.29858800768852234,0.32218944361485335,,,,4.531599997339371e-05,,
train_step,18,252,9075,16171,0.3158400058746338,0.32216424743334454,,,,4.534249192982964e-05,,
train_step,18,253,9076,16171,0.32536184787750244,0.32217688617027795,,,,4.534249192982964e-05,,
train_step,18,254,9077,16172,0.3853580355644226,0.3224256308529321,,,,4.536899042357348e-05,,
train_step,18,255,9078,16172,0.2960687577724457,0.32232227056634194,,,,4.536899042357348e-05,,
train_step,18,256,9079,16173,0.2981761395931244,0.3222279497422278,,,,4.539549545297781e-05,,
train_step,18,257,9080,16173,0.2911440134048462,0.32210700057359987,,,,4.539549545297781e-05,,
train_step,18,258,9081,16174,0.2920534014701843,0.3219905137553696,,,,4.542200701639504e-05,,
train_step,18,259,9082,16174,0.26724082231521606,0.32177912498533034,,,,4.542200701639504e-05,,
train_step,18,260,9083,16175,0.295628160238266,0.3216785443516878,,,,4.5448525112176915e-05,,
train_step,18,261,9084,16175,0.3827090859413147,0.3219123778443684,,,,4.5448525112176915e-05,,
train_step,18,262,9085,16176,0.27949050068855286,0.32175046228270493,,,,4.5475049738674985e-05,,
train_step,18,263,9086,16176,0.3085037171840668,0.32170009443061887,,,,4.5475049738674985e-05,,
train_step,18,264,9087,16177,0.32366007566452026,0.3217075186019594,,,,4.550158089424017e-05,,
train_step,18,265,9088,16177,0.2798548638820648,0.3215495840558466,,,,4.550158089424017e-05,,
train_step,18,266,9089,16178,0.3050357401371002,0.3214875019358513,,,,4.552811857722314e-05,,
train_step,18,267,9090,16178,0.37252700328826904,0.3216786611169465,,,,4.552811857722314e-05,,
train_step,18,268,9091,16179,0.3013138175010681,0.3216026728944992,,,,4.5554662785974274e-05,,
train_step,18,269,9092,16179,0.30750763416290283,0.32155027498099886,,,,4.5554662785974274e-05,,
train_step,18,270,9093,16180,0.2782936692237854,0.3213900653300462,,,,4.558121351884325e-05,,
train_step,18,271,9094,16180,0.3823821246623993,0.3216151282796121,,,,4.558121351884325e-05,,
train_step,18,272,9095,16181,0.34633350372314453,0.32170600465991916,,,,4.560777077417959e-05,,
train_step,18,273,9096,16181,0.32624220848083496,0.32172262079113134,,,,4.560777077417959e-05,,
train_step,18,274,9097,16182,0.32890981435775757,0.32174885142458615,,,,4.563433455033222e-05,,
train_step,18,275,9098,16182,0.31011107563972473,0.32170653223991397,,,,4.563433455033222e-05,,
train_step,18,276,9099,16183,0.3032901883125305,0.32163980635611905,,,,4.5660904845649755e-05,,
train_step,18,277,9100,16183,0.26414066553115845,0.3214322282303972,,,,4.5660904845649755e-05,,
train_step,18,278,9101,16184,0.31427088379859924,0.32140646799862815,,,,4.568748165848055e-05,,
train_step,18,279,9102,16184,0.2980378270149231,0.3213227094287941,,,,4.568748165848055e-05,,
train_step,18,280,9103,16185,0.2667720317840576,0.3211278855800629,,,,4.571406498717225e-05,,
train_step,18,281,9104,16185,0.28611433506011963,0.32100328219742963,,,,4.571406498717225e-05,,
train_step,18,282,9105,16186,0.321262389421463,0.321004201017373,,,,4.5740654830072374e-05,,
train_step,18,283,9106,16186,0.32819628715515137,0.32102961474930863,,,,4.5740654830072374e-05,,
train_step,18,284,9107,16187,0.29713165760040283,0.3209454670128688,,,,4.5767251185527806e-05,,
train_step,18,285,9108,16187,0.2951565682888031,0.32085497964892473,,,,4.5767251185527806e-05,,
train_step,18,286,9109,16188,0.341389000415802,0.32092677692433336,,,,4.579385405188514e-05,,
train_step,18,287,9110,16188,0.26845040917396545,0.3207439324373983,,,,4.579385405188514e-05,,
train_step,18,288,9111,16189,0.3482227325439453,0.3208393449377682,,,,4.582046342749071e-05,,
train_step,18,289,9112,16189,0.36557042598724365,0.3209941237649291,,,,4.582046342749071e-05,,
train_step,18,290,9113,16190,0.2979041635990143,0.3209145032126328,,,,4.584707931069014e-05,,
train_step,18,291,9114,16190,0.3725598454475403,0.3210919786155019,,,,4.584707931069014e-05,,
train_step,18,292,9115,16191,0.30508551001548767,0.32103716194221416,,,,4.587370169982889e-05,,
train_step,18,293,9116,16191,0.36300209164619446,0.3211803869582687,,,,4.587370169982889e-05,,
train_step,18,294,9117,16192,0.354664146900177,0.3212942772982072,,,,4.5900330593251875e-05,,
train_step,18,295,9118,16192,0.268254816532135,0.3211144825159493,,,,4.5900330593251875e-05,,
train_step,18,296,9119,16193,0.31433582305908203,0.3210915816394058,,,,4.5926965989303623e-05,,
train_step,18,297,9120,16193,0.30610334873199463,0.32104111620874115,,,,4.5926965989303623e-05,,
train_step,18,298,9121,16194,0.3307003974914551,0.32107352990432075,,,,4.595360788632841e-05,,
train_step,18,299,9122,16194,0.27404695749282837,0.32091625039792776,,,,4.595360788632841e-05,,
train_step,18,300,9123,16195,0.3295822739601135,0.32094513714313505,,,,4.5980256282669976e-05,,
train_step,18,301,9124,16195,0.308138906955719,0.32090259152789447,,,,4.5980256282669976e-05,,
train_step,18,302,9125,16196,0.2864357829093933,0.3207884630225352,,,,4.60069111766716e-05,,
train_step,18,303,9126,16196,0.28630512952804565,0.3206746566413653,,,,4.60069111766716e-05,,
train_step,18,304,9127,16197,0.34155213832855225,0.3207433325679679,,,,4.6033572566676334e-05,,
train_step,18,305,9128,16197,0.3784894049167633,0.320932663952718,,,,4.6033572566676334e-05,,
train_step,18,306,9129,16198,0.30415892601013184,0.32087784781565076,,,,4.606024045102656e-05,,
train_step,18,307,9130,16198,0.307049423456192,0.3208328040880955,,,,4.606024045102656e-05,,
train_step,18,308,9131,16199,0.3581657409667969,0.3209540149221173,,,,4.6086914828064565e-05,,
train_step,18,309,9132,16199,0.2820957899093628,0.3208282601486132,,,,4.6086914828064565e-05,,
train_step,18,310,9133,16200,0.3183256983757019,0.3208201873687006,,,,4.61135956961321e-05,,
train_step,18,311,9134,16200,0.3127259314060211,0.3207941608221968,,,,4.61135956961321e-05,,
train_step,18,312,9135,16201,0.2789043188095093,0.32065989850805354,,,,4.614028305357038e-05,,
train_step,18,313,9136,16201,0.2841441333293915,0.3205432347215403,,,,4.614028305357038e-05,,
train_step,18,314,9137,16202,0.34850648045539856,0.32063228964425955,,,,4.616697689872047e-05,,
train_step,18,315,9138,16202,0.30509716272354126,0.3205829717810192,,,,4.616697689872047e-05,,
train_step,18,316,9139,16203,0.2541382610797882,0.32037270370917986,,,,4.619367722992274e-05,,
train_step,18,317,9140,16203,0.3126946687698364,0.3203484827787718,,,,4.619367722992274e-05,,
train_step,18,318,9141,16204,0.35817402601242065,0.32046743102793424,,,,4.6220384045517435e-05,,
train_step,18,319,9142,16204,0.25320735573768616,0.32025658439693033,,,,4.6220384045517435e-05,,
train_step,18,320,9143,16205,0.33415061235427856,0.320300003234297,,,,4.624709734384431e-05,,
train_step,18,321,9144,16205,0.28631162643432617,0.32019412044052764,,,,4.624709734384431e-05,,
train_step,18,322,9145,16206,0.32593265175819397,0.32021194196635894,,,,4.627381712324257e-05,,
train_step,18,323,9146,16206,0.3029465675354004,0.32015848879474607,,,,4.627381712324257e-05,,
train_step,18,324,9147,16207,0.2912749946117401,0.32006934220776145,,,,4.6300543382051235e-05,,
train_step,18,325,9148,16207,0.2661404609680176,0.31990340718856225,,,,4.6300543382051235e-05,,
train_step,18,326,9149,16208,0.29186558723449707,0.31981740160588107,,,,4.6327276118608676e-05,,
train_step,18,327,9150,16208,0.30930382013320923,0.3197852499805824,,,,4.6327276118608676e-05,,
train_step,18,328,9151,16209,0.303529292345047,0.3197356891341326,,,,4.6354015331253144e-05,,
train_step,18,329,9152,16209,0.3146488666534424,0.3197202276676259,,,,4.6354015331253144e-05,,
train_step,18,330,9153,16210,0.30093759298324585,0.31966331059282477,,,,4.6380761018322354e-05,,
train_step,18,331,9154,16210,0.30956578254699707,0.3196328044657981,,,,4.6380761018322354e-05,,
train_step,18,332,9155,16211,0.38569220900535583,0.319831778575857,,,,4.640751317815349e-05,,
train_step,18,333,9156,16211,0.3318611979484558,0.3198679029583573,,,,4.640751317815349e-05,,
train_step,18,334,9157,16212,0.2885095477104187,0.3197740156671958,,,,4.6434271809083585e-05,,
train_step,18,335,9158,16212,0.29574882984161377,0.3197022986945821,,,,4.6434271809083585e-05,,
train_step,18,336,9159,16213,0.33682137727737427,0.3197532483332214,,,,4.6461036909448914e-05,,
train_step,18,337,9160,16213,0.2806336283683777,0.3196371663748687,,,,4.6461036909448914e-05,,
train_step,18,338,9161,16214,0.29866382479667664,0.3195751150684244,,,,4.648780847758591e-05,,
train_step,18,339,9162,16214,0.32995158433914185,0.3196057241223203,,,,4.648780847758591e-05,,
train_step,18,340,9163,16215,0.3008502423763275,0.31955056094071443,,,,4.651458651183004e-05,,
train_step,18,341,9164,16215,0.3157252073287964,0.3195393428949317,,,,4.651458651183004e-05,,
train_step,18,342,9165,16216,0.2923471927642822,0.31945983368402336,,,,4.6541371010516695e-05,,
train_step,18,343,9166,16216,0.3258908987045288,0.31947858314472455,,,,4.6541371010516695e-05,,
train_step,18,344,9167,16217,0.27906665205955505,0.3193611066008723,,,,4.656816197198068e-05,,
train_step,18,345,9168,16217,0.2981252074241638,0.3192995532699253,,,,4.656816197198068e-05,,
train_step,18,346,9169,16218,0.34313875436782837,0.31936845269506375,,,,4.659495939455652e-05,,
train_step,18,347,9170,16218,0.29208433628082275,0.3192898241175011,,,,4.659495939455652e-05,,
train_step,18,348,9171,16219,0.32179826498031616,0.3192970322809,,,,4.6621763276578375e-05,,
train_step,18,349,9172,16219,0.2973068654537201,0.31923402320689664,,,,4.6621763276578375e-05,,
train_step,18,350,9173,16220,0.4116930365562439,0.3194981918164662,,,,4.664857361637985e-05,,
train_step,18,351,9174,16220,0.3352930247783661,0.3195431913405742,,,,4.664857361637985e-05,,
train_step,18,352,9175,16221,0.2835850119590759,0.31944103742187674,,,,4.667539041229431e-05,,
train_step,18,353,9176,16221,0.33418598771095276,0.3194828078192962,,,,4.667539041229431e-05,,
train_step,18,354,9177,16222,0.3272963762283325,0.3195048800464404,,,,4.670221366265454e-05,,
train_step,18,355,9178,16222,0.24810205399990082,0.3193037453251825,,,,4.670221366265454e-05,,
train_step,18,356,9179,16223,0.29102206230163574,0.3192243023953411,,,,4.672904336579303e-05,,
train_step,18,357,9180,16223,0.30135512351989746,0.3191742486730009,,,,4.672904336579303e-05,,
train_step,18,358,9181,16224,0.3260142207145691,0.31919335474015614,,,,4.6755879520042e-05,,
train_step,18,359,9182,16224,0.3164505958557129,0.3191857147432635,,,,4.6755879520042e-05,,
train_step,18,360,9183,16225,0.30221110582351685,0.3191385630518198,,,,4.6782722123732996e-05,,
train_step,18,361,9184,16225,0.294353187084198,0.31906990550066294,,,,4.6782722123732996e-05,,
train_step,18,362,9185,16226,0.33698445558547974,0.3191193932080796,,,,4.680957117519738e-05,,
train_step,18,363,9186,16226,0.3178856670856476,0.3191159945135274,,,,4.680957117519738e-05,,
train_step,18,364,9187,16227,0.3163355588912964,0.3191083559541257,,,,4.683642667276595e-05,,
train_step,18,365,9188,16227,0.2718786597251892,0.3189789595261012,,,,4.683642667276595e-05,,
train_step,18,366,9189,16228,0.32532697916030884,0.31899630384204164,,,,4.6863288614769184e-05,,
train_step,18,367,9190,16228,0.3007970452308655,0.31894671458152074,,,,4.6863288614769184e-05,,
train_step,18,368,9191,16229,0.30054736137390137,0.3188967163391087,,,,4.689015699953728e-05,,
train_step,18,369,9192,16229,0.3299615979194641,0.31892670246805277,,,,4.689015699953728e-05,,
train_step,18,370,9193,16230,0.25054651498794556,0.31874189115053897,,,,4.691703182539981e-05,,
train_step,18,371,9194,16230,0.3649986684322357,0.31886657249092093,,,,4.691703182539981e-05,,
train_step,18,372,9195,16231,0.28249692916870117,0.3187688046325279,,,,4.6943913090686124e-05,,
train_step,18,373,9196,16231,0.2847679853439331,0.3186776496210303,,,,4.6943913090686124e-05,,
train_step,18,374,9197,16232,0.3287522792816162,0.31870458713349176,,,,4.697080079372502e-05,,
train_step,18,375,9198,16232,0.28366920351982117,0.31861115944385526,,,,4.697080079372502e-05,,
train_step,18,376,9199,16233,0.30161216855049133,0.3185659493616921,,,,4.699769493284506e-05,,
train_step,18,377,9200,16233,0.3191736340522766,0.3185675612574231,,,,4.699769493284506e-05,,
train_step,18,378,9201,16234,0.3179124593734741,0.31856582818365603,,,,4.702459550637411e-05,,
train_step,18,379,9202,16234,0.3383202850818634,0.31861795076122384,,,,4.702459550637411e-05,,
train_step,18,380,9203,16235,0.288263738155365,0.31853807125436634,,,,4.705150251264017e-05,,
train_step,18,381,9204,16235,0.2748413681983948,0.31842338174503304,,,,4.705150251264017e-05,,
train_step,18,382,9205,16236,0.30877235531806946,0.31839811727794676,,,,4.70784159499703e-05,,
train_step,18,383,9206,16236,0.35129183530807495,0.31848400165922647,,,,4.70784159499703e-05,,
train_step,18,384,9207,16237,0.36142683029174805,0.31859583194212365,,,,4.710533581669149e-05,,
train_step,18,385,9208,16237,0.26071611046791077,0.3184454950032296,,,,4.710533581669149e-05,,
train_step,18,386,9209,16238,0.3997589647769928,0.31865615166067457,,,,4.7132262111130105e-05,,
train_step,18,387,9210,16238,0.36103880405426025,0.3187656675583324,,,,4.7132262111130105e-05,,
train_step,18,388,9211,16239,0.2976491451263428,0.31871124353144586,,,,4.715919483161224e-05,,
train_step,18,389,9212,16239,0.33156323432922363,0.3187442820682011,,,,4.715919483161224e-05,,
train_step,18,390,9213,16240,0.2962673306465149,0.31868664885942755,,,,4.718613397646371e-05,,
train_step,18,391,9214,16240,0.2527434825897217,0.3185179962602723,,,,4.718613397646371e-05,,
train_step,18,392,9215,16241,0.32145220041275024,0.31852548147494697,,,,4.7213079544009634e-05,,
train_step,18,393,9216,16241,0.3634774684906006,0.3186398631212972,,,,4.7213079544009634e-05,,
train_step,18,394,9217,16242,0.3450407385826111,0.31870687041942236,,,,4.724003153257502e-05,,
train_step,18,395,9218,16242,0.3242173194885254,0.3187208209233948,,,,4.724003153257502e-05,,
train_step,18,396,9219,16243,0.3088669776916504,0.31869593748089037,,,,4.7266989940484225e-05,,
train_step,18,397,9220,16243,0.31169983744621277,0.31867831506266703,,,,4.7266989940484225e-05,,
train_step,18,398,9221,16244,0.3277357220649719,0.31870107236669293,,,,4.729395476606134e-05,,
train_step,18,399,9222,16244,0.3079324960708618,0.31867408345367076,,,,4.729395476606134e-05,,
train_step,18,400,9223,16245,0.3476317524909973,0.31874647762626407,,,,4.732092600763021e-05,,
train_step,18,401,9224,16245,0.29674839973449707,0.3186916195766587,,,,4.732092600763021e-05,,
train_step,18,402,9225,16246,0.31936609745025635,0.3186932973823144,,,,4.734790366351394e-05,,
train_step,18,403,9226,16246,0.3528742790222168,0.31877811371392706,,,,4.734790366351394e-05,,
train_step,18,404,9227,16247,0.2932579517364502,0.31871494499616104,,,,4.7374887732035537e-05,,
train_step,18,405,9228,16247,0.34133318066596985,0.31877079249164203,,,,4.7374887732035537e-05,,
train_step,18,406,9229,16248,0.3361119031906128,0.31881350458695973,,,,4.740187821151737e-05,,
train_step,18,407,9230,16248,0.2937735319137573,0.31875198131257837,,,,4.740187821151737e-05,,
train_step,18,408,9231,16249,0.30686450004577637,0.3187228453290813,,,,4.742887510028154e-05,,
train_step,18,409,9232,16249,0.3025873303413391,0.318683394192192,,,,4.742887510028154e-05,,
train_step,18,410,9233,16250,0.30997446179389954,0.31866215289365957,,,,4.745587839664989e-05,,
train_step,18,411,9234,16250,0.319766640663147,0.3186648402118335,,,,4.745587839664989e-05,,
train_step,18,412,9235,16251,0.29856789112091064,0.3186160612091856,,,,4.748288809894355e-05,,
train_step,18,413,9236,16251,0.35818997025489807,0.31871188181220184,,,,4.748288809894355e-05,,
train_step,18,414,9237,16252,0.3163105547428131,0.31870608150527097,,,,4.750990420548351e-05,,
train_step,18,415,9238,16252,0.2816675007343292,0.31861683191305185,,,,4.750990420548351e-05,,
train_step,18,416,9239,16253,0.29461345076560974,0.31855913147760123,,,,4.7536926714590184e-05,,
train_step,18,417,9240,16253,0.2762875556945801,0.3184577607922703,,,,4.7536926714590184e-05,,
train_step,18,418,9241,16254,0.3151697516441345,0.3184498947416766,,,,4.756395562458366e-05,,
train_step,18,419,9242,16254,0.32775306701660156,0.31847209801679577,,,,4.756395562458366e-05,,
train_step,18,420,9243,16255,0.346015989780426,0.3185376787114711,,,,4.7590990933783715e-05,,
train_step,18,421,9244,16255,0.2907840609550476,0.3184717556289143,,,,4.7590990933783715e-05,,
train_step,18,422,9245,16256,0.36765316128730774,0.31858829924421855,,,,4.761803264050969e-05,,
train_step,18,423,9246,16256,0.326449453830719,0.3186068835340211,,,,4.761803264050969e-05,,
train_step,18,424,9247,16257,0.3224031329154968,0.31861583695237367,,,,4.7645080743080335e-05,,
train_step,18,425,9248,16257,0.34340304136276245,0.31867415978628044,,,,4.7645080743080335e-05,,
train_step,18,426,9249,16258,0.36518439650535583,0.3187833387457149,,,,4.7672135239814316e-05,,
train_step,18,427,9250,16258,0.3258427381515503,0.31879987129701665,,,,4.7672135239814316e-05,,
train_step,18,428,9251,16259,0.35105347633361816,0.3188752301872891,,,,4.769919612902953e-05,,
train_step,18,429,9252,16259,0.28180375695228577,0.3187888164967646,,,,4.769919612902953e-05,,
train_step,18,430,9253,16260,0.3238566517829895,0.31880060216022094,,,,4.77262634090439e-05,,
train_step,18,431,9254,16260,0.3054252862930298,0.3187695689447518,,,,4.77262634090439e-05,,
train_step,18,432,9255,16261,0.31562602519989014,0.3187622922231202,,,,4.775333707817468e-05,,
train_step,18,433,9256,16261,0.2897140383720398,0.3186952061865126,,,,4.775333707817468e-05,,
train_step,18,434,9257,16262,0.29102301597595215,0.31863144537957583,,,,4.778041713473874e-05,,
train_step,18,435,9258,16262,0.3152030110359192,0.3186235639213145,,,,4.778041713473874e-05,,
train_step,18,436,9259,16263,0.32767847180366516,0.3186443320586594,,,,4.780750357705266e-05,,
train_step,18,437,9260,16263,0.298356294631958,0.31859790634372415,,,,4.780750357705266e-05,,
train_step,18,438,9261,16264,0.31587475538253784,0.31859168910408675,,,,4.783459640343243e-05,,
train_step,18,439,9262,16264,0.30858686566352844,0.3185688990734704,,,,4.783459640343243e-05,,
train_step,18,440,9263,16265,0.3220505118370056,0.31857681182975117,,,,4.786169561219391e-05,,
train_step,18,441,9264,16265,0.3365105986595154,0.31861747801303864,,,,4.786169561219391e-05,,
train_step,18,442,9265,16266,0.32160472869873047,0.3186242364987529,,,,4.788880120165245e-05,,
train_step,18,443,9266,16266,0.32533639669418335,0.31863938810190284,,,,4.788880120165245e-05,,
train_step,18,444,9267,16267,0.3338332772254944,0.3186736085729019,,,,4.7915913170122856e-05,,
train_step,18,445,9268,16267,0.3175087571144104,0.31867099092917495,,,,4.7915913170122856e-05,,
train_step,18,446,9269,16268,0.37486258149147034,0.31879698104254334,,,,4.7943031515919775e-05,,
train_step,18,447,9270,16268,0.2595370411872864,0.3186644084701602,,,,4.7943031515919775e-05,,
train_step,18,448,9271,16269,0.29358261823654175,0.31860842233124587,,,,4.797015623735722e-05,,
train_step,18,449,9272,16269,0.2991180419921875,0.3185650139117825,,,,4.797015623735722e-05,,
train_step,18,450,9273,16270,0.277780145406723,0.31847438087066016,,,,4.799728733274904e-05,,
train_step,18,451,9274,16270,0.2594905495643616,0.31834359632230913,,,,4.799728733274904e-05,,
train_step,18,452,9275,16271,0.33622217178344727,0.3183831506927984,,,,4.8024424800408614e-05,,
train_step,18,453,9276,16271,0.2606872320175171,0.3182557866339126,,,,4.8024424800408614e-05,,
train_step,18,454,9277,16272,0.35686153173446655,0.3183408213147508,,,,4.805156863864878e-05,,
train_step,18,455,9278,16272,0.3252900242805481,0.31835609428830197,,,,4.805156863864878e-05,,
train_step,18,456,9279,16273,0.32882213592529297,0.31837904613399715,,,,4.8078718845782185e-05,,
train_step,18,457,9280,16273,0.31402701139450073,0.31836952308205074,,,,4.8078718845782185e-05,,
train_step,18,458,9281,16274,0.314275324344635,0.31836058378349746,,,,4.810587542012081e-05,,
train_step,18,459,9282,16274,0.3237758278846741,0.31837238170092924,,,,4.810587542012081e-05,,
train_step,18,460,9283,16275,0.38048866391181946,0.31850741709703984,,,,4.8133038359976675e-05,,
train_step,18,461,9284,16275,0.3501073122024536,0.3185759635072468,,,,4.8133038359976675e-05,,
train_step,18,462,9285,16276,0.3688705563545227,0.3186848262623275,,,,4.816020766366099e-05,,
train_step,18,463,9286,16276,0.2674125134944916,0.3185740869258959,,,,4.816020766366099e-05,,
train_step,18,464,9287,16277,0.3305415213108063,0.3185998788103461,,,,4.818738332948481e-05,,
train_step,18,465,9288,16277,0.40420013666152954,0.31878396538637016,,,,4.818738332948481e-05,,
train_step,18,466,9289,16278,0.34650272130966187,0.31884344769521844,,,,4.82145653557586e-05,,
train_step,18,467,9290,16278,0.3109220564365387,0.31882648540130265,,,,4.82145653557586e-05,,
train_step,18,468,9291,16279,0.23281408846378326,0.3186426982283592,,,,4.824175374079257e-05,,
train_step,18,469,9292,16279,0.308702677488327,0.31862150415428664,,,,4.824175374079257e-05,,
train_step,18,470,9293,16280,0.31456348299980164,0.31861287006672395,,,,4.82689484828966e-05,,
train_step,18,471,9294,16280,0.310269296169281,0.3185951554724618,,,,4.82689484828966e-05,,
train_step,18,472,9295,16281,0.28337714076042175,0.3185205410345126,,,,4.8296149580379976e-05,,
train_step,18,473,9296,16281,0.32390761375427246,0.31853193019459664,,,,4.8296149580379976e-05,,
train_step,18,474,9297,16282,0.34612327814102173,0.31859013978942036,,,,4.832335703155178e-05,,
train_step,18,475,9298,16282,0.2835794687271118,0.3185164331134997,,,,4.832335703155178e-05,,
train_step,18,476,9299,16283,0.3506142795085907,0.31858386556390955,,,,4.835057083472052e-05,,
train_step,18,477,9300,16283,0.3132629692554474,0.3185727106450239,,,,4.835057083472052e-05,,
train_step,18,478,9301,16284,0.3167437016963959,0.3185688842664703,,,,4.837779098819438e-05,,
train_step,18,479,9302,16284,0.28910836577415466,0.31850738005249885,,,,4.837779098819438e-05,,
train_step,18,480,9303,16285,0.3211297392845154,0.31851284330089885,,,,4.8405017490281326e-05,,
train_step,18,481,9304,16285,0.3335232138633728,0.31854404989250484,,,,4.8405017490281326e-05,,
train_step,18,482,9305,16286,0.28828802704811096,0.31848127806087745,,,,4.8432250339288646e-05,,
train_step,18,483,9306,16286,0.2661525011062622,0.3183729369077623,,,,4.8432250339288646e-05,,
train_step,18,484,9307,16287,0.3525315523147583,0.31844351255942965,,,,4.8459489533523416e-05,,
train_step,18,485,9308,16287,0.2959977686405182,0.31839723267506076,,,,4.8459489533523416e-05,,
train_step,18,486,9309,16288,0.33238324522972107,0.3184260104786712,,,,4.84867350712922e-05,,
train_step,18,487,9310,16288,0.31977951526641846,0.31842878974928257,,,,4.84867350712922e-05,,
train_step,18,488,9311,16289,0.3877319097518921,0.31857080433945184,,,,4.851398695090122e-05,,
train_step,18,489,9312,16289,0.35996943712234497,0.31865546412019397,,,,4.851398695090122e-05,,
train_step,18,490,9313,16290,0.350356787443161,0.31872016069840414,,,,4.854124517065645e-05,,
train_step,18,491,9314,16290,0.34522682428359985,0.31877414575662244,,,,4.854124517065645e-05,,
train_step,18,492,9315,16291,0.2850465774536133,0.31870559378852686,,,,4.8568509728863203e-05,,
train_step,18,493,9316,16291,0.32068243622779846,0.31870960361091893,,,,4.8568509728863203e-05,,
train_step,18,494,9317,16292,0.31715497374534607,0.31870645658689956,,,,4.8595780623826605e-05,,
train_step,18,495,9318,16292,0.28194311261177063,0.3186321872051316,,,,4.8595780623826605e-05,,
train_step,18,496,9319,16293,0.3739869296550751,0.3187437895084581,,,,4.862305785385124e-05,,
train_step,18,497,9320,16293,0.29196757078170776,0.31868991381685496,,,,4.862305785385124e-05,,
train_step,18,498,9321,16294,0.2914317846298218,0.31863517861768426,,,,4.865034141724135e-05,,
train_step,18,499,9322,16294,0.3031138777732849,0.3186040738063728,,,,4.865034141724135e-05,,
train_step,18,500,9323,16295,0.3126826286315918,0.31859223091602323,,,,4.86776313123009e-05,,
train_step,18,501,9324,16295,0.37813639640808105,0.3187110815457479,,,,4.86776313123009e-05,,
train_step,18,502,9325,16296,0.35224753618240356,0.3187778872322751,,,,4.870492753733338e-05,,
train_step,18,503,9326,16296,0.32157719135284424,0.31878345244921463,,,,4.870492753733338e-05,,
train_step,18,504,9327,16297,0.3733227252960205,0.3188916652921646,,,,4.873223009064176e-05,,
train_step,18,505,9328,16297,0.3206532895565033,0.3188951536570445,,,,4.873223009064176e-05,,
train_step,18,506,9329,16298,0.4230690896511078,0.3191010310009063,,,,4.8759538970528816e-05,,
train_step,18,507,9330,16298,0.2747553586959839,0.31901356419162635,,,,4.8759538970528816e-05,,
train_step,18,508,9331,16299,0.2995010018348694,0.318975153635806,,,,4.8786854175296714e-05,,
train_step,18,509,9332,16299,0.27699509263038635,0.3188926780739093,,,,4.8786854175296714e-05,,
train_step,18,510,9333,16300,0.3856378197669983,0.31902355090075846,,,,4.8814175703247494e-05,,
train_step,18,511,9334,16300,0.3096078634262085,0.31900512489787286,,,,4.8814175703247494e-05,,
train_step,18,512,9335,16301,0.30226701498031616,0.31897243327694014,,,,4.884150355268267e-05,,
train_step,18,513,9336,16301,0.3723367750644684,0.3190764573350055,,,,4.884150355268267e-05,,
train_step,18,514,9337,16302,0.3074234127998352,0.3190537860421355,,,,4.886883772190323e-05,,
train_step,18,515,9338,16302,0.2939968407154083,0.3190051317793652,,,,4.886883772190323e-05,,
train_step,18,516,9339,16303,0.30187439918518066,0.3189719326851904,,,,4.889617820921003e-05,,
train_step,18,517,9340,16303,0.32973599433898926,0.31899275292049756,,,,4.889617820921003e-05,,
train_step,18,518,9341,16304,0.25350311398506165,0.3188663250461048,,,,4.892352501290324e-05,,
train_step,18,519,9342,16305,0.35111403465270996,0.3189284593613391,,,,4.895087813128292e-05,,
epoch_summary,18,519,9342,16305,,,0.31752273972955514,0.10695566020386163,0.07817696984931186,4.895087813128292e-05,237.65827631950378,0.07817696984931186
