record_type,epoch,step,global_step,optimizer_step,train_step_loss,train_running_loss,train_epoch_loss,val_loss,val_wer,lr,elapsed_sec,best_wer
train_step,41,1,1881,0,8.013045310974121,8.013045310974121,,,,3e-05,,
train_step,41,2,1882,1,7.843812942504883,7.928429126739502,,,,1.0000000000000001e-07,,
train_step,41,3,1883,1,7.260848045349121,7.705902099609375,,,,1.0000000000000001e-07,,
train_step,41,4,1884,2,7.374171733856201,7.6229695081710815,,,,2.0000000000000002e-07,,
train_step,41,5,1885,2,7.4057440757751465,7.579524421691895,,,,2.0000000000000002e-07,,
train_step,41,6,1886,3,7.2445197105407715,7.523690303166707,,,,3.0000000000000004e-07,,
train_step,41,7,1887,3,8.012653350830078,7.593542167118618,,,,3.0000000000000004e-07,,
train_step,41,8,1888,4,6.846984386444092,7.500222444534302,,,,4.0000000000000003e-07,,
train_step,41,9,1889,4,7.688381195068359,7.521128972371419,,,,4.0000000000000003e-07,,
train_step,41,10,1890,5,7.776828765869141,7.546698951721192,,,,5.000000000000001e-07,,
train_step,41,11,1891,5,7.463382720947266,7.5391247489235615,,,,5.000000000000001e-07,,
train_step,41,12,1892,6,7.691849708557129,7.551851828893025,,,,6.000000000000001e-07,,
train_step,41,13,1893,6,7.282086372375488,7.531100639930139,,,,6.000000000000001e-07,,
train_step,41,14,1894,7,7.364932060241699,7.519231455666678,,,,7.000000000000001e-07,,
train_step,41,15,1895,7,8.071528434753418,7.556051254272461,,,,7.000000000000001e-07,,
train_step,41,16,1896,8,6.899771690368652,7.515033781528473,,,,8.000000000000001e-07,,
train_step,41,17,1897,8,7.451186180114746,7.5112780402688415,,,,8.000000000000001e-07,,
train_step,41,18,1898,9,7.370940685272217,7.503481520546807,,,,9e-07,,
train_step,41,19,1899,9,7.703079700469971,7.513986687911184,,,,9e-07,,
train_step,41,20,1900,10,7.03226375579834,7.489900541305542,,,,1.0000000000000002e-06,,
train_step,41,21,1901,10,7.109550476074219,7.4717886334373835,,,,1.0000000000000002e-06,,
train_step,41,22,1902,11,6.567813873291016,7.430698871612549,,,,1.1e-06,,
train_step,41,23,1903,11,7.784456253051758,7.446079627327297,,,,1.1e-06,,
train_step,41,24,1904,12,6.763852596282959,7.417653501033783,,,,1.2000000000000002e-06,,
train_step,41,25,1905,12,8.306366920471191,7.4532020378112795,,,,1.2000000000000002e-06,,
train_step,41,26,1906,13,6.833739280700684,7.429376547153179,,,,1.3e-06,,
train_step,41,27,1907,13,6.534115314483643,7.396218723720974,,,,1.3e-06,,
train_step,41,28,1908,14,7.35744571685791,7.394833973475865,,,,1.4000000000000001e-06,,
train_step,41,29,1909,14,7.101424694061279,7.384716412116742,,,,1.4000000000000001e-06,,
train_step,41,30,1910,15,7.265077590942383,7.3807284514109295,,,,1.5e-06,,
train_step,41,31,1911,15,7.61204719543457,7.388190346379434,,,,1.5e-06,,
train_step,41,32,1912,16,6.582076549530029,7.36299929022789,,,,1.6000000000000001e-06,,
train_step,41,33,1913,16,6.711904048919678,7.343269131400368,,,,1.6000000000000001e-06,,
train_step,41,34,1914,17,6.4795637130737305,7.3178660308613495,,,,1.7e-06,,
train_step,41,35,1915,17,6.22216796875,7.2865603719438825,,,,1.7e-06,,
train_step,41,36,1916,18,7.271840572357178,7.286151488622029,,,,1.8e-06,,
train_step,41,37,1917,18,7.7425994873046875,7.298487921018858,,,,1.8e-06,,
train_step,41,38,1918,19,6.9942779541015625,7.290482395573666,,,,1.9e-06,,
train_step,41,39,1919,19,6.853056907653809,7.279266357421875,,,,1.9e-06,,
train_step,41,40,1920,20,7.118243217468262,7.275240778923035,,,,2.0000000000000003e-06,,
train_step,41,41,1921,20,7.081192493438721,7.270507893911222,,,,2.0000000000000003e-06,,
train_step,41,42,1922,21,7.396369934082031,7.273504609153385,,,,2.1000000000000002e-06,,
train_step,41,43,1923,21,6.853873252868652,7.263745740402577,,,,2.1000000000000002e-06,,
train_step,41,44,1924,22,7.221200466156006,7.2627788023515185,,,,2.2e-06,,
train_step,41,45,1925,22,7.009360313415527,7.257147280375163,,,,2.2e-06,,
train_step,41,46,1926,23,6.864236831665039,7.248605748881465,,,,2.3e-06,,
train_step,41,47,1927,24,7.572631359100342,7.255499910801015,,,,2.4000000000000003e-06,,
epoch_summary,41,47,1927,24,,,7.255499910801015,nan,nan,2.4000000000000003e-06,17.421626329421997,0.21612232079767607
train_step,42,1,1928,24,7.5425591468811035,7.5425591468811035,,,,2.4000000000000003e-06,,
train_step,42,2,1929,25,7.188612937927246,7.365586042404175,,,,2.5e-06,,
train_step,42,3,1930,25,6.392395973205566,7.041189352671306,,,,2.5e-06,,
train_step,42,4,1931,26,7.18886137008667,7.0781073570251465,,,,2.6e-06,,
train_step,42,5,1932,26,6.763615131378174,7.015208911895752,,,,2.6e-06,,
train_step,42,6,1933,27,5.976361274719238,6.842067639033,,,,2.7000000000000004e-06,,
train_step,42,7,1934,27,7.593927383422852,6.949476173945835,,,,2.7000000000000004e-06,,
train_step,42,8,1935,28,6.459389686584473,6.888215363025665,,,,2.8000000000000003e-06,,
train_step,42,9,1936,28,6.521252632141113,6.8474417262607155,,,,2.8000000000000003e-06,,
train_step,42,10,1937,29,6.252946853637695,6.787992238998413,,,,2.9e-06,,
train_step,42,11,1938,29,6.102437496185303,6.725669080560857,,,,2.9e-06,,
train_step,42,12,1939,30,6.659217357635498,6.720131436983745,,,,3e-06,,
train_step,42,13,1940,30,5.832746982574463,6.651871094336877,,,,3e-06,,
train_step,42,14,1941,31,6.164173603057861,6.617035559245518,,,,3.1000000000000004e-06,,
train_step,42,15,1942,31,5.2509613037109375,6.52596394220988,,,,3.1000000000000004e-06,,
train_step,42,16,1943,32,6.450119495391846,6.521223664283752,,,,3.2000000000000003e-06,,
train_step,42,17,1944,32,6.635138511657715,6.527924537658691,,,,3.2000000000000003e-06,,
train_step,42,18,1945,33,5.653374671936035,6.479338434007433,,,,3.3e-06,,
train_step,42,19,1946,33,6.053412437438965,6.456921276293303,,,,3.3e-06,,
train_step,42,20,1947,34,5.916937351226807,6.429922080039978,,,,3.4e-06,,
train_step,42,21,1948,34,6.327434539794922,6.42504172098069,,,,3.4e-06,,
train_step,42,22,1949,35,5.777899742126465,6.3956261764873155,,,,3.5e-06,,
train_step,42,23,1950,35,5.76725959777832,6.36830589045649,,,,3.5e-06,,
train_step,42,24,1951,36,5.33208703994751,6.325130105018616,,,,3.6e-06,,
train_step,42,25,1952,36,6.286008358001709,6.32356523513794,,,,3.6e-06,,
train_step,42,26,1953,37,5.473826885223389,6.290882990910457,,,,3.7e-06,,
train_step,42,27,1954,37,5.977969646453857,6.279293607782434,,,,3.7e-06,,
train_step,42,28,1955,38,5.630565166473389,6.25612473487854,,,,3.8e-06,,
train_step,42,29,1956,38,5.552676200866699,6.231867888878131,,,,3.8e-06,,
train_step,42,30,1957,39,5.307382106781006,6.201051696141561,,,,3.9e-06,,
train_step,42,31,1958,39,5.921943664550781,6.192048211251536,,,,3.9e-06,,
train_step,42,32,1959,40,6.050778865814209,6.187633544206619,,,,4.000000000000001e-06,,
train_step,42,33,1960,40,5.618548393249512,6.170388539632161,,,,4.000000000000001e-06,,
train_step,42,34,1961,41,4.982535362243652,6.1354516814736755,,,,4.1e-06,,
train_step,42,35,1962,41,5.5830512046813965,6.119668810708182,,,,4.1e-06,,
train_step,42,36,1963,42,5.848769187927246,6.112143821186489,,,,4.2000000000000004e-06,,
train_step,42,37,1964,42,4.9602766036987305,6.081012274767901,,,,4.2000000000000004e-06,,
train_step,42,38,1965,43,5.021092414855957,6.053119646875482,,,,4.3e-06,,
train_step,42,39,1966,43,5.394103050231934,6.036221785423083,,,,4.3e-06,,
train_step,42,40,1967,44,4.873906135559082,6.007163894176483,,,,4.4e-06,,
train_step,42,41,1968,44,5.397006988525391,5.992282018428895,,,,4.4e-06,,
train_step,42,42,1969,45,5.468249320983887,5.97980504944211,,,,4.5e-06,,
train_step,42,43,1970,45,5.028834819793701,5.9576894627061,,,,4.5e-06,,
train_step,42,44,1971,46,5.353352069854736,5.943954521959478,,,,4.6e-06,,
train_step,42,45,1972,46,4.9401350021362305,5.921647421518961,,,,4.6e-06,,
train_step,42,46,1973,47,5.5575337409973145,5.913731906725013,,,,4.7e-06,,
train_step,42,47,1974,48,5.394966125488281,5.902694336911465,,,,4.800000000000001e-06,,
epoch_summary,42,47,1974,48,,,5.902694336911465,nan,nan,4.800000000000001e-06,10.04531741142273,0.21612232079767607
train_step,43,1,1975,48,5.035312652587891,5.035312652587891,,,,4.800000000000001e-06,,
train_step,43,2,1976,49,5.334225654602051,5.184769153594971,,,,4.9e-06,,
train_step,43,3,1977,49,5.555231094360352,5.308256467183431,,,,4.9e-06,,
train_step,43,4,1978,50,5.298480987548828,5.30581259727478,,,,5e-06,,
train_step,43,5,1979,50,4.932904243469238,5.231230926513672,,,,5e-06,,
train_step,43,6,1980,51,5.024178504943848,5.196722189585368,,,,5.1e-06,,
train_step,43,7,1981,51,5.064148902893066,5.177783148629325,,,,5.1e-06,,
train_step,43,8,1982,52,5.381120681762695,5.203200340270996,,,,5.2e-06,,
train_step,43,9,1983,52,5.072758197784424,5.188706768883599,,,,5.2e-06,,
train_step,43,10,1984,53,5.441925525665283,5.214028644561767,,,,5.3e-06,,
train_step,43,11,1985,53,4.770116806030273,5.173673022877086,,,,5.3e-06,,
train_step,43,12,1986,54,5.373990058898926,5.190366109212239,,,,5.400000000000001e-06,,
train_step,43,13,1987,54,5.574875831604004,5.219943780165452,,,,5.400000000000001e-06,,
train_step,43,14,1988,55,4.989412307739258,5.203477246420724,,,,5.5e-06,,
train_step,43,15,1989,55,4.946320533752441,5.186333465576172,,,,5.5e-06,,
train_step,43,16,1990,56,5.114654064178467,5.181853502988815,,,,5.600000000000001e-06,,
train_step,43,17,1991,56,5.376332759857178,5.193293459275189,,,,5.600000000000001e-06,,
train_step,43,18,1992,57,4.632699489593506,5.16214934984843,,,,5.7000000000000005e-06,,
train_step,43,19,1993,57,5.05989933013916,5.156767769863731,,,,5.7000000000000005e-06,,
train_step,43,20,1994,58,5.369826316833496,5.167420697212219,,,,5.8e-06,,
train_step,43,21,1995,58,4.562146186828613,5.1385981014796664,,,,5.8e-06,,
train_step,43,22,1996,59,4.9696760177612305,5.130919824947011,,,,5.9e-06,,
train_step,43,23,1997,59,4.939065933227539,5.12257835139399,,,,5.9e-06,,
train_step,43,24,1998,60,4.93447208404541,5.114740590254466,,,,6e-06,,
train_step,43,25,1999,60,5.322121620178223,5.123035831451416,,,,6e-06,,
train_step,43,26,2000,61,5.03715705871582,5.119732801730816,,,,6.1e-06,,
train_step,43,27,2001,61,4.896993160247803,5.111483185379593,,,,6.1e-06,,
train_step,43,28,2002,62,4.754618167877197,5.098738006183079,,,,6.200000000000001e-06,,
train_step,43,29,2003,62,5.246619701385498,5.103837374983163,,,,6.200000000000001e-06,,
train_step,43,30,2004,63,5.193549156188965,5.106827767690023,,,,6.3e-06,,
train_step,43,31,2005,63,4.580259323120117,5.089841688832929,,,,6.3e-06,,
train_step,43,32,2006,64,4.6478271484375,5.076028734445572,,,,6.4000000000000006e-06,,
train_step,43,33,2007,64,4.746773719787598,5.066051309758967,,,,6.4000000000000006e-06,,
train_step,43,34,2008,65,5.080273628234863,5.066469613243552,,,,6.5000000000000004e-06,,
train_step,43,35,2009,65,4.608078956604004,5.053372737339565,,,,6.5000000000000004e-06,,
train_step,43,36,2010,66,5.172919750213623,5.056693487697178,,,,6.6e-06,,
train_step,43,37,2011,66,4.868655204772949,5.051611371942468,,,,6.6e-06,,
train_step,43,38,2012,67,4.407108783721924,5.034650777515612,,,,6.7e-06,,
train_step,43,39,2013,67,5.054391860961914,5.035156959142441,,,,6.7e-06,,
train_step,43,40,2014,68,4.449374198913574,5.020512390136719,,,,6.8e-06,,
train_step,43,41,2015,68,4.775190830230713,5.014528937456085,,,,6.8e-06,,
train_step,43,42,2016,69,4.294284820556641,4.997380268006098,,,,6.900000000000001e-06,,
train_step,43,43,2017,69,4.266225814819336,4.980376676071522,,,,6.900000000000001e-06,,
train_step,43,44,2018,70,4.986374855041504,4.980512998320839,,,,7e-06,,
train_step,43,45,2019,70,4.907737731933594,4.978895770178901,,,,7e-06,,
train_step,43,46,2020,71,4.774845123291016,4.974459886550903,,,,7.1e-06,,
train_step,43,47,2021,72,4.900051593780518,4.972876731385576,,,,7.2e-06,,
epoch_summary,43,47,2021,72,,,4.972876731385576,nan,nan,7.2e-06,9.188875436782837,0.21612232079767607
train_step,44,1,2022,72,4.768420219421387,4.768420219421387,,,,7.2e-06,,
train_step,44,2,2023,73,5.1666717529296875,4.967545986175537,,,,7.3e-06,,
train_step,44,3,2024,73,4.967899322509766,4.967663764953613,,,,7.3e-06,,
train_step,44,4,2025,74,4.2517781257629395,4.788692355155945,,,,7.4e-06,,
train_step,44,5,2026,74,4.275644302368164,4.686082744598389,,,,7.4e-06,,
train_step,44,6,2027,75,4.858346939086914,4.71479344367981,,,,7.500000000000001e-06,,
train_step,44,7,2028,75,4.400218963623047,4.66985423224313,,,,7.500000000000001e-06,,
train_step,44,8,2029,76,4.861342430114746,4.693790256977081,,,,7.6e-06,,
train_step,44,9,2030,76,4.840242862701416,4.71006276872423,,,,7.6e-06,,
train_step,44,10,2031,77,4.879584312438965,4.7270149230957035,,,,7.699999999999999e-06,,
train_step,44,11,2032,77,4.937100410461426,4.746113603765314,,,,7.699999999999999e-06,,
train_step,44,12,2033,78,4.399814128875732,4.717255314191182,,,,7.8e-06,,
train_step,44,13,2034,78,4.577575206756592,4.706510690542368,,,,7.8e-06,,
train_step,44,14,2035,79,4.8202900886535645,4.714637790407453,,,,7.9e-06,,
train_step,44,15,2036,79,4.621363162994385,4.708419481913249,,,,7.9e-06,,
train_step,44,16,2037,80,5.026322364807129,4.728288412094116,,,,8.000000000000001e-06,,
train_step,44,17,2038,80,5.070698261260986,4.748430167927461,,,,8.000000000000001e-06,,
train_step,44,18,2039,81,5.039095878601074,4.764578262964885,,,,8.1e-06,,
train_step,44,19,2040,81,4.366394996643066,4.743621248947947,,,,8.1e-06,,
train_step,44,20,2041,82,4.228967666625977,4.717888569831848,,,,8.2e-06,,
train_step,44,21,2042,82,4.9949798583984375,4.731083393096924,,,,8.2e-06,,
train_step,44,22,2043,83,4.677720069885254,4.7286577874963935,,,,8.3e-06,,
train_step,44,23,2044,83,4.759668350219727,4.73000607283219,,,,8.3e-06,,
train_step,44,24,2045,84,5.274798393249512,4.752705752849579,,,,8.400000000000001e-06,,
train_step,44,25,2046,84,4.6816864013671875,4.749864978790283,,,,8.400000000000001e-06,,
train_step,44,26,2047,85,4.374945640563965,4.735445004243117,,,,8.5e-06,,
train_step,44,27,2048,85,4.628093242645264,4.731469013072826,,,,8.5e-06,,
train_step,44,28,2049,86,4.379082679748535,4.718883786882673,,,,8.6e-06,,
train_step,44,29,2050,86,4.520256996154785,4.712034587202401,,,,8.6e-06,,
train_step,44,30,2051,87,4.550828456878662,4.706661049524943,,,,8.7e-06,,
train_step,44,31,2052,87,4.382395267486572,4.696200863007577,,,,8.7e-06,,
train_step,44,32,2053,88,5.126909255981445,4.70966050028801,,,,8.8e-06,,
train_step,44,33,2054,88,4.284395217895508,4.696773673548843,,,,8.8e-06,,
train_step,44,34,2055,89,4.702065467834473,4.696929314557244,,,,8.9e-06,,
train_step,44,35,2056,89,4.580320835113525,4.693597643715995,,,,8.9e-06,,
train_step,44,36,2057,90,4.961048126220703,4.70102682378557,,,,9e-06,,
train_step,44,37,2058,90,4.666561126708984,4.700095318459176,,,,9e-06,,
train_step,44,38,2059,91,4.364494800567627,4.691263725883083,,,,9.100000000000001e-06,,
train_step,44,39,2060,91,4.274783611297607,4.680584748586019,,,,9.100000000000001e-06,,
train_step,44,40,2061,92,4.557549476623535,4.677508866786956,,,,9.2e-06,,
train_step,44,41,2062,92,4.506755828857422,4.673344158544773,,,,9.2e-06,,
train_step,44,42,2063,93,4.302675247192383,4.664518708274478,,,,9.299999999999999e-06,,
train_step,44,43,2064,93,4.643230438232422,4.664023632226988,,,,9.299999999999999e-06,,
train_step,44,44,2065,94,4.239025115966797,4.654364575039256,,,,9.4e-06,,
train_step,44,45,2066,94,5.023872375488281,4.662575859493679,,,,9.4e-06,,
train_step,44,46,2067,95,4.7394700050354,4.664247471353282,,,,9.5e-06,,
train_step,44,47,2068,96,5.093029022216797,4.673370483073782,,,,9.600000000000001e-06,,
epoch_summary,44,47,2068,96,,,4.673370483073782,nan,nan,9.600000000000001e-06,9.464465856552124,0.21612232079767607
train_step,45,1,2069,96,3.863661766052246,3.863661766052246,,,,9.600000000000001e-06,,
train_step,45,2,2070,97,5.007756233215332,4.435708999633789,,,,9.7e-06,,
train_step,45,3,2071,97,4.736860275268555,4.536092758178711,,,,9.7e-06,,
train_step,45,4,2072,98,4.875680923461914,4.620989799499512,,,,9.8e-06,,
train_step,45,5,2073,98,4.928184986114502,4.68242883682251,,,,9.8e-06,,
train_step,45,6,2074,99,4.641392707824707,4.675589481989543,,,,9.9e-06,,
train_step,45,7,2075,99,4.294626235961914,4.6211661611284525,,,,9.9e-06,,
train_step,45,8,2076,100,4.633781433105469,4.62274307012558,,,,1e-05,,
train_step,45,9,2077,100,4.203936576843262,4.576209015316433,,,,1e-05,,
train_step,45,10,2078,101,4.408736228942871,4.5594617366790775,,,,1.01e-05,,
train_step,45,11,2079,101,4.4999284744262695,4.554049621928822,,,,1.01e-05,,
train_step,45,12,2080,102,4.5148468017578125,4.550782720247905,,,,1.02e-05,,
train_step,45,13,2081,102,4.498096466064453,4.546729931464562,,,,1.02e-05,,
train_step,45,14,2082,103,4.515039920806885,4.544466359274728,,,,1.03e-05,,
train_step,45,15,2083,103,4.8160271644592285,4.562570412953694,,,,1.03e-05,,
train_step,45,16,2084,104,4.899200439453125,4.583609789609909,,,,1.04e-05,,
train_step,45,17,2085,104,4.9456377029418945,4.604905549217673,,,,1.04e-05,,
train_step,45,18,2086,105,4.4689483642578125,4.597352372275458,,,,1.05e-05,,
train_step,45,19,2087,105,4.388496398925781,4.586359952625475,,,,1.05e-05,,
train_step,45,20,2088,106,4.743583679199219,4.594221138954163,,,,1.06e-05,,
train_step,45,21,2089,106,4.473790645599365,4.588486353556315,,,,1.06e-05,,
train_step,45,22,2090,107,4.85870361328125,4.600768956271085,,,,1.0700000000000001e-05,,
train_step,45,23,2091,107,4.181186199188232,4.582526227702266,,,,1.0700000000000001e-05,,
train_step,45,24,2092,108,4.387475967407227,4.574399133523305,,,,1.0800000000000002e-05,,
train_step,45,25,2093,108,4.4730939865112305,4.570346927642822,,,,1.0800000000000002e-05,,
train_step,45,26,2094,109,4.285159111022949,4.559378165465135,,,,1.0899999999999999e-05,,
train_step,45,27,2095,109,4.522292137145996,4.558004608860722,,,,1.0899999999999999e-05,,
train_step,45,28,2096,110,4.007542610168457,4.53834525176457,,,,1.1e-05,,
train_step,45,29,2097,110,4.102407455444336,4.523312913960424,,,,1.1e-05,,
train_step,45,30,2098,111,4.824001312255859,4.533335860570272,,,,1.11e-05,,
train_step,45,31,2099,111,4.4933342933654785,4.532045487434633,,,,1.11e-05,,
train_step,45,32,2100,112,4.1173906326293945,4.51908752322197,,,,1.1200000000000001e-05,,
train_step,45,33,2101,112,4.795887470245361,4.527475400404497,,,,1.1200000000000001e-05,,
train_step,45,34,2102,113,4.619338035583496,4.530177242615643,,,,1.13e-05,,
train_step,45,35,2103,113,4.83240270614624,4.538812255859375,,,,1.13e-05,,
train_step,45,36,2104,114,4.55158805847168,4.539167139265272,,,,1.1400000000000001e-05,,
train_step,45,37,2105,114,4.4425201416015625,4.536555058247334,,,,1.1400000000000001e-05,,
train_step,45,38,2106,115,3.600008010864258,4.5119090833162,,,,1.15e-05,,
train_step,45,39,2107,115,4.268895149230957,4.505677956801194,,,,1.15e-05,,
train_step,45,40,2108,116,4.1444091796875,4.496646237373352,,,,1.16e-05,,
train_step,45,41,2109,116,4.561471939086914,4.498227352049293,,,,1.16e-05,,
train_step,45,42,2110,117,4.593141078948975,4.5004872026897615,,,,1.17e-05,,
train_step,45,43,2111,117,4.545110702514648,4.501524958499642,,,,1.17e-05,,
train_step,45,44,2112,118,4.568118095397949,4.503038438883695,,,,1.18e-05,,
train_step,45,45,2113,118,4.345052242279053,4.499527634514703,,,,1.18e-05,,
train_step,45,46,2114,119,4.2110981941223145,4.493257429288781,,,,1.1900000000000001e-05,,
train_step,45,47,2115,120,4.209551811218262,4.4872211395426,,,,1.2e-05,,
epoch_summary,45,47,2115,120,,,4.4872211395426,nan,nan,1.2e-05,9.330451250076294,0.21612232079767607
train_step,46,1,2116,120,4.4773359298706055,4.4773359298706055,,,,1.2e-05,,
train_step,46,2,2117,121,4.576162338256836,4.526749134063721,,,,1.21e-05,,
train_step,46,3,2118,121,4.08746337890625,4.3803205490112305,,,,1.21e-05,,
train_step,46,4,2119,122,4.7541608810424805,4.473780632019043,,,,1.22e-05,,
train_step,46,5,2120,122,4.057435035705566,4.390511512756348,,,,1.22e-05,,
train_step,46,6,2121,123,4.514136791229248,4.411115725835164,,,,1.23e-05,,
train_step,46,7,2122,123,4.749000549316406,4.459384986332485,,,,1.23e-05,,
train_step,46,8,2123,124,3.812959671020508,4.3785818219184875,,,,1.2400000000000002e-05,,
train_step,46,9,2124,124,4.362649917602539,4.3768116103278265,,,,1.2400000000000002e-05,,
train_step,46,10,2125,125,4.325416564941406,4.371672105789185,,,,1.25e-05,,
train_step,46,11,2126,125,4.785688400268555,4.4093099507418545,,,,1.25e-05,,
train_step,46,12,2127,126,4.26506233215332,4.397289315859477,,,,1.26e-05,,
train_step,46,13,2128,126,4.422305583953857,4.399213644174429,,,,1.26e-05,,
train_step,46,14,2129,127,4.421237945556641,4.400786808558872,,,,1.27e-05,,
train_step,46,15,2130,127,4.064149856567383,4.378344345092773,,,,1.27e-05,,
train_step,46,16,2131,128,4.702186584472656,4.398584485054016,,,,1.2800000000000001e-05,,
train_step,46,17,2132,128,4.310817718505859,4.393421734080595,,,,1.2800000000000001e-05,,
train_step,46,18,2133,129,3.79919171333313,4.360408955150181,,,,1.29e-05,,
train_step,46,19,2134,129,3.984212875366211,4.34060916147734,,,,1.29e-05,,
train_step,46,20,2135,130,4.443875312805176,4.345772469043732,,,,1.3000000000000001e-05,,
train_step,46,21,2136,130,4.354718208312988,4.346198456627982,,,,1.3000000000000001e-05,,
train_step,46,22,2137,131,4.515299320220947,4.353884859518572,,,,1.3100000000000002e-05,,
train_step,46,23,2138,131,4.053107738494873,4.340807593387106,,,,1.3100000000000002e-05,,
train_step,46,24,2139,132,4.745761871337891,4.3576806883017225,,,,1.32e-05,,
train_step,46,25,2140,132,4.207540512084961,4.351675081253052,,,,1.32e-05,,
train_step,46,26,2141,133,4.719902038574219,4.3658376565346355,,,,1.3300000000000001e-05,,
train_step,46,27,2142,133,4.561971664428711,4.373101879049231,,,,1.3300000000000001e-05,,
train_step,46,28,2143,134,4.2899370193481445,4.370131705488477,,,,1.34e-05,,
train_step,46,29,2144,134,4.358741760253906,4.369738948756251,,,,1.34e-05,,
train_step,46,30,2145,135,4.046550750732422,4.358966008822123,,,,1.35e-05,,
train_step,46,31,2146,135,4.746199607849121,4.371457415242349,,,,1.35e-05,,
train_step,46,32,2147,136,3.6315784454345703,4.348336197435856,,,,1.36e-05,,
train_step,46,33,2148,136,4.266140937805176,4.345845431992502,,,,1.36e-05,,
train_step,46,34,2149,137,4.439177989959717,4.348590507226832,,,,1.37e-05,,
train_step,46,35,2150,137,4.546982765197754,4.354258857454572,,,,1.37e-05,,
train_step,46,36,2151,138,4.368670463562012,4.354659179846446,,,,1.3800000000000002e-05,,
train_step,46,37,2152,138,4.478302955627441,4.358000903516202,,,,1.3800000000000002e-05,,
train_step,46,38,2153,139,4.1040802001953125,4.3513187797446,,,,1.39e-05,,
train_step,46,39,2154,139,4.103499412536621,4.344964436995677,,,,1.39e-05,,
train_step,46,40,2155,140,4.441611289978027,4.347380608320236,,,,1.4e-05,,
train_step,46,41,2156,140,4.270079612731934,4.345495218183936,,,,1.4e-05,,
train_step,46,42,2157,141,4.609468460083008,4.351780295372009,,,,1.41e-05,,
train_step,46,43,2158,141,4.764735698699951,4.361383909402892,,,,1.41e-05,,
train_step,46,44,2159,142,4.159807205200195,4.356802620671012,,,,1.42e-05,,
train_step,46,45,2160,142,4.171604156494141,4.35268709924486,,,,1.42e-05,,
train_step,46,46,2161,143,4.670736312866211,4.359601212584454,,,,1.4300000000000002e-05,,
train_step,46,47,2162,144,4.263772010803223,4.35756229339762,,,,1.44e-05,,
epoch_summary,46,47,2162,144,,,4.35756229339762,nan,nan,1.44e-05,9.329224586486816,0.21612232079767607
train_step,47,1,2163,144,4.569492340087891,4.569492340087891,,,,1.44e-05,,
train_step,47,2,2164,145,4.2462968826293945,4.407894611358643,,,,1.4499999999999998e-05,,
train_step,47,3,2165,145,4.278475761413574,4.364754994710286,,,,1.4499999999999998e-05,,
train_step,47,4,2166,146,4.470447063446045,4.391178011894226,,,,1.46e-05,,
train_step,47,5,2167,146,4.298923492431641,4.372727108001709,,,,1.46e-05,,
train_step,47,6,2168,147,4.588910102844238,4.408757607142131,,,,1.47e-05,,
train_step,47,7,2169,147,4.111218452453613,4.3662520136152,,,,1.47e-05,,
train_step,47,8,2170,148,3.90067195892334,4.308054506778717,,,,1.48e-05,,
train_step,47,9,2171,148,4.0395684242248535,4.278222719828288,,,,1.48e-05,,
train_step,47,10,2172,149,3.9254097938537598,4.242941427230835,,,,1.49e-05,,
train_step,47,11,2173,149,4.317909240722656,4.249756683002818,,,,1.49e-05,,
train_step,47,12,2174,150,4.1960859298706055,4.245284120241801,,,,1.5000000000000002e-05,,
train_step,47,13,2175,150,4.256820201873779,4.246171511136568,,,,1.5000000000000002e-05,,
train_step,47,14,2176,151,4.267022609710693,4.247660875320435,,,,1.5100000000000001e-05,,
train_step,47,15,2177,151,4.189364433288574,4.243774445851644,,,,1.5100000000000001e-05,,
train_step,47,16,2178,152,4.7370123863220215,4.2746018171310425,,,,1.52e-05,,
train_step,47,17,2179,152,4.007258415222168,4.258875734665814,,,,1.52e-05,,
train_step,47,18,2180,153,4.170594215393066,4.2539712058173285,,,,1.5300000000000003e-05,,
train_step,47,19,2181,153,4.676623344421387,4.276216055217542,,,,1.5300000000000003e-05,,
train_step,47,20,2182,154,4.124317169189453,4.268621110916138,,,,1.5399999999999998e-05,,
train_step,47,21,2183,154,4.151695728302002,4.26305323555356,,,,1.5399999999999998e-05,,
train_step,47,22,2184,155,4.06091833114624,4.2538652853532275,,,,1.55e-05,,
train_step,47,23,2185,155,4.449582099914551,4.262374712073284,,,,1.55e-05,,
train_step,47,24,2186,156,4.167323589324951,4.258414248625438,,,,1.56e-05,,
train_step,47,25,2187,156,4.225362777709961,4.2570921897888185,,,,1.56e-05,,
train_step,47,26,2188,157,4.231467247009277,4.256106615066528,,,,1.57e-05,,
train_step,47,27,2189,157,3.5952963829040527,4.231632162023474,,,,1.57e-05,,
train_step,47,28,2190,158,4.7346343994140625,4.249596527644566,,,,1.58e-05,,
train_step,47,29,2191,158,3.8611180782318115,4.236200719044127,,,,1.58e-05,,
train_step,47,30,2192,159,4.331797122955322,4.239387265841166,,,,1.59e-05,,
train_step,47,31,2193,159,3.6508231163024902,4.220401325533467,,,,1.59e-05,,
train_step,47,32,2194,160,4.343923568725586,4.224261395633221,,,,1.6000000000000003e-05,,
train_step,47,33,2195,160,4.1883416175842285,4.223172917510524,,,,1.6000000000000003e-05,,
train_step,47,34,2196,161,4.469788551330566,4.230426318505231,,,,1.6100000000000002e-05,,
train_step,47,35,2197,161,3.8466036319732666,4.219459956032889,,,,1.6100000000000002e-05,,
train_step,47,36,2198,162,4.412108898162842,4.224811315536499,,,,1.62e-05,,
train_step,47,37,2199,162,4.191572666168213,4.2239129736616805,,,,1.62e-05,,
train_step,47,38,2200,163,3.661761522293091,4.209119514415138,,,,1.63e-05,,
train_step,47,39,2201,163,3.860440731048584,4.200179032790355,,,,1.63e-05,,
train_step,47,40,2202,164,4.3380889892578125,4.203626781702042,,,,1.64e-05,,
train_step,47,41,2203,164,4.440799713134766,4.209411487346742,,,,1.64e-05,,
train_step,47,42,2204,165,4.308506011962891,4.211770880789984,,,,1.65e-05,,
train_step,47,43,2205,165,4.170079231262207,4.210801307545152,,,,1.65e-05,,
train_step,47,44,2206,166,4.110329627990723,4.2085178602825515,,,,1.66e-05,,
train_step,47,45,2207,166,4.136509895324707,4.206917683283488,,,,1.66e-05,,
train_step,47,46,2208,167,4.094931125640869,4.204483192899953,,,,1.67e-05,,
train_step,47,47,2209,168,4.427276134490967,4.2092234682529535,,,,1.6800000000000002e-05,,
epoch_summary,47,47,2209,168,,,4.2092234682529535,nan,nan,1.6800000000000002e-05,9.319387912750244,0.21612232079767607
train_step,48,1,2210,168,3.9478583335876465,3.9478583335876465,,,,1.6800000000000002e-05,,
train_step,48,2,2211,169,4.152099609375,4.049978971481323,,,,1.69e-05,,
train_step,48,3,2212,169,3.859346866607666,3.9864349365234375,,,,1.69e-05,,
train_step,48,4,2213,170,4.139226913452148,4.024632930755615,,,,1.7e-05,,
train_step,48,5,2214,170,4.41367769241333,4.102441883087158,,,,1.7e-05,,
train_step,48,6,2215,171,4.2339887619018555,4.1243663628896075,,,,1.71e-05,,
train_step,48,7,2216,171,4.340567588806152,4.155252252306257,,,,1.71e-05,,
train_step,48,8,2217,172,4.363242149353027,4.181250989437103,,,,1.72e-05,,
train_step,48,9,2218,172,3.8936123847961426,4.149291144476996,,,,1.72e-05,,
train_step,48,10,2219,173,4.19041633605957,4.153403663635254,,,,1.73e-05,,
train_step,48,11,2220,173,3.747788906097412,4.116529594768178,,,,1.73e-05,,
train_step,48,12,2221,174,4.184275150299072,4.122175057729085,,,,1.74e-05,,
train_step,48,13,2222,174,4.069641590118408,4.118134021759033,,,,1.74e-05,,
train_step,48,14,2223,175,3.916212320327759,4.1037110430853705,,,,1.7500000000000002e-05,,
train_step,48,15,2224,175,4.222452163696289,4.111627117792765,,,,1.7500000000000002e-05,,
train_step,48,16,2225,176,4.29625129699707,4.123166128993034,,,,1.76e-05,,
train_step,48,17,2226,176,4.386800289154053,4.138674020767212,,,,1.76e-05,,
train_step,48,18,2227,177,3.6699841022491455,4.112635691960652,,,,1.77e-05,,
train_step,48,19,2228,177,4.191871643066406,4.116806005176745,,,,1.77e-05,,
train_step,48,20,2229,178,3.812788724899292,4.101605141162873,,,,1.78e-05,,
train_step,48,21,2230,178,4.3222880363464355,4.112113850457328,,,,1.78e-05,,
train_step,48,22,2231,179,4.166378974914551,4.114580447023565,,,,1.7899999999999998e-05,,
train_step,48,23,2232,179,3.943878650665283,4.107158629790597,,,,1.7899999999999998e-05,,
train_step,48,24,2233,180,3.8151726722717285,4.09499254822731,,,,1.8e-05,,
train_step,48,25,2234,180,4.014270782470703,4.091763677597046,,,,1.8e-05,,
train_step,48,26,2235,181,4.005969047546387,4.088463884133559,,,,1.81e-05,,
train_step,48,27,2236,181,3.7215449810028076,4.0748742951287165,,,,1.81e-05,,
train_step,48,28,2237,182,4.107638835906982,4.076044457299369,,,,1.8200000000000002e-05,,
train_step,48,29,2238,182,3.857494354248047,4.068508246849323,,,,1.8200000000000002e-05,,
train_step,48,30,2239,183,4.226701259613037,4.07378134727478,,,,1.83e-05,,
train_step,48,31,2240,183,3.6144776344299316,4.058965098473333,,,,1.83e-05,,
train_step,48,32,2241,184,4.454259872436523,4.071318060159683,,,,1.84e-05,,
train_step,48,33,2242,184,4.123600482940674,4.072902376001531,,,,1.84e-05,,
train_step,48,34,2243,185,3.8232433795928955,4.065559464342454,,,,1.8500000000000002e-05,,
train_step,48,35,2244,185,4.325366497039795,4.072982522419521,,,,1.8500000000000002e-05,,
train_step,48,36,2245,186,4.159597396850586,4.075388491153717,,,,1.8599999999999998e-05,,
train_step,48,37,2246,186,4.583318710327148,4.089116334915161,,,,1.8599999999999998e-05,,
train_step,48,38,2247,187,3.48848295211792,4.073310193262603,,,,1.87e-05,,
train_step,48,39,2248,187,4.077145576477051,4.073408536421947,,,,1.87e-05,,
train_step,48,40,2249,188,3.915363311767578,4.069457405805588,,,,1.88e-05,,
train_step,48,41,2250,188,3.919607639312744,4.0658025334521035,,,,1.88e-05,,
train_step,48,42,2251,189,4.447124481201172,4.074881627446129,,,,1.8900000000000002e-05,,
train_step,48,43,2252,189,3.746685266494751,4.067249153935632,,,,1.8900000000000002e-05,,
train_step,48,44,2253,190,3.736525535583496,4.059732708063993,,,,1.9e-05,,
train_step,48,45,2254,190,3.935922622680664,4.056981372833252,,,,1.9e-05,,
train_step,48,46,2255,191,3.7586543560028076,4.050496002902156,,,,1.91e-05,,
train_step,48,47,2256,192,4.5090813636779785,4.060253138237811,,,,1.9200000000000003e-05,,
epoch_summary,48,47,2256,192,,,4.060253138237811,nan,nan,1.9200000000000003e-05,9.118366479873657,0.21612232079767607
train_step,49,1,2257,192,3.9778494834899902,3.9778494834899902,,,,1.9200000000000003e-05,,
train_step,49,2,2258,193,3.6806697845458984,3.8292596340179443,,,,1.93e-05,,
train_step,49,3,2259,193,4.1993513107299805,3.9526235262552896,,,,1.93e-05,,
train_step,49,4,2260,194,4.145954132080078,4.000956177711487,,,,1.94e-05,,
train_step,49,5,2261,194,3.404766321182251,3.8817182064056395,,,,1.94e-05,,
train_step,49,6,2262,195,3.807210922241211,3.8693003257115683,,,,1.95e-05,,
train_step,49,7,2263,195,3.9252758026123047,3.8772968224116733,,,,1.95e-05,,
train_step,49,8,2264,196,4.30190372467041,3.9303726851940155,,,,1.96e-05,,
train_step,49,9,2265,196,4.178166389465332,3.9579053190019398,,,,1.96e-05,,
train_step,49,10,2266,197,4.0962629318237305,3.9717410802841187,,,,1.97e-05,,
train_step,49,11,2267,197,4.415217399597168,4.012057109312578,,,,1.97e-05,,
train_step,49,12,2268,198,3.9547643661499023,4.007282714049022,,,,1.98e-05,,
train_step,49,13,2269,198,3.7419381141662598,3.9868715909811168,,,,1.98e-05,,
train_step,49,14,2270,199,3.7137365341186523,3.967361944062369,,,,1.9900000000000003e-05,,
train_step,49,15,2271,199,4.3964385986328125,3.9959670543670653,,,,1.9900000000000003e-05,,
train_step,49,16,2272,200,3.953779697418213,3.993330344557762,,,,2e-05,,
train_step,49,17,2273,200,3.8409340381622314,3.9843658559462605,,,,2e-05,,
train_step,49,18,2274,201,3.802412509918213,3.97425733672248,,,,2.01e-05,,
train_step,49,19,2275,201,3.683623790740967,3.9589608343024003,,,,2.01e-05,,
train_step,49,20,2276,202,3.728886127471924,3.9474570989608764,,,,2.02e-05,,
train_step,49,21,2277,202,4.109186172485352,3.955158483414423,,,,2.02e-05,,
train_step,49,22,2278,203,3.7247314453125,3.944684527137063,,,,2.03e-05,,
train_step,49,23,2279,203,3.856562852859497,3.94085314999456,,,,2.03e-05,,
train_step,49,24,2280,204,3.806809186935425,3.935267984867096,,,,2.04e-05,,
train_step,49,25,2281,204,4.315119743347168,3.950462055206299,,,,2.04e-05,,
train_step,49,26,2282,205,3.562931537628174,3.935557035299448,,,,2.05e-05,,
train_step,49,27,2283,205,4.063401222229004,3.9402920051857278,,,,2.05e-05,,
train_step,49,28,2284,206,4.285053253173828,3.9526049068995883,,,,2.06e-05,,
train_step,49,29,2285,206,3.6575632095336914,3.942431055266282,,,,2.06e-05,,
train_step,49,30,2286,207,3.4562227725982666,3.926224112510681,,,,2.0700000000000002e-05,,
train_step,49,31,2287,207,4.0398149490356445,3.9298883330437446,,,,2.0700000000000002e-05,,
train_step,49,32,2288,208,4.2232666015625,3.9390564039349556,,,,2.08e-05,,
train_step,49,33,2289,208,4.024415969848633,3.941643057447491,,,,2.08e-05,,
train_step,49,34,2290,209,3.796398639678955,3.9373711628072403,,,,2.09e-05,,
train_step,49,35,2291,209,3.642517566680908,3.9289467743464876,,,,2.09e-05,,
train_step,49,36,2292,210,3.7568554878234863,3.92416646083196,,,,2.1e-05,,
train_step,49,37,2293,210,3.803567886352539,3.920907039900084,,,,2.1e-05,,
train_step,49,38,2294,211,4.0166168212890625,3.9234257183576884,,,,2.11e-05,,
train_step,49,39,2295,211,4.144988059997559,3.929106804040762,,,,2.11e-05,,
train_step,49,40,2296,212,3.8534905910491943,3.9272163987159727,,,,2.12e-05,,
train_step,49,41,2297,212,3.4028358459472656,3.914426629136248,,,,2.12e-05,,
train_step,49,42,2298,213,4.0692925453186035,3.9181139128548756,,,,2.13e-05,,
train_step,49,43,2299,213,4.00422477722168,3.9201164910959645,,,,2.13e-05,,
train_step,49,44,2300,214,4.059985160827637,3.923295324498957,,,,2.1400000000000002e-05,,
train_step,49,45,2301,214,4.580235481262207,3.9378939946492513,,,,2.1400000000000002e-05,,
train_step,49,46,2302,215,4.213138580322266,3.9438775725986646,,,,2.15e-05,,
train_step,49,47,2303,216,4.068471431732178,3.946528505771718,,,,2.1600000000000003e-05,,
epoch_summary,49,47,2303,216,,,3.946528505771718,nan,nan,2.1600000000000003e-05,9.279570817947388,0.21612232079767607
train_step,50,1,2304,216,4.287797451019287,4.287797451019287,,,,2.1600000000000003e-05,,
train_step,50,2,2305,217,3.5693039894104004,3.9285507202148438,,,,2.17e-05,,
train_step,50,3,2306,217,3.692816972732544,3.8499728043874106,,,,2.17e-05,,
train_step,50,4,2307,218,3.8467931747436523,3.849177896976471,,,,2.1799999999999998e-05,,
train_step,50,5,2308,218,3.999756336212158,3.8792935848236083,,,,2.1799999999999998e-05,,
train_step,50,6,2309,219,3.729679822921753,3.854357957839966,,,,2.19e-05,,
train_step,50,7,2310,219,3.9014172554016113,3.8610807146344865,,,,2.19e-05,,
train_step,50,8,2311,220,3.575941562652588,3.8254383206367493,,,,2.2e-05,,
train_step,50,9,2312,220,3.2522952556610107,3.761755757861667,,,,2.2e-05,,
train_step,50,10,2313,221,4.012625694274902,3.7868427515029905,,,,2.2100000000000002e-05,,
train_step,50,11,2314,221,4.186812400817871,3.8232036287134346,,,,2.2100000000000002e-05,,
train_step,50,12,2315,222,3.673251152038574,3.8107075889905295,,,,2.22e-05,,
train_step,50,13,2316,222,3.9610986709594727,3.822276133757371,,,,2.22e-05,,
train_step,50,14,2317,223,3.922771692276001,3.829454387937273,,,,2.23e-05,,
train_step,50,15,2318,223,3.8042140007019043,3.8277716954549152,,,,2.23e-05,,
train_step,50,16,2319,224,3.5430145263671875,3.8099743723869324,,,,2.2400000000000002e-05,,
train_step,50,17,2320,224,4.648796558380127,3.859316853915944,,,,2.2400000000000002e-05,,
train_step,50,18,2321,225,3.9588356018066406,3.8648456732432046,,,,2.25e-05,,
train_step,50,19,2322,225,3.758805751800537,3.8592646247462223,,,,2.25e-05,,
train_step,50,20,2323,226,4.2021942138671875,3.8764111042022704,,,,2.26e-05,,
train_step,50,21,2324,226,3.7603747844696045,3.8708855651673817,,,,2.26e-05,,
train_step,50,22,2325,227,3.909632444381714,3.872646786949851,,,,2.27e-05,,
train_step,50,23,2326,227,4.0835394859313965,3.8818160347316577,,,,2.27e-05,,
train_step,50,24,2327,228,3.636021614074707,3.871574600537618,,,,2.2800000000000002e-05,,
train_step,50,25,2328,228,3.8033699989318848,3.8688464164733887,,,,2.2800000000000002e-05,,
train_step,50,26,2329,229,4.139261245727539,3.8792469868293176,,,,2.29e-05,,
train_step,50,27,2330,229,3.749513626098633,3.874442047542996,,,,2.29e-05,,
train_step,50,28,2331,230,4.090032577514648,3.8821417093276978,,,,2.3e-05,,
train_step,50,29,2332,230,3.9061217308044434,3.8829686066199995,,,,2.3e-05,,
train_step,50,30,2333,231,4.17868709564209,3.892825889587402,,,,2.3100000000000002e-05,,
train_step,50,31,2334,231,4.011183738708496,3.896643884720341,,,,2.3100000000000002e-05,,
train_step,50,32,2335,232,4.075097560882568,3.9022205621004105,,,,2.32e-05,,
train_step,50,33,2336,232,3.5075418949127197,3.890260602488662,,,,2.32e-05,,
train_step,50,34,2337,233,3.419895887374878,3.8764263461617863,,,,2.33e-05,,
train_step,50,35,2338,233,3.8175337314605713,3.874743700027466,,,,2.33e-05,,
train_step,50,36,2339,234,3.739358425140381,3.870982997947269,,,,2.34e-05,,
train_step,50,37,2340,234,4.112706184387207,3.8775160570402405,,,,2.34e-05,,
train_step,50,38,2341,235,3.7641124725341797,3.8745317521848177,,,,2.35e-05,,
train_step,50,39,2342,235,4.190335750579834,3.8826292906052027,,,,2.35e-05,,
train_step,50,40,2343,236,4.42958927154541,3.896303290128708,,,,2.36e-05,,
train_step,50,41,2344,236,3.4071857929229736,3.8843735950749094,,,,2.36e-05,,
train_step,50,42,2345,237,4.0570268630981445,3.888484387170701,,,,2.37e-05,,
train_step,50,43,2346,237,3.52360200881958,3.879998750464861,,,,2.37e-05,,
train_step,50,44,2347,238,4.304671764373779,3.889650409871882,,,,2.3800000000000003e-05,,
train_step,50,45,2348,238,3.416783332824707,3.879142252604167,,,,2.3800000000000003e-05,,
train_step,50,46,2349,239,3.7631378173828125,3.8766204170558765,,,,2.39e-05,,
train_step,50,47,2350,240,3.284698247909546,3.864026328350635,,,,2.4e-05,,
epoch_summary,50,47,2350,240,,,3.864026328350635,2.6519595895494734,0.8045159680638723,2.4e-05,206.7537808418274,0.21612232079767607
train_step,51,1,2351,240,3.678530216217041,3.678530216217041,,,,2.4e-05,,
train_step,51,2,2352,241,3.8862295150756836,3.7823798656463623,,,,2.41e-05,,
train_step,51,3,2353,241,3.676790475845337,3.747183402379354,,,,2.41e-05,,
train_step,51,4,2354,242,3.5362048149108887,3.6944387555122375,,,,2.42e-05,,
train_step,51,5,2355,242,4.034541130065918,3.762459230422974,,,,2.42e-05,,
train_step,51,6,2356,243,3.746992588043213,3.7598814566930137,,,,2.43e-05,,
train_step,51,7,2357,243,3.745424747467041,3.7578162125178745,,,,2.43e-05,,
train_step,51,8,2358,244,3.5082645416259766,3.7266222536563873,,,,2.44e-05,,
train_step,51,9,2359,244,3.542569637298584,3.7061719629499645,,,,2.44e-05,,
train_step,51,10,2360,245,3.4693636894226074,3.682491135597229,,,,2.45e-05,,
train_step,51,11,2361,245,3.9490456581115723,3.706723364916715,,,,2.45e-05,,
train_step,51,12,2362,246,4.233720302581787,3.750639776388804,,,,2.46e-05,,
train_step,51,13,2363,246,3.6203243732452393,3.74061551460853,,,,2.46e-05,,
train_step,51,14,2364,247,3.752856731414795,3.741489887237549,,,,2.47e-05,,
train_step,51,15,2365,247,3.6313672065734863,3.734148375193278,,,,2.47e-05,,
train_step,51,16,2366,248,3.7567827701568604,3.735563024878502,,,,2.4800000000000003e-05,,
train_step,51,17,2367,248,3.6819546222686768,3.732409589430865,,,,2.4800000000000003e-05,,
train_step,51,18,2368,249,4.096191883087158,3.7526197168562145,,,,2.49e-05,,
train_step,51,19,2369,249,3.872697114944458,3.758939579913491,,,,2.49e-05,,
train_step,51,20,2370,250,3.7902960777282715,3.7605074048042297,,,,2.5e-05,,
train_step,51,21,2371,250,4.034172058105469,3.7735390549614314,,,,2.5e-05,,
train_step,51,22,2372,251,3.643864631652832,3.767644762992859,,,,2.51e-05,,
train_step,51,23,2373,251,3.4186642169952393,3.7524716957755713,,,,2.51e-05,,
train_step,51,24,2374,252,3.488144874572754,3.741458078225454,,,,2.52e-05,,
train_step,51,25,2375,252,3.8258168697357178,3.7448324298858644,,,,2.52e-05,,
train_step,51,26,2376,253,3.994349241256714,3.7544292303232045,,,,2.5300000000000002e-05,,
train_step,51,27,2377,253,3.847055196762085,3.7578598216727928,,,,2.5300000000000002e-05,,
train_step,51,28,2378,254,4.000469207763672,3.76652444260461,,,,2.54e-05,,
train_step,51,29,2379,254,4.0580949783325195,3.7765785990090204,,,,2.54e-05,,
train_step,51,30,2380,255,3.963555335998535,3.782811156908671,,,,2.5500000000000003e-05,,
train_step,51,31,2381,255,3.9684200286865234,3.788798539869247,,,,2.5500000000000003e-05,,
train_step,51,32,2382,256,3.343606472015381,3.7748862877488136,,,,2.5600000000000002e-05,,
train_step,51,33,2383,256,3.715045213699341,3.7730729218685264,,,,2.5600000000000002e-05,,
train_step,51,34,2384,257,3.287599563598633,3.758794293684118,,,,2.5699999999999998e-05,,
train_step,51,35,2385,257,3.616142988204956,3.754718542098999,,,,2.5699999999999998e-05,,
train_step,51,36,2386,258,3.784346342086792,3.755541536543104,,,,2.58e-05,,
train_step,51,37,2387,258,3.8831188678741455,3.7589895725250244,,,,2.58e-05,,
train_step,51,38,2388,259,3.654265880584717,3.7562336858950163,,,,2.59e-05,,
train_step,51,39,2389,259,3.6338281631469727,3.7530950827476306,,,,2.59e-05,,
train_step,51,40,2390,260,4.241805553436279,3.7653128445148467,,,,2.6000000000000002e-05,,
train_step,51,41,2391,260,4.143008232116699,3.7745249271392822,,,,2.6000000000000002e-05,,
train_step,51,42,2392,261,4.150694847106934,3.7834813538051786,,,,2.61e-05,,
train_step,51,43,2393,261,3.462848663330078,3.7760247796080835,,,,2.61e-05,,
train_step,51,44,2394,262,3.871124744415283,3.7781861424446106,,,,2.6200000000000003e-05,,
train_step,51,45,2395,262,3.593046188354492,3.774071921242608,,,,2.6200000000000003e-05,,
train_step,51,46,2396,263,3.768401861190796,3.7739486590675684,,,,2.63e-05,,
train_step,51,47,2397,264,3.456587553024292,3.767196295109201,,,,2.64e-05,,
epoch_summary,51,47,2397,264,,,3.767196295109201,nan,nan,2.64e-05,9.324196815490723,0.21612232079767607
train_step,52,1,2398,264,3.759751081466675,3.759751081466675,,,,2.64e-05,,
train_step,52,2,2399,265,3.16945743560791,3.4646042585372925,,,,2.65e-05,,
train_step,52,3,2400,265,4.028712272644043,3.6526402632395425,,,,2.65e-05,,
train_step,52,4,2401,266,4.005287170410156,3.740801990032196,,,,2.6600000000000003e-05,,
train_step,52,5,2402,266,3.704146146774292,3.733470821380615,,,,2.6600000000000003e-05,,
train_step,52,6,2403,267,3.937708854675293,3.767510493596395,,,,2.67e-05,,
train_step,52,7,2404,267,3.371110200881958,3.7108818803514754,,,,2.67e-05,,
train_step,52,8,2405,268,3.7106704711914062,3.7108554542064667,,,,2.68e-05,,
train_step,52,9,2406,268,3.1987946033477783,3.653959804111057,,,,2.68e-05,,
train_step,52,10,2407,269,3.8607468605041504,3.674638509750366,,,,2.6900000000000003e-05,,
train_step,52,11,2408,269,3.1394782066345215,3.625987573103471,,,,2.6900000000000003e-05,,
train_step,52,12,2409,270,3.8924503326416016,3.648192803064982,,,,2.7e-05,,
train_step,52,13,2410,270,3.5836634635925293,3.6432290077209473,,,,2.7e-05,,
train_step,52,14,2411,271,3.6862144470214844,3.6462993962424144,,,,2.71e-05,,
train_step,52,15,2412,271,3.4985227584838867,3.636447620391846,,,,2.71e-05,,
train_step,52,16,2413,272,3.7864091396331787,3.645820215344429,,,,2.72e-05,,
train_step,52,17,2414,272,4.209446430206299,3.6789746985715976,,,,2.72e-05,,
train_step,52,18,2415,273,3.663597583770752,3.678120414415995,,,,2.73e-05,,
train_step,52,19,2416,273,3.934530735015869,3.6916156944475675,,,,2.73e-05,,
train_step,52,20,2417,274,3.410733222961426,3.6775715708732606,,,,2.74e-05,,
train_step,52,21,2418,274,3.4251227378845215,3.6655501978737965,,,,2.74e-05,,
train_step,52,22,2419,275,3.7000277042388916,3.6671173572540283,,,,2.75e-05,,
train_step,52,23,2420,275,3.263082504272461,3.6495506245156992,,,,2.75e-05,,
train_step,52,24,2421,276,3.686967611312866,3.651109665632248,,,,2.7600000000000003e-05,,
train_step,52,25,2422,276,3.7756247520446777,3.656090269088745,,,,2.7600000000000003e-05,,
train_step,52,26,2423,277,3.606966257095337,3.6542008840120754,,,,2.77e-05,,
train_step,52,27,2424,277,3.586148262023926,3.651680416531033,,,,2.77e-05,,
train_step,52,28,2425,278,3.757523775100708,3.65546053647995,,,,2.78e-05,,
train_step,52,29,2426,278,3.548910617828369,3.6517864013540335,,,,2.78e-05,,
train_step,52,30,2427,279,3.664574146270752,3.652212659517924,,,,2.7900000000000004e-05,,
train_step,52,31,2428,279,3.560269594192505,3.649246754184846,,,,2.7900000000000004e-05,,
train_step,52,32,2429,280,3.729602575302124,3.651757873594761,,,,2.8e-05,,
train_step,52,33,2430,280,4.259463310241699,3.6701731898567895,,,,2.8e-05,,
train_step,52,34,2431,281,3.3321096897125244,3.660230145734899,,,,2.81e-05,,
train_step,52,35,2432,281,4.0772576332092285,3.6721452168055944,,,,2.81e-05,,
train_step,52,36,2433,282,3.7328596115112305,3.67383172776964,,,,2.82e-05,,
train_step,52,37,2434,282,3.707294464111328,3.6747361260491447,,,,2.82e-05,,
train_step,52,38,2435,283,3.4626147747039795,3.669153985224272,,,,2.8300000000000003e-05,,
train_step,52,39,2436,283,4.006195545196533,3.677796076505612,,,,2.8300000000000003e-05,,
train_step,52,40,2437,284,3.5531563758850098,3.674680083990097,,,,2.84e-05,,
train_step,52,41,2438,284,4.223926544189453,3.6880763391169107,,,,2.84e-05,,
train_step,52,42,2439,285,3.914623498916626,3.693470319112142,,,,2.85e-05,,
train_step,52,43,2440,285,3.5565128326416016,3.6902852612872454,,,,2.85e-05,,
train_step,52,44,2441,286,3.8552563190460205,3.694034603509036,,,,2.8600000000000004e-05,,
train_step,52,45,2442,286,3.7661023139953613,3.69563610818651,,,,2.8600000000000004e-05,,
train_step,52,46,2443,287,3.1735739707946777,3.6842869312866875,,,,2.87e-05,,
train_step,52,47,2444,288,3.2975401878356934,3.676058277170709,,,,2.88e-05,,
epoch_summary,52,47,2444,288,,,3.676058277170709,nan,nan,2.88e-05,10.16800332069397,0.21612232079767607
train_step,53,1,2445,288,3.569087028503418,3.569087028503418,,,,2.88e-05,,
train_step,53,2,2446,289,3.1309871673583984,3.350037097930908,,,,2.89e-05,,
train_step,53,3,2447,289,3.9499340057373047,3.5500027338663735,,,,2.89e-05,,
train_step,53,4,2448,290,3.031080961227417,3.4202722907066345,,,,2.8999999999999997e-05,,
train_step,53,5,2449,290,3.598557472229004,3.455929327011108,,,,2.8999999999999997e-05,,
train_step,53,6,2450,291,3.5057034492492676,3.4642250140508017,,,,2.91e-05,,
train_step,53,7,2451,291,3.7278590202331543,3.501887014933995,,,,2.91e-05,,
train_step,53,8,2452,292,3.222195625305176,3.4669255912303925,,,,2.92e-05,,
train_step,53,9,2453,292,3.7312357425689697,3.496293385823568,,,,2.92e-05,,
train_step,53,10,2454,293,3.4525508880615234,3.4919191360473634,,,,2.9300000000000004e-05,,
train_step,53,11,2455,293,3.658675193786621,3.507078777660023,,,,2.9300000000000004e-05,,
train_step,53,12,2456,294,3.504096031188965,3.5068302154541016,,,,2.94e-05,,
train_step,53,13,2457,294,3.9666004180908203,3.5421971541184645,,,,2.94e-05,,
train_step,53,14,2458,295,3.4326322078704834,3.534371086529323,,,,2.9500000000000002e-05,,
train_step,53,15,2459,295,3.3010177612304688,3.518814198176066,,,,2.9500000000000002e-05,,
train_step,53,16,2460,296,3.674525260925293,3.5285461395978928,,,,2.96e-05,,
train_step,53,17,2461,296,3.584865093231201,3.5318590192233814,,,,2.96e-05,,
train_step,53,18,2462,297,3.2959799766540527,3.51875462796953,,,,2.9699999999999997e-05,,
train_step,53,19,2463,297,3.9670026302337646,3.5423466280887,,,,2.9699999999999997e-05,,
train_step,53,20,2464,298,3.3747687339782715,3.5339677333831787,,,,2.98e-05,,
train_step,53,21,2465,298,3.076977491378784,3.5122062932877314,,,,2.98e-05,,
train_step,53,22,2466,299,3.9287753105163574,3.531141248616305,,,,2.9900000000000002e-05,,
train_step,53,23,2467,299,3.2422776222229004,3.518581960512244,,,,2.9900000000000002e-05,,
train_step,53,24,2468,300,3.6902832984924316,3.5257361829280853,,,,3.0000000000000004e-05,,
train_step,53,25,2469,300,2.9542694091796875,3.5028775119781494,,,,3.0000000000000004e-05,,
train_step,53,26,2470,301,4.079306602478027,3.52504786161276,,,,2.9999996466438076e-05,,
train_step,53,27,2471,301,3.5575709342956543,3.5262524198602745,,,,2.9999996466438076e-05,,
train_step,53,28,2472,302,3.8069186210632324,3.5362762127603804,,,,2.999998586575402e-05,,
train_step,53,29,2473,302,4.128685474395752,3.556704118334014,,,,2.999998586575402e-05,,
train_step,53,30,2474,303,3.117037296295166,3.5420485575993856,,,,2.9999968197953002e-05,,
train_step,53,31,2475,303,3.567877769470215,3.5428817579823155,,,,2.9999968197953002e-05,,
train_step,53,32,2476,304,3.571335792541504,3.54377094656229,,,,2.999994346304363e-05,,
train_step,53,33,2477,304,3.5932271480560303,3.5452696193348276,,,,2.999994346304363e-05,,
train_step,53,34,2478,305,3.5626537799835205,3.5457809181774365,,,,2.999991166103796e-05,,
train_step,53,35,2479,305,3.362401008605957,3.54054149218968,,,,2.999991166103796e-05,,
train_step,53,36,2480,306,3.9604225158691406,3.552204853958554,,,,2.9999872791951496e-05,,
train_step,53,37,2481,306,3.6730499267578125,3.555470937007182,,,,2.9999872791951496e-05,,
train_step,53,38,2482,307,3.6257529258728027,3.5573204630299617,,,,2.999982685580318e-05,,
train_step,53,39,2483,307,4.278265953063965,3.5758062448257055,,,,2.999982685580318e-05,,
train_step,53,40,2484,308,4.015221118927002,3.586791616678238,,,,2.99997738526154e-05,,
train_step,53,41,2485,308,3.755793571472168,3.590913615575651,,,,2.99997738526154e-05,,
train_step,53,42,2486,309,3.595386505126953,3.59102011294592,,,,2.999971378241399e-05,,
train_step,53,43,2487,309,3.885676383972168,3.597872584365135,,,,2.999971378241399e-05,,
train_step,53,44,2488,310,3.812973737716675,3.602761246941306,,,,2.9999646645228224e-05,,
train_step,53,45,2489,310,3.979564905166626,3.611134661568536,,,,2.9999646645228224e-05,,
train_step,53,46,2490,311,3.2089433670043945,3.602391372556272,,,,2.9999572441090832e-05,,
train_step,53,47,2491,312,3.809053421020508,3.606788437417213,,,,2.9999491170037973e-05,,
epoch_summary,53,47,2491,312,,,3.606788437417213,nan,nan,2.9999491170037973e-05,9.996933221817017,0.21612232079767607
train_step,54,1,2492,312,2.8807950019836426,2.8807950019836426,,,,2.9999491170037973e-05,,
train_step,54,2,2493,313,3.4828696250915527,3.1818323135375977,,,,2.9999402832109255e-05,,
train_step,54,3,2494,313,3.6147046089172363,3.326123078664144,,,,2.9999402832109255e-05,,
train_step,54,4,2495,314,3.401684284210205,3.345013380050659,,,,2.9999307427347744e-05,,
train_step,54,5,2496,314,3.413425922393799,3.358695888519287,,,,2.9999307427347744e-05,,
train_step,54,6,2497,315,3.0730338096618652,3.3110855420430503,,,,2.9999204955799926e-05,,
train_step,54,7,2498,315,3.7364823818206787,3.37185651915414,,,,2.9999204955799926e-05,,
train_step,54,8,2499,316,3.6055169105529785,3.4010640680789948,,,,2.9999095417515755e-05,,
train_step,54,9,2500,316,3.8828775882720947,3.454598903656006,,,,2.9999095417515755e-05,,
train_step,54,10,2501,317,3.2616584300994873,3.435304856300354,,,,2.999897881254861e-05,,
train_step,54,11,2502,317,3.600710391998291,3.450341723181985,,,,2.999897881254861e-05,,
train_step,54,12,2503,318,3.749394416809082,3.475262780984243,,,,2.9998855140955337e-05,,
train_step,54,13,2504,318,3.278275728225708,3.460109930772048,,,,2.9998855140955337e-05,,
train_step,54,14,2505,319,3.710879325866699,3.478022030421666,,,,2.999872440279619e-05,,
train_step,54,15,2506,319,3.4020726680755615,3.472958739598592,,,,2.999872440279619e-05,,
train_step,54,16,2507,320,3.581118583679199,3.47971872985363,,,,2.9998586598134914e-05,,
train_step,54,17,2508,320,3.5005736351013184,3.480945488985847,,,,2.9998586598134914e-05,,
train_step,54,18,2509,321,3.4307947158813477,3.478159334924486,,,,2.9998441727038654e-05,,
train_step,54,19,2510,321,3.730512857437134,3.491441099267257,,,,2.9998441727038654e-05,,
train_step,54,20,2511,322,3.522610902786255,3.492999589443207,,,,2.9998289789578025e-05,,
train_step,54,21,2512,322,4.271597862243652,3.5300756976717995,,,,2.9998289789578025e-05,,
train_step,54,22,2513,323,3.783839225769043,3.5416104034944014,,,,2.9998130785827084e-05,,
train_step,54,23,2514,323,3.8967695236206055,3.5570521043694536,,,,2.9998130785827084e-05,,
train_step,54,24,2515,324,3.361862897872925,3.548919220765432,,,,2.9997964715863317e-05,,
train_step,54,25,2516,324,3.4951045513153076,3.546766633987427,,,,2.9997964715863317e-05,,
train_step,54,26,2517,325,3.121793031692505,3.530421495437622,,,,2.9997791579767674e-05,,
train_step,54,27,2518,325,3.849949836730957,3.5422558784484863,,,,2.9997791579767674e-05,,
train_step,54,28,2519,326,3.5760555267333984,3.543463008744376,,,,2.9997611377624532e-05,,
train_step,54,29,2520,326,3.649747610092163,3.547127994997748,,,,2.9997611377624532e-05,,
train_step,54,30,2521,327,3.5210793018341064,3.546259705225627,,,,2.999742410952173e-05,,
train_step,54,31,2522,327,4.064813613891602,3.5629872506664646,,,,2.999742410952173e-05,,
train_step,54,32,2523,328,3.492689371109009,3.560790441930294,,,,2.9997229775550533e-05,,
train_step,54,33,2524,328,3.457679271697998,3.557665861014164,,,,2.9997229775550533e-05,,
train_step,54,34,2525,329,3.5357003211975098,3.5570198157254387,,,,2.9997028375805656e-05,,
train_step,54,35,2526,329,3.5078189373016357,3.5556140763419015,,,,2.9997028375805656e-05,,
train_step,54,36,2527,330,3.419142723083496,3.551823205418057,,,,2.999681991038526e-05,,
train_step,54,37,2528,330,3.337489604949951,3.5460304054054053,,,,2.999681991038526e-05,,
train_step,54,38,2529,331,3.3465895652770996,3.540781962244134,,,,2.9996604379390947e-05,,
train_step,54,39,2530,331,3.5458340644836426,3.5409115033271985,,,,2.9996604379390947e-05,,
train_step,54,40,2531,332,3.4512977600097656,3.5386711597442626,,,,2.9996381782927774e-05,,
train_step,54,41,2532,332,3.651614189147949,3.541425867778499,,,,2.9996381782927774e-05,,
train_step,54,42,2533,333,3.4047999382019043,3.538172869455247,,,,2.9996152121104215e-05,,
train_step,54,43,2534,333,3.2909982204437256,3.532424621803816,,,,2.9996152121104215e-05,,
train_step,54,44,2535,334,3.175358772277832,3.5243094888600437,,,,2.999591539403222e-05,,
train_step,54,45,2536,334,3.6825175285339355,3.527825223075019,,,,2.999591539403222e-05,,
train_step,54,46,2537,335,3.7161941528320312,3.531920199808867,,,,2.9995671601827157e-05,,
train_step,54,47,2538,336,3.27116060256958,3.526372123271861,,,,2.999542074460785e-05,,
epoch_summary,54,47,2538,336,,,3.526372123271861,nan,nan,2.999542074460785e-05,9.22688889503479,0.21612232079767607
train_step,55,1,2539,336,3.487438201904297,3.487438201904297,,,,2.999542074460785e-05,,
train_step,55,2,2540,337,3.3281240463256836,3.4077811241149902,,,,2.9995162822496564e-05,,
train_step,55,3,2541,337,3.4721384048461914,3.4292335510253906,,,,2.9995162822496564e-05,,
train_step,55,4,2542,338,3.603992223739624,3.472923219203949,,,,2.9994897835619014e-05,,
train_step,55,5,2543,338,3.15401029586792,3.409140634536743,,,,2.9994897835619014e-05,,
train_step,55,6,2544,339,3.424409866333008,3.411685506502787,,,,2.9994625784104336e-05,,
train_step,55,7,2545,339,3.315586566925049,3.3979570865631104,,,,2.9994625784104336e-05,,
train_step,55,8,2546,340,3.1796715259552,3.3706713914871216,,,,2.9994346668085136e-05,,
train_step,55,9,2547,340,3.620626926422119,3.3984442287021213,,,,2.9994346668085136e-05,,
train_step,55,10,2548,341,3.4062399864196777,3.399223804473877,,,,2.9994060487697453e-05,,
train_step,55,11,2549,341,3.1691958904266357,3.378312175924128,,,,2.9994060487697453e-05,,
train_step,55,12,2550,342,3.519731283187866,3.3900971015294394,,,,2.9993767243080763e-05,,
train_step,55,13,2551,342,3.194070816040039,3.375018156491793,,,,2.9993767243080763e-05,,
train_step,55,14,2552,343,3.3486390113830566,3.3731339318411693,,,,2.999346693437799e-05,,
train_step,55,15,2553,343,2.827016830444336,3.33672612508138,,,,2.999346693437799e-05,,
train_step,55,16,2554,344,3.1596179008483887,3.3256568610668182,,,,2.99931595617355e-05,,
train_step,55,17,2555,344,3.598768711090088,3.3417222640093636,,,,2.99931595617355e-05,,
train_step,55,18,2556,345,3.2620654106140137,3.3372968832651773,,,,2.999284512530311e-05,,
train_step,55,19,2557,345,3.8003854751586914,3.3616699670490466,,,,2.999284512530311e-05,,
train_step,55,20,2558,346,3.724048614501953,3.379788899421692,,,,2.999252362523406e-05,,
train_step,55,21,2559,346,3.787062644958496,3.3991828873043968,,,,2.999252362523406e-05,,
train_step,55,22,2560,347,3.5553431510925293,3.4062810811129483,,,,2.9992195061685056e-05,,
train_step,55,23,2561,347,3.130693197250366,3.3942989992058794,,,,2.9992195061685056e-05,,
train_step,55,24,2562,348,3.1953325271606445,3.3860087295373282,,,,2.9991859434816233e-05,,
train_step,55,25,2563,348,3.6069183349609375,3.3948451137542723,,,,2.9991859434816233e-05,,
train_step,55,26,2564,349,3.0118205547332764,3.3801133999457726,,,,2.999151674479117e-05,,
train_step,55,27,2565,349,4.054845809936523,3.405103489204689,,,,2.999151674479117e-05,,
train_step,55,28,2566,350,3.8400180339813232,3.4206361515181407,,,,2.999116699177689e-05,,
train_step,55,29,2567,350,3.3081791400909424,3.416758323537892,,,,2.999116699177689e-05,,
train_step,55,30,2568,351,3.510133981704712,3.4198708454767863,,,,2.9990810175943856e-05,,
train_step,55,31,2569,351,3.3403983116149902,3.417307215352212,,,,2.9990810175943856e-05,,
train_step,55,32,2570,352,3.5052947998046875,3.420056827366352,,,,2.9990446297465983e-05,,
train_step,55,33,2571,352,3.273655652999878,3.4156204281431255,,,,2.9990446297465983e-05,,
train_step,55,34,2572,353,3.484722137451172,3.417652831358068,,,,2.9990075356520614e-05,,
train_step,55,35,2573,353,3.2614660263061523,3.4131903512137276,,,,2.9990075356520614e-05,,
train_step,55,36,2574,354,3.3732171058654785,3.4120799832873874,,,,2.9989697353288545e-05,,
train_step,55,37,2575,354,3.50728440284729,3.414653075707925,,,,2.9989697353288545e-05,,
train_step,55,38,2576,355,3.9506285190582275,3.4287576926381966,,,,2.9989312287954004e-05,,
train_step,55,39,2577,355,3.8820178508758545,3.4403797479776235,,,,2.9989312287954004e-05,,
train_step,55,40,2578,356,3.758920431137085,3.44834326505661,,,,2.998892016070468e-05,,
train_step,55,41,2579,356,3.8267478942871094,3.457572646257354,,,,2.998892016070468e-05,,
train_step,55,42,2580,357,3.2255825996398926,3.452049073718843,,,,2.9988520971731678e-05,,
train_step,55,43,2581,357,3.5963943004608154,3.4554059394570285,,,,2.9988520971731678e-05,,
train_step,55,44,2582,358,3.723376750946045,3.4614961851726878,,,,2.9988114721229568e-05,,
train_step,55,45,2583,358,3.5030555725097656,3.4624197271135118,,,,2.9988114721229568e-05,,
train_step,55,46,2584,359,3.704742193222046,3.4676876068115234,,,,2.998770140939634e-05,,
train_step,55,47,2585,360,3.3159170150756836,3.464458445285229,,,,2.9987281036433446e-05,,
epoch_summary,55,47,2585,360,,,3.464458445285229,nan,nan,2.9987281036433446e-05,9.08466362953186,0.21612232079767607
train_step,56,1,2586,360,2.775195598602295,2.775195598602295,,,,2.9987281036433446e-05,,
train_step,56,2,2587,361,3.3296399116516113,3.052417755126953,,,,2.998685360254577e-05,,
train_step,56,3,2588,361,3.743204116821289,3.282679875691732,,,,2.998685360254577e-05,,
train_step,56,4,2589,362,3.32529878616333,3.2933346033096313,,,,2.9986419107941637e-05,,
train_step,56,5,2590,362,3.4057397842407227,3.31581563949585,,,,2.9986419107941637e-05,,
train_step,56,6,2591,363,3.2650184631347656,3.307349443435669,,,,2.9985977552832812e-05,,
train_step,56,7,2592,363,3.5305047035217285,3.339228766305106,,,,2.9985977552832812e-05,,
train_step,56,8,2593,364,3.90608549118042,3.4100858569145203,,,,2.9985528937434503e-05,,
train_step,56,9,2594,364,3.8655471801757812,3.460692670610216,,,,2.9985528937434503e-05,,
train_step,56,10,2595,365,3.7500526905059814,3.4896286725997925,,,,2.9985073261965364e-05,,
train_step,56,11,2596,365,3.4915456771850586,3.4898029457439077,,,,2.9985073261965364e-05,,
train_step,56,12,2597,366,3.7915451526641846,3.5149481296539307,,,,2.9984610526647483e-05,,
train_step,56,13,2598,366,3.3358616828918457,3.5011722491337705,,,,2.9984610526647483e-05,,
train_step,56,14,2599,367,3.26887583732605,3.4845796482903615,,,,2.9984140731706392e-05,,
train_step,56,15,2600,367,3.539651870727539,3.4882511297861734,,,,2.9984140731706392e-05,,
train_step,56,16,2601,368,3.2169692516326904,3.471296012401581,,,,2.9983663877371066e-05,,
train_step,56,17,2602,368,3.654877185821533,3.4820949049556957,,,,2.9983663877371066e-05,,
train_step,56,18,2603,369,3.82362961769104,3.5010690556632147,,,,2.9983179963873916e-05,,
train_step,56,19,2604,369,3.407078266143799,3.496122172004298,,,,2.9983179963873916e-05,,
train_step,56,20,2605,370,3.3137130737304688,3.4870017170906067,,,,2.9982688991450795e-05,,
train_step,56,21,2606,370,3.7625858783721924,3.50012477238973,,,,2.9982688991450795e-05,,
train_step,56,22,2607,371,3.0292398929595947,3.4787209142338145,,,,2.9982190960340997e-05,,
train_step,56,23,2608,371,3.1623005867004395,3.4649635086888853,,,,2.9982190960340997e-05,,
train_step,56,24,2609,372,3.0715320110321045,3.4485705296198526,,,,2.9981685870787255e-05,,
train_step,56,25,2610,372,3.2944507598876953,3.4424057388305664,,,,2.9981685870787255e-05,,
train_step,56,26,2611,373,3.7145180702209473,3.4528715977301965,,,,2.9981173723035746e-05,,
train_step,56,27,2612,373,3.1350274085998535,3.441099590725369,,,,2.9981173723035746e-05,,
train_step,56,28,2613,374,3.5479342937469482,3.4449151158332825,,,,2.9980654517336082e-05,,
train_step,56,29,2614,374,3.585132598876953,3.449750201455478,,,,2.9980654517336082e-05,,
train_step,56,30,2615,375,2.99981689453125,3.434752424558004,,,,2.998012825394132e-05,,
train_step,56,31,2616,375,3.3572728633880615,3.432253083875102,,,,2.998012825394132e-05,,
train_step,56,32,2617,376,3.6108293533325195,3.4378335922956467,,,,2.9979594933107958e-05,,
train_step,56,33,2618,376,3.7482821941375732,3.447241125684796,,,,2.9979594933107958e-05,,
train_step,56,34,2619,377,3.1493968963623047,3.438481001292958,,,,2.997905455509592e-05,,
train_step,56,35,2620,377,3.2287607192993164,3.4324889932359968,,,,2.997905455509592e-05,,
train_step,56,36,2621,378,3.702547311782837,3.439990613195631,,,,2.997850712016859e-05,,
train_step,56,37,2622,378,3.5841727256774902,3.443887427046492,,,,2.997850712016859e-05,,
train_step,56,38,2623,379,3.1897220611572266,3.4371988647862484,,,,2.997795262859277e-05,,
train_step,56,39,2624,379,3.328157663345337,3.4344029365441737,,,,2.997795262859277e-05,,
train_step,56,40,2625,380,3.1206934452056885,3.4265601992607118,,,,2.9977391080638727e-05,,
train_step,56,41,2626,380,3.2992894649505615,3.4234560350092447,,,,2.9977391080638727e-05,,
train_step,56,42,2627,381,3.5215301513671875,3.425791133017767,,,,2.997682247658014e-05,,
train_step,56,43,2628,381,2.9807465076446533,3.41544125800909,,,,2.997682247658014e-05,,
train_step,56,44,2629,382,3.1423964500427246,3.4092356941916724,,,,2.9976246816694147e-05,,
train_step,56,45,2630,382,3.473029613494873,3.410653336842855,,,,2.9976246816694147e-05,,
train_step,56,46,2631,383,3.3540186882019043,3.409422148828921,,,,2.9975664101261308e-05,,
train_step,56,47,2632,384,3.454780101776123,3.410387211657585,,,,2.9975074330565645e-05,,
epoch_summary,56,47,2632,384,,,3.410387211657585,nan,nan,2.9975074330565645e-05,9.28201675415039,0.21612232079767607
train_step,57,1,2633,384,3.190708875656128,3.190708875656128,,,,2.9975074330565645e-05,,
train_step,57,2,2634,385,2.9740591049194336,3.0823839902877808,,,,2.9974477504894598e-05,,
train_step,57,3,2635,385,3.0943901538848877,3.08638604482015,,,,2.9974477504894598e-05,,
train_step,57,4,2636,386,3.3041558265686035,3.140828490257263,,,,2.9973873624539053e-05,,
train_step,57,5,2637,386,3.539033889770508,3.220469570159912,,,,2.9973873624539053e-05,,
train_step,57,6,2638,387,3.3304402828216553,3.2387980222702026,,,,2.997326268979333e-05,,
train_step,57,7,2639,387,3.0142524242401123,3.2067200796944753,,,,2.997326268979333e-05,,
train_step,57,8,2640,388,3.537297010421753,3.248042196035385,,,,2.99726447009552e-05,,
train_step,57,9,2641,388,3.7321510314941406,3.3018320666419134,,,,2.99726447009552e-05,,
train_step,57,10,2642,389,3.7628531455993652,3.3479341745376585,,,,2.9972019658325857e-05,,
train_step,57,11,2643,389,3.407710552215576,3.3533683906901968,,,,2.9972019658325857e-05,,
train_step,57,12,2644,390,3.3042397499084473,3.3492743372917175,,,,2.997138756220994e-05,,
train_step,57,13,2645,390,3.5633339881896973,3.3657404642838697,,,,2.997138756220994e-05,,
train_step,57,14,2646,391,3.2624754905700684,3.358364394732884,,,,2.9970748412915526e-05,,
train_step,57,15,2647,391,3.469550132751465,3.365776777267456,,,,2.9970748412915526e-05,,
train_step,57,16,2648,392,3.4548332691192627,3.371342808008194,,,,2.9970102210754125e-05,,
train_step,57,17,2649,392,3.201754570007324,3.3613670293022606,,,,2.9970102210754125e-05,,
train_step,57,18,2650,393,3.2346019744873047,3.354324526256985,,,,2.9969448956040693e-05,,
train_step,57,19,2651,393,3.4524688720703125,3.359490018141897,,,,2.9969448956040693e-05,,
train_step,57,20,2652,394,3.276740312576294,3.355352532863617,,,,2.996878864909362e-05,,
train_step,57,21,2653,394,3.457186222076416,3.3602017561594644,,,,2.996878864909362e-05,,
train_step,57,22,2654,395,3.0037670135498047,3.3440001769499346,,,,2.9968121290234724e-05,,
train_step,57,23,2655,395,3.326406955718994,3.3432352542877197,,,,2.9968121290234724e-05,,
train_step,57,24,2656,396,3.3068807125091553,3.341720481713613,,,,2.996744687978928e-05,,
train_step,57,25,2657,396,2.7817862033843994,3.319323110580444,,,,2.996744687978928e-05,,
train_step,57,26,2658,397,2.950641393661499,3.3051430445451,,,,2.9966765418085966e-05,,
train_step,57,27,2659,397,2.8844385147094727,3.289561395291929,,,,2.9966765418085966e-05,,
train_step,57,28,2660,398,4.239614486694336,3.323491862842015,,,,2.9966076905456942e-05,,
train_step,57,29,2661,398,3.1389622688293457,3.317128773393302,,,,2.9966076905456942e-05,,
train_step,57,30,2662,399,3.351274013519287,3.3182669480641684,,,,2.9965381342237764e-05,,
train_step,57,31,2663,399,3.1107773780822754,3.3115737361292683,,,,2.9965381342237764e-05,,
train_step,57,32,2664,400,3.2984213829040527,3.3111627250909805,,,,2.996467872876745e-05,,
train_step,57,33,2665,400,3.0748534202575684,3.3040018370657256,,,,2.996467872876745e-05,,
train_step,57,34,2666,401,4.039101600646973,3.325622418347527,,,,2.9963969065388445e-05,,
train_step,57,35,2667,401,3.613981246948242,3.333861242021833,,,,2.9963969065388445e-05,,
train_step,57,36,2668,402,3.35947847366333,3.3345728317896524,,,,2.9963252352446625e-05,,
train_step,57,37,2669,402,3.356177806854248,3.3351567500346415,,,,2.9963252352446625e-05,,
train_step,57,38,2670,403,3.229706048965454,3.3323817315854525,,,,2.996252859029131e-05,,
train_step,57,39,2671,403,3.0886359214782715,3.3261318390186014,,,,2.996252859029131e-05,,
train_step,57,40,2672,404,3.600412368774414,3.332988852262497,,,,2.9961797779275255e-05,,
train_step,57,41,2673,404,3.5688304901123047,3.3387410873320045,,,,2.9961797779275255e-05,,
train_step,57,42,2674,405,3.6370022296905518,3.345842543102446,,,,2.996105991975464e-05,,
train_step,57,43,2675,405,3.6194868087768555,3.352206363234409,,,,2.996105991975464e-05,,
train_step,57,44,2676,406,2.758434772491455,3.3387115543538872,,,,2.9960315012089104e-05,,
train_step,57,45,2677,406,3.495528221130371,3.3421963691711425,,,,2.9960315012089104e-05,,
train_step,57,46,2678,407,3.2071456909179688,3.339260484861291,,,,2.9959563056641692e-05,,
train_step,57,47,2679,408,3.6069176197052,3.3449553175175444,,,,2.99588040537789e-05,,
epoch_summary,57,47,2679,408,,,3.3449553175175444,nan,nan,2.99588040537789e-05,9.249410390853882,0.21612232079767607
train_step,58,1,2680,408,3.3676342964172363,3.3676342964172363,,,,2.99588040537789e-05,,
train_step,58,2,2681,409,3.0382094383239746,3.2029218673706055,,,,2.9958038003870667e-05,,
train_step,58,3,2682,409,3.3896749019622803,3.2651728789011636,,,,2.9958038003870667e-05,,
train_step,58,4,2683,410,2.85606050491333,3.1628947854042053,,,,2.9957264907290346e-05,,
train_step,58,5,2684,410,3.2308080196380615,3.1764774322509766,,,,2.9957264907290346e-05,,
train_step,58,6,2685,411,3.0771141052246094,3.159916877746582,,,,2.9956484764414736e-05,,
train_step,58,7,2686,411,3.29604434967041,3.179363659449986,,,,2.9956484764414736e-05,,
train_step,58,8,2687,412,3.1410820484161377,3.174578458070755,,,,2.9955697575624072e-05,,
train_step,58,9,2688,412,3.4648704528808594,3.2068331241607666,,,,2.9955697575624072e-05,,
train_step,58,10,2689,413,3.2203478813171387,3.208184599876404,,,,2.995490334130202e-05,,
train_step,58,11,2690,413,3.315101385116577,3.2179043076255103,,,,2.995490334130202e-05,,
train_step,58,12,2691,414,3.5178134441375732,3.2428967356681824,,,,2.995410206183568e-05,,
train_step,58,13,2692,414,3.2649917602539062,3.2445963529440074,,,,2.995410206183568e-05,,
train_step,58,14,2693,415,3.3153347969055176,3.249649098941258,,,,2.9953293737615587e-05,,
train_step,58,15,2694,415,3.39157772064209,3.259111007054647,,,,2.9953293737615587e-05,,
train_step,58,16,2695,416,3.1874403953552246,3.254631593823433,,,,2.9952478369035702e-05,,
train_step,58,17,2696,416,3.2201263904571533,3.2526018759783577,,,,2.9952478369035702e-05,,
train_step,58,18,2697,417,3.4666407108306885,3.2644929223590426,,,,2.9951655956493433e-05,,
train_step,58,19,2698,417,3.2932331562042236,3.266005566245631,,,,2.9951655956493433e-05,,
train_step,58,20,2699,418,3.217311143875122,3.2635708451271057,,,,2.9950826500389612e-05,,
train_step,58,21,2700,418,3.4088122844696045,3.2704871041434154,,,,2.9950826500389612e-05,,
train_step,58,22,2701,419,3.2488303184509277,3.269502704793757,,,,2.9949990001128508e-05,,
train_step,58,23,2702,419,3.610489845275879,3.2843282326408056,,,,2.9949990001128508e-05,,
train_step,58,24,2703,420,3.6199240684509277,3.298311392466227,,,,2.9949146459117814e-05,,
train_step,58,25,2704,420,3.3594512939453125,3.3007569885253907,,,,2.9949146459117814e-05,,
train_step,58,26,2705,421,3.2524538040161133,3.2988991737365723,,,,2.9948295874768664e-05,,
train_step,58,27,2706,421,3.3188576698303223,3.2996383772956,,,,2.9948295874768664e-05,,
train_step,58,28,2707,422,3.2073426246643066,3.296342100415911,,,,2.9947438248495632e-05,,
train_step,58,29,2708,422,2.8566975593566895,3.281181943827662,,,,2.9947438248495632e-05,,
train_step,58,30,2709,423,3.2557249069213867,3.280333375930786,,,,2.9946573580716703e-05,,
train_step,58,31,2710,423,4.17922306060791,3.309329817371984,,,,2.9946573580716703e-05,,
train_step,58,32,2711,424,3.4870176315307617,3.3148825615644455,,,,2.994570187185331e-05,,
train_step,58,33,2712,424,3.4434585571289062,3.318778803854278,,,,2.994570187185331e-05,,
train_step,58,34,2713,425,2.547717571258545,3.2961005323073445,,,,2.9944823122330312e-05,,
train_step,58,35,2714,425,3.5592057704925537,3.303617824826922,,,,2.9944823122330312e-05,,
train_step,58,36,2715,426,3.201918601989746,3.3007928464147778,,,,2.9943937332576002e-05,,
train_step,58,37,2716,426,3.3195714950561523,3.3013003774591394,,,,2.9943937332576002e-05,,
train_step,58,38,2717,427,3.1618261337280273,3.29763000262411,,,,2.9943044503022105e-05,,
train_step,58,39,2718,427,3.191915988922119,3.2949193868881617,,,,2.9943044503022105e-05,,
train_step,58,40,2719,428,3.5735292434692383,3.3018846333026888,,,,2.994214463410377e-05,,
train_step,58,41,2720,428,3.0944008827209473,3.296824054020207,,,,2.994214463410377e-05,,
train_step,58,42,2721,429,3.2223734855651855,3.2950514214379445,,,,2.9941237726259586e-05,,
train_step,58,43,2722,429,3.1510043144226074,3.2917014887166576,,,,2.9941237726259586e-05,,
train_step,58,44,2723,430,3.1941001415252686,3.2894832762804898,,,,2.9940323779931568e-05,,
train_step,58,45,2724,430,3.2991180419921875,3.289697382185194,,,,2.9940323779931568e-05,,
train_step,58,46,2725,431,2.9811596870422363,3.282990040986434,,,,2.9939402795565168e-05,,
train_step,58,47,2726,432,3.594496965408325,3.2896178478890277,,,,2.9938474773609255e-05,,
epoch_summary,58,47,2726,432,,,3.2896178478890277,nan,nan,2.9938474773609255e-05,8.91611123085022,0.21612232079767607
train_step,59,1,2727,432,3.105196475982666,3.105196475982666,,,,2.9938474773609255e-05,,
train_step,59,2,2728,433,3.154447317123413,3.1298218965530396,,,,2.9937539714516136e-05,,
train_step,59,3,2729,433,3.4863498210906982,3.2486645380655923,,,,2.9937539714516136e-05,,
train_step,59,4,2730,434,3.173846960067749,3.2299601435661316,,,,2.9936597618741548e-05,,
train_step,59,5,2731,434,3.6175477504730225,3.30747766494751,,,,2.9936597618741548e-05,,
train_step,59,6,2732,435,3.415803909301758,3.3255320390065513,,,,2.993564848674466e-05,,
train_step,59,7,2733,435,3.4850964546203613,3.34832695552281,,,,2.993564848674466e-05,,
train_step,59,8,2734,436,3.2525110244750977,3.3363499641418457,,,,2.9934692318988066e-05,,
train_step,59,9,2735,436,3.4028968811035156,3.343744066026476,,,,2.9934692318988066e-05,,
train_step,59,10,2736,437,2.709993600845337,3.280369019508362,,,,2.9933729115937794e-05,,
train_step,59,11,2737,437,3.1645326614379883,3.2698384415019643,,,,2.9933729115937794e-05,,
train_step,59,12,2738,438,3.4675071239471436,3.286310831705729,,,,2.993275887806329e-05,,
train_step,59,13,2739,438,3.5665946006774902,3.3078711216266337,,,,2.993275887806329e-05,,
train_step,59,14,2740,439,2.962395191192627,3.283194269452776,,,,2.9931781605837437e-05,,
train_step,59,15,2741,439,3.1325159072875977,3.273149045308431,,,,2.9931781605837437e-05,,
train_step,59,16,2742,440,3.033745288848877,3.258186310529709,,,,2.993079729973655e-05,,
train_step,59,17,2743,440,3.2265310287475586,3.2563242351307586,,,,2.993079729973655e-05,,
train_step,59,18,2744,441,3.010895252227783,3.242689291636149,,,,2.992980596024037e-05,,
train_step,59,19,2745,441,2.9842307567596436,3.229086210853175,,,,2.992980596024037e-05,,
train_step,59,20,2746,442,3.9518370628356934,3.265223753452301,,,,2.9928807587832056e-05,,
train_step,59,21,2747,442,2.973803997039795,3.251346622194563,,,,2.9928807587832056e-05,,
train_step,59,22,2748,443,3.150969982147217,3.246784047646956,,,,2.9927802182998213e-05,,
train_step,59,23,2749,443,3.1854076385498047,3.2441155081209927,,,,2.9927802182998213e-05,,
train_step,59,24,2750,444,3.3368802070617676,3.247980703910192,,,,2.9926789746228853e-05,,
train_step,59,25,2751,444,3.2873244285583496,3.249554452896118,,,,2.9926789746228853e-05,,
train_step,59,26,2752,445,3.241971015930176,3.249262782243582,,,,2.9925770278017432e-05,,
train_step,59,27,2753,445,3.343822479248047,3.2527649932437472,,,,2.9925770278017432e-05,,
train_step,59,28,2754,446,3.201986789703369,3.250951485974448,,,,2.9924743778860818e-05,,
train_step,59,29,2755,446,3.590754270553589,3.262668823373729,,,,2.9924743778860818e-05,,
train_step,59,30,2756,447,3.262881278991699,3.262675905227661,,,,2.9923710249259323e-05,,
train_step,59,31,2757,447,2.8790717124938965,3.2503015764297976,,,,2.9923710249259323e-05,,
train_step,59,32,2758,448,3.781629800796509,3.2669055834412575,,,,2.9922669689716678e-05,,
train_step,59,33,2759,448,3.280630350112915,3.267321485461611,,,,2.9922669689716678e-05,,
train_step,59,34,2760,449,2.910961151123047,3.256840299157535,,,,2.992162210074003e-05,,
train_step,59,35,2761,449,3.260291814804077,3.2569389138902936,,,,2.992162210074003e-05,,
train_step,59,36,2762,450,2.7277703285217285,3.2422397865189447,,,,2.9920567482839963e-05,,
train_step,59,37,2763,450,3.0765304565429688,3.2377611559790536,,,,2.9920567482839963e-05,,
train_step,59,38,2764,451,3.6453258991241455,3.248486543956556,,,,2.991950583653049e-05,,
train_step,59,39,2765,451,3.693171501159668,3.2598887223463793,,,,2.991950583653049e-05,,
train_step,59,40,2766,452,3.5371806621551514,3.2668210208415984,,,,2.9918437162329046e-05,,
train_step,59,41,2767,452,3.5059072971343994,3.2726523934341056,,,,2.9918437162329046e-05,,
train_step,59,42,2768,453,3.5287973880767822,3.278751083782741,,,,2.9917361460756486e-05,,
train_step,59,43,2769,453,2.9172515869140625,3.2703441187392834,,,,2.9917361460756486e-05,,
train_step,59,44,2770,454,3.1065144538879395,3.2666207172653894,,,,2.9916278732337093e-05,,
train_step,59,45,2771,454,3.123569965362549,3.263441811667548,,,,2.9916278732337093e-05,,
train_step,59,46,2772,455,2.7550244331359863,3.2523892599603403,,,,2.9915188977598575e-05,,
train_step,59,47,2773,456,3.3691933155059814,3.2548744526315243,,,,2.9914092197072068e-05,,
epoch_summary,59,47,2773,456,,,3.2548744526315243,nan,nan,2.9914092197072068e-05,9.206384181976318,0.21612232079767607
train_step,60,1,2774,456,2.9502146244049072,2.9502146244049072,,,,2.9914092197072068e-05,,
train_step,60,2,2775,457,3.2974729537963867,3.123843789100647,,,,2.991298839129213e-05,,
train_step,60,3,2776,457,3.6383047103881836,3.295330762863159,,,,2.991298839129213e-05,,
train_step,60,4,2777,458,2.977734327316284,3.2159316539764404,,,,2.9911877560796734e-05,,
train_step,60,5,2778,458,3.3679873943328857,3.2463428020477294,,,,2.9911877560796734e-05,,
train_step,60,6,2779,459,3.14005184173584,3.228627641995748,,,,2.99107597061273e-05,,
train_step,60,7,2780,459,2.6780524253845215,3.1499740396227156,,,,2.99107597061273e-05,,
train_step,60,8,2781,460,3.394212245941162,3.1805038154125214,,,,2.990963482782865e-05,,
train_step,60,9,2782,460,3.6239013671875,3.229770210054186,,,,2.990963482782865e-05,,
train_step,60,10,2783,461,3.231750011444092,3.2299681901931763,,,,2.990850292644903e-05,,
train_step,60,11,2784,461,3.0937936305999756,3.2175886847756128,,,,2.990850292644903e-05,,
train_step,60,12,2785,462,3.4671757221221924,3.2383876045544944,,,,2.9907364002540122e-05,,
train_step,60,13,2786,462,2.8075742721557617,3.2052481174468994,,,,2.9907364002540122e-05,,
train_step,60,14,2787,463,3.2686102390289307,3.209773983274187,,,,2.9906218056657025e-05,,
train_step,60,15,2788,463,2.983929395675659,3.1947176774342854,,,,2.9906218056657025e-05,,
train_step,60,16,2789,464,2.9549083709716797,3.1797295957803726,,,,2.990506508935825e-05,,
train_step,60,17,2790,464,3.177173614501953,3.1795792439404655,,,,2.990506508935825e-05,,
train_step,60,18,2791,465,3.569563388824463,3.2012450297673545,,,,2.9903905101205747e-05,,
train_step,60,19,2792,465,2.662510633468628,3.172890587856895,,,,2.9903905101205747e-05,,
train_step,60,20,2793,466,3.3487436771392822,3.1816832423210144,,,,2.990273809276488e-05,,
train_step,60,21,2794,466,2.8526830673217773,3.1660165673210505,,,,2.990273809276488e-05,,
train_step,60,22,2795,467,3.1486098766326904,3.1652253541079434,,,,2.9901564064604433e-05,,
train_step,60,23,2796,467,3.0510876178741455,3.1602628438369087,,,,2.9901564064604433e-05,,
train_step,60,24,2797,468,2.7414755821228027,3.142813374598821,,,,2.9900383017296615e-05,,
train_step,60,25,2798,468,3.434661388397217,3.1544872951507568,,,,2.9900383017296615e-05,,
train_step,60,26,2799,469,3.6985366344451904,3.175412269739004,,,,2.989919495141705e-05,,
train_step,60,27,2800,469,3.289792060852051,3.1796485582987466,,,,2.989919495141705e-05,,
train_step,60,28,2801,470,3.0796523094177246,3.176077263695853,,,,2.9897999867544787e-05,,
train_step,60,29,2802,470,3.171731472015381,3.1759274088103195,,,,2.9897999867544787e-05,,
train_step,60,30,2803,471,3.3205270767211914,3.180747397740682,,,,2.9896797766262298e-05,,
train_step,60,31,2804,471,3.153510332107544,3.1798687827202583,,,,2.9896797766262298e-05,,
train_step,60,32,2805,472,3.2344417572021484,3.1815741881728172,,,,2.9895588648155475e-05,,
train_step,60,33,2806,472,3.389647960662842,3.187879454005848,,,,2.9895588648155475e-05,,
train_step,60,34,2807,473,3.6210365295410156,3.200619367992177,,,,2.989437251381362e-05,,
train_step,60,35,2808,473,3.4740920066833496,3.208432871954782,,,,2.989437251381362e-05,,
train_step,60,36,2809,474,3.0312252044677734,3.203510436746809,,,,2.989314936382947e-05,,
train_step,60,37,2810,474,2.782139778137207,3.1921220405681714,,,,2.989314936382947e-05,,
train_step,60,38,2811,475,3.422541618347168,3.1981857136676184,,,,2.989191919879917e-05,,
train_step,60,39,2812,475,3.1551222801208496,3.197081523063855,,,,2.989191919879917e-05,,
train_step,60,40,2813,476,3.351787567138672,3.200949174165726,,,,2.9890682019322288e-05,,
train_step,60,41,2814,476,3.1858859062194824,3.200581777386549,,,,2.9890682019322288e-05,,
train_step,60,42,2815,477,3.1706302165985107,3.1998686449868337,,,,2.9889437826001807e-05,,
train_step,60,43,2816,477,3.2600417137145996,3.2012680186781775,,,,2.9889437826001807e-05,,
train_step,60,44,2817,478,3.0468826293945312,3.1977592598308218,,,,2.9888186619444137e-05,,
train_step,60,45,2818,478,3.116014003753662,3.1959426985846626,,,,2.9888186619444137e-05,,
train_step,60,46,2819,479,3.4737892150878906,3.2019828402477764,,,,2.9886928400259097e-05,,
train_step,60,47,2820,480,3.0757083892822266,3.1992961498017007,,,,2.9885663169059932e-05,,
epoch_summary,60,47,2820,480,,,3.1992961498017007,1.7938224588121687,0.4663173652694611,2.9885663169059932e-05,142.0976700782776,0.21612232079767607
train_step,61,1,2821,480,3.465989351272583,3.465989351272583,,,,2.9885663169059932e-05,,
train_step,61,2,2822,481,3.5706350803375244,3.5183122158050537,,,,2.9884390926463293e-05,,
train_step,61,3,2823,481,3.1642379760742188,3.400287469228109,,,,2.9884390926463293e-05,,
train_step,61,4,2824,482,3.4441680908203125,3.4112576246261597,,,,2.9883111673089262e-05,,
train_step,61,5,2825,482,3.6643261909484863,3.461871337890625,,,,2.9883111673089262e-05,,
train_step,61,6,2826,483,3.428943157196045,3.456383307774862,,,,2.988182540956133e-05,,
train_step,61,7,2827,483,3.1386466026306152,3.410992349897112,,,,2.988182540956133e-05,,
train_step,61,8,2828,484,2.746922492980957,3.3279836177825928,,,,2.9880532136506404e-05,,
train_step,61,9,2829,484,2.873182535171509,3.277450164159139,,,,2.9880532136506404e-05,,
train_step,61,10,2830,485,3.0543744564056396,3.255142593383789,,,,2.9879231854554808e-05,,
train_step,61,11,2831,485,3.0523102283477783,3.2367032874714243,,,,2.9879231854554808e-05,,
train_step,61,12,2832,486,2.831836700439453,3.20296440521876,,,,2.9877924564340295e-05,,
train_step,61,13,2833,486,2.861809730529785,3.176721737934993,,,,2.9877924564340295e-05,,
train_step,61,14,2834,487,3.082106113433838,3.1699634790420532,,,,2.987661026650001e-05,,
train_step,61,15,2835,487,3.2989797592163086,3.1785645643870035,,,,2.987661026650001e-05,,
train_step,61,16,2836,488,3.0124011039733887,3.1681793481111526,,,,2.9875288961674532e-05,,
train_step,61,17,2837,488,3.413355827331543,3.1826014939476464,,,,2.9875288961674532e-05,,
train_step,61,18,2838,489,3.4345085620880127,3.1965963310665555,,,,2.9873960650507845e-05,,
train_step,61,19,2839,489,2.894083023071289,3.180674578014173,,,,2.9873960650507845e-05,,
train_step,61,20,2840,490,3.113922595977783,3.1773369789123533,,,,2.9872625333647356e-05,,
train_step,61,21,2841,490,3.006237506866455,3.169189385005406,,,,2.9872625333647356e-05,,
train_step,61,22,2842,491,2.822314500808716,3.1534223448146474,,,,2.9871283011743878e-05,,
train_step,61,23,2843,491,3.021878480911255,3.147703046384065,,,,2.9871283011743878e-05,,
train_step,61,24,2844,492,3.1492769718170166,3.147768626610438,,,,2.9869933685451645e-05,,
train_step,61,25,2845,492,3.264270782470703,3.1524287128448485,,,,2.9869933685451645e-05,,
train_step,61,26,2846,493,3.1441457271575928,3.152110136472262,,,,2.98685773554283e-05,,
train_step,61,27,2847,493,3.0562820434570312,3.148560947842068,,,,2.98685773554283e-05,,
train_step,61,28,2848,494,3.150094985961914,3.148615734917777,,,,2.9867214022334906e-05,,
train_step,61,29,2849,494,3.2093217372894287,3.1507090453443856,,,,2.9867214022334906e-05,,
train_step,61,30,2850,495,2.917829751968384,3.142946402231852,,,,2.9865843686835932e-05,,
train_step,61,31,2851,495,2.853011131286621,3.1335936515561995,,,,2.9865843686835932e-05,,
train_step,61,32,2852,496,3.0764925479888916,3.131809242069721,,,,2.986446634959926e-05,,
train_step,61,33,2853,496,3.0573017597198486,3.1295514395742705,,,,2.986446634959926e-05,,
train_step,61,34,2854,497,3.4212682247161865,3.138131345019621,,,,2.9863082011296197e-05,,
train_step,61,35,2855,497,3.3465616703033447,3.1440864971705844,,,,2.9863082011296197e-05,,
train_step,61,36,2856,498,3.1213202476501465,3.1434541013505726,,,,2.986169067260144e-05,,
train_step,61,37,2857,498,3.1489386558532715,3.143602332553348,,,,2.986169067260144e-05,,
train_step,61,38,2858,499,3.2891950607299805,3.147433720136944,,,,2.9860292334193123e-05,,
train_step,61,39,2859,499,3.3876914978027344,3.153594175974528,,,,2.9860292334193123e-05,,
train_step,61,40,2860,500,2.733422040939331,3.1430898725986482,,,,2.985888699675277e-05,,
train_step,61,41,2861,500,3.583613157272339,3.153834342956543,,,,2.985888699675277e-05,,
train_step,61,42,2862,501,2.828704833984375,3.1460931641714915,,,,2.985747466096533e-05,,
train_step,61,43,2863,501,2.9106404781341553,3.140617520310158,,,,2.985747466096533e-05,,
train_step,61,44,2864,502,3.0842251777648926,3.139335876161402,,,,2.9856055327519154e-05,,
train_step,61,45,2865,502,3.398165225982666,3.145087639490763,,,,2.9856055327519154e-05,,
train_step,61,46,2866,503,2.9661803245544434,3.141198350035626,,,,2.9854628997106013e-05,,
train_step,61,47,2867,504,3.7059149742126465,3.1532135973585413,,,,2.985319567042108e-05,,
epoch_summary,61,47,2867,504,,,3.1532135973585413,nan,nan,2.985319567042108e-05,9.116413116455078,0.21612232079767607
train_step,62,1,2868,504,2.777333974838257,2.777333974838257,,,,2.985319567042108e-05,,
train_step,62,2,2869,505,3.1713380813598633,2.97433602809906,,,,2.985175534816294e-05,,
train_step,62,3,2870,505,3.3973336219787598,3.11533522605896,,,,2.985175534816294e-05,,
train_step,62,4,2871,506,2.82528018951416,3.04282146692276,,,,2.9850308031033593e-05,,
train_step,62,5,2872,506,3.5688133239746094,3.1480198383331297,,,,2.9850308031033593e-05,,
train_step,62,6,2873,507,2.8433969020843506,3.0972493489583335,,,,2.9848853719738437e-05,,
train_step,62,7,2874,507,3.0658984184265137,3.0927706445966447,,,,2.9848853719738437e-05,,
train_step,62,8,2875,508,3.225367307662964,3.1093452274799347,,,,2.9847392414986296e-05,,
train_step,62,9,2876,508,3.0757040977478027,3.1056073241763644,,,,2.9847392414986296e-05,,
train_step,62,10,2877,509,3.0932223796844482,3.1043688297271728,,,,2.9845924117489383e-05,,
train_step,62,11,2878,509,3.277737855911255,3.1201296502893623,,,,2.9845924117489383e-05,,
train_step,62,12,2879,510,2.822086811065674,3.0952927470207214,,,,2.9844448827963332e-05,,
train_step,62,13,2880,510,3.832955837249756,3.152036061653724,,,,2.9844448827963332e-05,,
train_step,62,14,2881,511,2.856673002243042,3.130938700267247,,,,2.9842966547127182e-05,,
train_step,62,15,2882,511,2.7746503353118896,3.1071861426035565,,,,2.9842966547127182e-05,,
train_step,62,16,2883,512,3.2593421936035156,3.1166958957910538,,,,2.9841477275703372e-05,,
train_step,62,17,2884,512,2.8527512550354004,3.101169740452486,,,,2.9841477275703372e-05,,
train_step,62,18,2885,513,3.070079803466797,3.0994425217310586,,,,2.9839981014417765e-05,,
train_step,62,19,2886,513,2.713071823120117,3.079107221804167,,,,2.9839981014417765e-05,,
train_step,62,20,2887,514,3.7612929344177246,3.113216507434845,,,,2.9838477763999615e-05,,
train_step,62,21,2888,514,3.318821430206299,3.1230072180430093,,,,2.9838477763999615e-05,,
train_step,62,22,2889,515,3.538557291030884,3.1418958577242764,,,,2.9836967525181585e-05,,
train_step,62,23,2890,515,3.3068342208862305,3.149067090905231,,,,2.9836967525181585e-05,,
train_step,62,24,2891,516,2.87662935256958,3.137715518474579,,,,2.9835450298699754e-05,,
train_step,62,25,2892,516,3.207130193710327,3.1404921054840087,,,,2.9835450298699754e-05,,
train_step,62,26,2893,517,3.2335267066955566,3.1440703593767605,,,,2.9833926085293596e-05,,
train_step,62,27,2894,517,2.770876884460449,3.1302483788243047,,,,2.9833926085293596e-05,,
train_step,62,28,2895,518,3.4316890239715576,3.141014116150992,,,,2.9832394885705994e-05,,
train_step,62,29,2896,518,2.827601909637451,3.130206798685008,,,,2.9832394885705994e-05,,
train_step,62,30,2897,519,3.3578248023986816,3.1377940654754637,,,,2.9830856700683237e-05,,
train_step,62,31,2898,519,2.850238800048828,3.128518089171379,,,,2.9830856700683237e-05,,
train_step,62,32,2899,520,2.9487109184265137,3.122899115085602,,,,2.9829311530975016e-05,,
train_step,62,33,2900,520,2.647341012954712,3.108488263505878,,,,2.9829311530975016e-05,,
train_step,62,34,2901,521,3.3270058631896973,3.1149152517318726,,,,2.9827759377334432e-05,,
train_step,62,35,2902,521,3.1888599395751953,3.117027957098825,,,,2.9827759377334432e-05,,
train_step,62,36,2903,522,3.428392171859741,3.1256769630644055,,,,2.9826200240517983e-05,,
train_step,62,37,2904,522,3.2538387775421143,3.1291407958881274,,,,2.9826200240517983e-05,,
train_step,62,38,2905,523,2.941483974456787,3.12420245848204,,,,2.982463412128557e-05,,
train_step,62,39,2906,523,3.4972410202026367,3.133767549808209,,,,2.982463412128557e-05,,
train_step,62,40,2907,524,2.7461798191070557,3.12407785654068,,,,2.9823061020400503e-05,,
train_step,62,41,2908,524,2.6567306518554688,3.1126791442312847,,,,2.9823061020400503e-05,,
train_step,62,42,2909,525,3.179246425628662,3.1142640795026506,,,,2.98214809386295e-05,,
train_step,62,43,2910,525,2.7870845794677734,3.106655253920444,,,,2.98214809386295e-05,,
train_step,62,44,2911,526,3.1571097373962402,3.1078019467267124,,,,2.981989387674266e-05,,
train_step,62,45,2912,526,3.24246883392334,3.1107945442199707,,,,2.981989387674266e-05,,
train_step,62,46,2913,527,3.4769821166992188,3.1187551436216934,,,,2.981829983551351e-05,,
train_step,62,47,2914,528,3.2167508602142334,3.120840158868343,,,,2.9816698815718956e-05,,
epoch_summary,62,47,2914,528,,,3.120840158868343,nan,nan,2.9816698815718956e-05,9.165607690811157,0.21612232079767607
train_step,63,1,2915,528,2.678471326828003,2.678471326828003,,,,2.9816698815718956e-05,,
train_step,63,2,2916,529,3.2319891452789307,2.955230236053467,,,,2.9815090818139323e-05,,
train_step,63,3,2917,529,2.8850417137145996,2.931834061940511,,,,2.9815090818139323e-05,,
train_step,63,4,2918,530,2.9069714546203613,2.9256184101104736,,,,2.9813475843558327e-05,,
train_step,63,5,2919,530,3.041294574737549,2.9487536430358885,,,,2.9813475843558327e-05,,
train_step,63,6,2920,531,2.7554144859313965,2.91653045018514,,,,2.9811853892763084e-05,,
train_step,63,7,2921,531,3.33937406539917,2.9769366809300015,,,,2.9811853892763084e-05,,
train_step,63,8,2922,532,3.4206337928771973,3.032398819923401,,,,2.981022496654412e-05,,
train_step,63,9,2923,532,3.2073593139648438,3.0518388748168945,,,,2.981022496654412e-05,,
train_step,63,10,2924,533,3.3016812801361084,3.076823115348816,,,,2.9808589065695348e-05,,
train_step,63,11,2925,533,2.4726805686950684,3.0219010656530205,,,,2.9808589065695348e-05,,
train_step,63,12,2926,534,2.8805289268493652,3.0101200540860495,,,,2.9806946191014085e-05,,
train_step,63,13,2927,534,3.032893657684326,3.011871869747455,,,,2.9806946191014085e-05,,
train_step,63,14,2928,535,2.8437297344207764,2.999861717224121,,,,2.9805296343301057e-05,,
train_step,63,15,2929,535,2.94730544090271,2.99635796546936,,,,2.9805296343301057e-05,,
train_step,63,16,2930,536,2.632996082305908,2.9736478477716446,,,,2.9803639523360374e-05,,
train_step,63,17,2931,536,3.114272356033325,2.9819198776693905,,,,2.9803639523360374e-05,,
train_step,63,18,2932,537,3.645592212677002,3.0187905629475913,,,,2.9801975731999546e-05,,
train_step,63,19,2933,537,3.30967378616333,3.034100206274735,,,,2.9801975731999546e-05,,
train_step,63,20,2934,538,3.7038965225219727,3.067590022087097,,,,2.9800304970029488e-05,,
train_step,63,21,2935,538,3.204146385192871,3.074092706044515,,,,2.9800304970029488e-05,,
train_step,63,22,2936,539,2.9845035076141357,3.070020469752225,,,,2.9798627238264514e-05,,
train_step,63,23,2937,539,3.2517483234405518,3.0779216807821523,,,,2.9798627238264514e-05,,
train_step,63,24,2938,540,2.929729461669922,3.0717470049858093,,,,2.9796942537522322e-05,,
train_step,63,25,2939,540,2.807189464569092,3.0611647033691405,,,,2.9796942537522322e-05,,
train_step,63,26,2940,541,3.04198956489563,3.0604271980432363,,,,2.979525086862402e-05,,
train_step,63,27,2941,541,3.7924399375915527,3.0875387809894703,,,,2.979525086862402e-05,,
train_step,63,28,2942,542,3.150263547897339,3.08977895123618,,,,2.9793552232394105e-05,,
train_step,63,29,2943,542,3.4741218090057373,3.1030321532282334,,,,2.9793552232394105e-05,,
train_step,63,30,2944,543,3.1580705642700195,3.1048667669296264,,,,2.9791846629660472e-05,,
train_step,63,31,2945,543,2.902404308319092,3.0983357198776735,,,,2.9791846629660472e-05,,
train_step,63,32,2946,544,3.389676332473755,3.1074401140213013,,,,2.979013406125441e-05,,
train_step,63,33,2947,544,3.310717821121216,3.1136000445394805,,,,2.979013406125441e-05,,
train_step,63,34,2948,545,3.0786352157592773,3.1125716672224155,,,,2.9788414528010608e-05,,
train_step,63,35,2949,545,2.6525821685791016,3.099429110118321,,,,2.9788414528010608e-05,,
train_step,63,36,2950,546,3.2912206649780273,3.1047566533088684,,,,2.978668803076714e-05,,
train_step,63,37,2951,546,2.9080376625061035,3.0994399238277124,,,,2.978668803076714e-05,,
train_step,63,38,2952,547,2.9623830318450928,3.0958331635123804,,,,2.9784954570365482e-05,,
train_step,63,39,2953,547,2.5256614685058594,3.0812133764609313,,,,2.9784954570365482e-05,,
train_step,63,40,2954,548,3.324052333831787,3.0872843503952025,,,,2.9783214147650502e-05,,
train_step,63,41,2955,548,3.2553935050964355,3.0913845736805987,,,,2.9783214147650502e-05,,
train_step,63,42,2956,549,3.164113998413086,3.0931162266504195,,,,2.9781466763470463e-05,,
train_step,63,43,2957,549,3.3046960830688477,3.0980366884275923,,,,2.9781466763470463e-05,,
train_step,63,44,2958,550,2.5662965774536133,3.0859516859054565,,,,2.977971241867702e-05,,
train_step,63,45,2959,550,2.813905715942383,3.079906219906277,,,,2.977971241867702e-05,,
train_step,63,46,2960,551,3.1015560626983643,3.080376868662627,,,,2.977795111412521e-05,,
train_step,63,47,2961,552,3.588205099105835,3.0911817246295037,,,,2.977618285067348e-05,,
epoch_summary,63,47,2961,552,,,3.0911817246295037,nan,nan,2.977618285067348e-05,9.071902513504028,0.21612232079767607
train_step,64,1,2962,552,2.4790568351745605,2.4790568351745605,,,,2.977618285067348e-05,,
train_step,64,2,2963,553,2.996314525604248,2.7376856803894043,,,,2.9774407629183656e-05,,
train_step,64,3,2964,553,3.0666918754577637,2.8473544120788574,,,,2.9774407629183656e-05,,
train_step,64,4,2965,554,2.8077874183654785,2.8374626636505127,,,,2.977262545052096e-05,,
train_step,64,5,2966,554,3.3996901512145996,2.94990816116333,,,,2.977262545052096e-05,,
train_step,64,6,2967,555,3.1896467208862305,2.9898645877838135,,,,2.9770836315554008e-05,,
train_step,64,7,2968,555,2.9460387229919434,2.9836037499564037,,,,2.9770836315554008e-05,,
train_step,64,8,2969,556,3.304094076156616,3.02366504073143,,,,2.97690402251548e-05,,
train_step,64,9,2970,556,2.996582508087158,3.020655870437622,,,,2.97690402251548e-05,,
train_step,64,10,2971,557,2.486870288848877,2.9672773122787475,,,,2.9767237180198727e-05,,
train_step,64,11,2972,557,3.0233206748962402,2.9723721634257925,,,,2.9767237180198727e-05,,
train_step,64,12,2973,558,3.1757357120513916,2.989319125811259,,,,2.9765427181564574e-05,,
train_step,64,13,2974,558,3.0347752571105957,2.992815751295823,,,,2.9765427181564574e-05,,
train_step,64,14,2975,559,3.019061326980591,2.9946904352733066,,,,2.976361023013451e-05,,
train_step,64,15,2976,559,2.72611665725708,2.9767855167388917,,,,2.976361023013451e-05,,
train_step,64,16,2977,560,2.992197036743164,2.9777487367391586,,,,2.97617863267941e-05,,
train_step,64,17,2978,560,3.293692111968994,2.9963336411644432,,,,2.97617863267941e-05,,
train_step,64,18,2979,561,3.0023958683013916,2.9966704315609403,,,,2.975995547243228e-05,,
train_step,64,19,2980,561,3.4527125358581543,3.0206726475765833,,,,2.975995547243228e-05,,
train_step,64,20,2981,562,2.6511411666870117,3.0021960735321045,,,,2.9758117667941402e-05,,
train_step,64,21,2982,562,3.0127103328704834,3.0026967525482178,,,,2.9758117667941402e-05,,
train_step,64,22,2983,563,3.4378490447998047,3.022476402196017,,,,2.9756272914217177e-05,,
train_step,64,23,2984,563,3.231555461883545,3.031566796095475,,,,2.9756272914217177e-05,,
train_step,64,24,2985,564,3.026628017425537,3.031361013650894,,,,2.9754421212158726e-05,,
train_step,64,25,2986,564,3.02244234085083,3.0310042667388917,,,,2.9754421212158726e-05,,
train_step,64,26,2987,565,3.2964396476745605,3.041213319851802,,,,2.9752562562668537e-05,,
train_step,64,27,2988,565,3.015707492828369,3.040268659591675,,,,2.9752562562668537e-05,,
train_step,64,28,2989,566,2.856943130493164,3.033721319266728,,,,2.97506969666525e-05,,
train_step,64,29,2990,566,2.9876699447631836,3.0321333408355713,,,,2.97506969666525e-05,,
train_step,64,30,2991,567,3.6981847286224365,3.0543350537618,,,,2.9748824425019877e-05,,
train_step,64,31,2992,567,3.0226099491119385,3.053311663289224,,,,2.9748824425019877e-05,,
train_step,64,32,2993,568,3.4676380157470703,3.0662593618035316,,,,2.9746944938683327e-05,,
train_step,64,33,2994,568,2.7527427673339844,3.056758858940818,,,,2.9746944938683327e-05,,
train_step,64,34,2995,569,3.029320478439331,3.055951847749598,,,,2.9745058508558893e-05,,
train_step,64,35,2996,569,3.211400270462036,3.0603932312556674,,,,2.9745058508558893e-05,,
train_step,64,36,2997,570,3.286755084991455,3.066681060526106,,,,2.9743165135565988e-05,,
train_step,64,37,2998,570,3.4951395988464355,3.07826102102125,,,,2.9743165135565988e-05,,
train_step,64,38,2999,571,2.879659414291382,3.0730346629494116,,,,2.974126482062742e-05,,
train_step,64,39,3000,571,3.142073631286621,3.074804892906776,,,,2.974126482062742e-05,,
train_step,64,40,3001,572,2.6666367053985596,3.0646006882190706,,,,2.9739357564669392e-05,,
train_step,64,41,3002,572,3.1851868629455566,3.0675418144319115,,,,2.9739357564669392e-05,,
train_step,64,42,3003,573,2.9587035179138184,3.064950426419576,,,,2.9737443368621466e-05,,
train_step,64,43,3004,573,3.4969823360443115,3.074997680131779,,,,2.9737443368621466e-05,,
train_step,64,44,3005,574,3.0577807426452637,3.0746063860979946,,,,2.9735522233416595e-05,,
train_step,64,45,3006,574,3.4210081100463867,3.0823042021857368,,,,2.9735522233416595e-05,,
train_step,64,46,3007,575,3.0627756118774414,3.0818796676138174,,,,2.973359415999113e-05,,
train_step,64,47,3008,576,2.7461369037628174,3.0747362045531577,,,,2.973165914928478e-05,,
epoch_summary,64,47,3008,576,,,3.0747362045531577,nan,nan,2.973165914928478e-05,9.320049047470093,0.21612232079767607
train_step,65,1,3009,576,3.2383038997650146,3.2383038997650146,,,,2.973165914928478e-05,,
train_step,65,2,3010,577,3.1234192848205566,3.1808615922927856,,,,2.9729717202240647e-05,,
train_step,65,3,3011,577,2.7953040599823,3.052342414855957,,,,2.9729717202240647e-05,,
train_step,65,4,3012,578,3.3482885360717773,3.126328945159912,,,,2.9727768319805213e-05,,
train_step,65,5,3013,578,2.627336263656616,3.026530408859253,,,,2.9727768319805213e-05,,
train_step,65,6,3014,579,3.088675022125244,3.036887844403585,,,,2.9725812502928342e-05,,
train_step,65,7,3015,579,2.861450672149658,3.0118253912244524,,,,2.9725812502928342e-05,,
train_step,65,8,3016,580,2.6766133308410645,2.969923883676529,,,,2.9723849752563277e-05,,
train_step,65,9,3017,580,2.663327693939209,2.935857640372382,,,,2.9723849752563277e-05,,
train_step,65,10,3018,581,3.0911865234375,2.951390528678894,,,,2.9721880069666637e-05,,
train_step,65,11,3019,581,2.8248953819274902,2.939890969883312,,,,2.9721880069666637e-05,,
train_step,65,12,3020,582,2.6161932945251465,2.9129161636034646,,,,2.9719903455198414e-05,,
train_step,65,13,3021,582,3.2681941986083984,2.9402452432192288,,,,2.9719903455198414e-05,,
train_step,65,14,3022,583,2.712728977203369,2.923994081360953,,,,2.9717919910121998e-05,,
train_step,65,15,3023,583,3.101292133331299,2.9358139514923094,,,,2.9717919910121998e-05,,
train_step,65,16,3024,584,2.8899683952331543,2.9329486042261124,,,,2.9715929435404138e-05,,
train_step,65,17,3025,584,2.8817203044891357,2.9299351748298195,,,,2.9715929435404138e-05,,
train_step,65,18,3026,585,3.236931800842285,2.946990542941623,,,,2.9713932032014967e-05,,
train_step,65,19,3027,585,2.8445043563842773,2.9415965331228158,,,,2.9713932032014967e-05,,
train_step,65,20,3028,586,2.906796932220459,2.9398565530776977,,,,2.9711927700928e-05,,
train_step,65,21,3029,586,3.0038857460021973,2.9429055622645786,,,,2.9711927700928e-05,,
train_step,65,22,3030,587,3.0229268074035645,2.946542891589078,,,,2.9709916443120115e-05,,
train_step,65,23,3031,587,3.2139699459075928,2.958170154820318,,,,2.9709916443120115e-05,,
train_step,65,24,3032,588,3.098979949951172,2.964037229617437,,,,2.970789825957158e-05,,
train_step,65,25,3033,588,3.3605690002441406,2.9798985004425047,,,,2.970789825957158e-05,,
train_step,65,26,3034,589,2.7875123023986816,2.972499031286973,,,,2.9705873151266033e-05,,
train_step,65,27,3035,589,2.7516226768493652,2.9643184255670616,,,,2.9705873151266033e-05,,
train_step,65,28,3036,590,3.6972596645355225,2.990494898387364,,,,2.970384111919049e-05,,
train_step,65,29,3037,590,2.6311991214752197,2.9781053888386695,,,,2.970384111919049e-05,,
train_step,65,30,3038,591,3.275099992752075,2.988005208969116,,,,2.9701802164335335e-05,,
train_step,65,31,3039,591,3.0037388801574707,2.9885127467493855,,,,2.9701802164335335e-05,,
train_step,65,32,3040,592,3.0893068313598633,2.991662561893463,,,,2.969975628769433e-05,,
train_step,65,33,3041,592,2.475738525390625,2.976028500181256,,,,2.969975628769433e-05,,
train_step,65,34,3042,593,2.838214874267578,2.971975158242618,,,,2.969770349026461e-05,,
train_step,65,35,3043,593,3.237903594970703,2.9795731135777066,,,,2.969770349026461e-05,,
train_step,65,36,3044,594,2.7406764030456543,2.972937093840705,,,,2.9695643773046684e-05,,
train_step,65,37,3045,594,3.29880690574646,2.981744386054374,,,,2.9695643773046684e-05,,
train_step,65,38,3046,595,3.7030251026153564,3.000725457542821,,,,2.9693577137044432e-05,,
train_step,65,39,3047,595,3.3635382652282715,3.010028350047576,,,,2.9693577137044432e-05,,
train_step,65,40,3048,596,2.816681385040283,3.005194675922394,,,,2.9691503583265112e-05,,
train_step,65,41,3049,596,2.4623374938964844,2.991954256848591,,,,2.9691503583265112e-05,,
train_step,65,42,3050,597,3.1746723651885986,2.996304687999544,,,,2.9689423112719347e-05,,
train_step,65,43,3051,597,3.00344181060791,2.996470667595087,,,,2.9689423112719347e-05,,
train_step,65,44,3052,598,3.796637535095215,3.01465627822009,,,,2.9687335726421133e-05,,
train_step,65,45,3053,598,3.0637125968933105,3.0157464186350507,,,,2.9687335726421133e-05,,
train_step,65,46,3054,599,3.0430490970611572,3.0163399551225747,,,,2.9685241425387827e-05,,
train_step,65,47,3055,600,2.9878196716308594,3.0157331405801977,,,,2.9683140210640184e-05,,
epoch_summary,65,47,3055,600,,,3.0157331405801977,nan,nan,2.9683140210640184e-05,9.02767038345337,0.21612232079767607
train_step,66,1,3056,600,2.945625066757202,2.945625066757202,,,,2.9683140210640184e-05,,
train_step,66,2,3057,601,2.7772417068481445,2.8614333868026733,,,,2.9681032083202295e-05,,
train_step,66,3,3058,601,3.412283420562744,3.045050064722697,,,,2.9681032083202295e-05,,
train_step,66,4,3059,602,2.815505027770996,2.9876638054847717,,,,2.9678917044101646e-05,,
train_step,66,5,3060,602,2.9361729621887207,2.9773656368255614,,,,2.9678917044101646e-05,,
train_step,66,6,3061,603,2.946631908416748,2.972243348757426,,,,2.9676795094369072e-05,,
train_step,66,7,3062,603,2.881600856781006,2.959294421332223,,,,2.9676795094369072e-05,,
train_step,66,8,3063,604,2.8745126724243164,2.9486967027187347,,,,2.9674666235038798e-05,,
train_step,66,9,3064,604,3.2006092071533203,2.9766869809892444,,,,2.9674666235038798e-05,,
train_step,66,10,3065,605,2.8065547943115234,2.959673762321472,,,,2.9672530467148394e-05,,
train_step,66,11,3066,605,2.6471357345581055,2.9312612143429844,,,,2.9672530467148394e-05,,
train_step,66,12,3067,606,2.650446653366089,2.907860000928243,,,,2.9670387791738807e-05,,
train_step,66,13,3068,606,3.0059683322906494,2.915406795648428,,,,2.9670387791738807e-05,,
train_step,66,14,3069,607,2.970759391784668,2.9193605525153026,,,,2.9668238209854356e-05,,
train_step,66,15,3070,607,3.049607753753662,2.9280436992645265,,,,2.9668238209854356e-05,,
train_step,66,16,3071,608,3.2352051734924316,2.9472412914037704,,,,2.9666081722542718e-05,,
train_step,66,17,3072,608,3.15102481842041,2.959228557698867,,,,2.9666081722542718e-05,,
train_step,66,18,3073,609,2.8034958839416504,2.950576742490133,,,,2.966391833085494e-05,,
train_step,66,19,3074,609,2.776836395263672,2.94143251368874,,,,2.966391833085494e-05,,
train_step,66,20,3075,610,2.7691969871520996,2.932820737361908,,,,2.9661748035845437e-05,,
train_step,66,21,3076,610,2.958829641342163,2.934059256599063,,,,2.9661748035845437e-05,,
train_step,66,22,3077,611,2.9798102378845215,2.9361388466574927,,,,2.9659570838571977e-05,,
train_step,66,23,3078,611,3.301304340362549,2.9520156072533648,,,,2.9659570838571977e-05,,
train_step,66,24,3079,612,2.9843077659606934,2.9533611138661704,,,,2.9657386740095702e-05,,
train_step,66,25,3080,612,2.976590156555176,2.9542902755737304,,,,2.9657386740095702e-05,,
train_step,66,26,3081,613,2.8202648162841797,2.94913545021644,,,,2.9655195741481116e-05,,
train_step,66,27,3082,613,2.8055801391601562,2.9438185868439852,,,,2.9655195741481116e-05,,
train_step,66,28,3083,614,3.1295905113220215,2.9504532984324863,,,,2.9652997843796086e-05,,
train_step,66,29,3084,614,3.1043715476989746,2.955760824269262,,,,2.9652997843796086e-05,,
train_step,66,30,3085,615,2.776702880859375,2.949792226155599,,,,2.965079304811184e-05,,
train_step,66,31,3086,615,2.8112497329711914,2.945323113472231,,,,2.965079304811184e-05,,
train_step,66,32,3087,616,3.053056001663208,2.948689766228199,,,,2.9648581355502964e-05,,
train_step,66,33,3088,616,3.061556100845337,2.952109958186294,,,,2.9648581355502964e-05,,
train_step,66,34,3089,617,2.380467414855957,2.9352969422059902,,,,2.964636276704742e-05,,
train_step,66,35,3090,617,3.3931801319122314,2.9483793190547396,,,,2.964636276704742e-05,,
train_step,66,36,3091,618,3.1647958755493164,2.954390890068478,,,,2.964413728382651e-05,,
train_step,66,37,3092,618,2.7580881118774414,2.9490854095768286,,,,2.964413728382651e-05,,
train_step,66,38,3093,619,3.3607845306396484,2.9599195969732186,,,,2.9641904906924915e-05,,
train_step,66,39,3094,619,3.2415058612823486,2.9671397575965295,,,,2.9641904906924915e-05,,
train_step,66,40,3095,620,3.248668670654297,2.9741779804229735,,,,2.9639665637430668e-05,,
train_step,66,41,3096,620,3.30596923828125,2.9822704501268342,,,,2.9639665637430668e-05,,
train_step,66,42,3097,621,2.7885730266571045,2.977658606710888,,,,2.963741947643516e-05,,
train_step,66,43,3098,621,2.8993756771087646,2.975838073464327,,,,2.963741947643516e-05,,
train_step,66,44,3099,622,3.0940942764282227,2.9785257144407793,,,,2.9635166425033138e-05,,
train_step,66,45,3100,622,2.9733941555023193,2.9784116797977025,,,,2.9635166425033138e-05,,
train_step,66,46,3101,623,2.7888174057006836,2.9742900651434194,,,,2.963290648432272e-05,,
train_step,66,47,3102,624,2.8675918579101562,2.9720198905214352,,,,2.963063965540537e-05,,
epoch_summary,66,47,3102,624,,,2.9720198905214352,nan,nan,2.963063965540537e-05,9.26199221611023,0.21612232079767607
train_step,67,1,3103,624,3.077745199203491,3.077745199203491,,,,2.963063965540537e-05,,
train_step,67,2,3104,625,2.8196396827697754,2.9486924409866333,,,,2.9628365939385912e-05,,
train_step,67,3,3105,625,2.446075916290283,2.781153599421183,,,,2.9628365939385912e-05,,
train_step,67,4,3106,626,3.3263518810272217,2.917453169822693,,,,2.9626085337372528e-05,,
train_step,67,5,3107,626,2.8862404823303223,2.911210632324219,,,,2.9626085337372528e-05,,
train_step,67,6,3108,627,3.4228837490081787,2.996489485104879,,,,2.9623797850476757e-05,,
train_step,67,7,3109,627,3.157710075378418,3.0195209980010986,,,,2.9623797850476757e-05,,
train_step,67,8,3110,628,2.997915267944336,3.0168202817440033,,,,2.962150347981349e-05,,
train_step,67,9,3111,628,3.0593442916870117,3.021545171737671,,,,2.962150347981349e-05,,
train_step,67,10,3112,629,3.042550802230835,3.0236457347869874,,,,2.961920222650098e-05,,
train_step,67,11,3113,629,3.2917661666870117,3.0480203195051714,,,,2.961920222650098e-05,,
train_step,67,12,3114,630,2.6013598442077637,3.010798613230387,,,,2.9616894091660825e-05,,
train_step,67,13,3115,630,3.3498854637145996,3.036882217113788,,,,2.9616894091660825e-05,,
train_step,67,14,3116,631,2.7568297386169434,3.016878468649728,,,,2.9614579076417986e-05,,
train_step,67,15,3117,631,2.9045333862304688,3.009388796488444,,,,2.9614579076417986e-05,,
train_step,67,16,3118,632,3.175544261932373,3.0197735130786896,,,,2.9612257181900763e-05,,
train_step,67,17,3119,632,2.640192747116089,2.9974452327279484,,,,2.9612257181900763e-05,,
train_step,67,18,3120,633,2.653995990753174,2.9783647192849054,,,,2.9609928409240837e-05,,
train_step,67,19,3121,633,3.7842960357666016,3.020782156994468,,,,2.9609928409240837e-05,,
train_step,67,20,3122,634,3.2494592666625977,3.0322160124778748,,,,2.9607592759573206e-05,,
train_step,67,21,3123,634,2.751608371734619,3.018853743871053,,,,2.9607592759573206e-05,,
train_step,67,22,3124,635,2.6794464588165283,3.0034261400049385,,,,2.9605250234036253e-05,,
train_step,67,23,3125,635,2.7066845893859863,2.990524333456288,,,,2.9605250234036253e-05,,
train_step,67,24,3126,636,2.3566689491271973,2.964113692442576,,,,2.960290083377168e-05,,
train_step,67,25,3127,636,3.063349485397339,2.9680831241607666,,,,2.960290083377168e-05,,
train_step,67,26,3128,637,2.8499884605407715,2.963541021713844,,,,2.9600544559924573e-05,,
train_step,67,27,3129,637,3.140749931335449,2.970104314662792,,,,2.9600544559924573e-05,,
train_step,67,28,3130,638,3.4663443565368652,2.987827173301152,,,,2.9598181413643334e-05,,
train_step,67,29,3131,638,2.564739227294922,2.973237933783696,,,,2.9598181413643334e-05,,
train_step,67,30,3132,639,2.892340660095215,2.9705413579940796,,,,2.9595811396079747e-05,,
train_step,67,31,3133,639,3.041560173034668,2.972832287511518,,,,2.9595811396079747e-05,,
train_step,67,32,3134,640,2.7425239086151123,2.9656351506710052,,,,2.9593434508388924e-05,,
train_step,67,33,3135,640,2.8719570636749268,2.962796420762033,,,,2.9593434508388924e-05,,
train_step,67,34,3136,641,2.3801119327545166,2.9456586417029884,,,,2.9591050751729325e-05,,
train_step,67,35,3137,641,3.1135501861572266,2.95045554297311,,,,2.9591050751729325e-05,,
train_step,67,36,3138,642,2.68898606300354,2.943192501862844,,,,2.9588660127262774e-05,,
train_step,67,37,3139,642,3.3134565353393555,2.9531996379027494,,,,2.9588660127262774e-05,,
train_step,67,38,3140,643,2.8524584770202637,2.9505485547216317,,,,2.9586262636154426e-05,,
train_step,67,39,3141,643,3.15330171585083,2.955747353724944,,,,2.9586262636154426e-05,,
train_step,67,40,3142,644,3.0254433155059814,2.95748975276947,,,,2.958385827957279e-05,,
train_step,67,41,3143,644,2.9015965461730957,2.956126503828095,,,,2.958385827957279e-05,,
train_step,67,42,3144,645,2.4373087882995605,2.943773701077416,,,,2.9581447058689723e-05,,
train_step,67,43,3145,645,2.9778544902801514,2.9445662775705026,,,,2.9581447058689723e-05,,
train_step,67,44,3146,646,2.709507703781128,2.939224037257108,,,,2.9579028974680422e-05,,
train_step,67,45,3147,646,3.022648811340332,2.9410779211256237,,,,2.9579028974680422e-05,,
train_step,67,46,3148,647,2.9516549110412598,2.9413078556890073,,,,2.9576604028723434e-05,,
train_step,67,47,3149,648,3.1629018783569336,2.9460226221287504,,,,2.9574172222000646e-05,,
epoch_summary,67,47,3149,648,,,2.9460226221287504,nan,nan,2.9574172222000646e-05,9.321796417236328,0.21612232079767607
train_step,68,1,3150,648,2.93673038482666,2.93673038482666,,,,2.9574172222000646e-05,,
train_step,68,2,3151,649,2.9385507106781006,2.9376405477523804,,,,2.9571733555697294e-05,,
train_step,68,3,3152,649,2.9843297004699707,2.9532035986582437,,,,2.9571733555697294e-05,,
train_step,68,4,3153,650,2.798703193664551,2.9145784974098206,,,,2.9569288031001947e-05,,
train_step,68,5,3154,650,2.6639678478240967,2.864456367492676,,,,2.9569288031001947e-05,,
train_step,68,6,3155,651,3.177896499633789,2.916696389516195,,,,2.9566835649106533e-05,,
train_step,68,7,3156,651,2.624380588531494,2.874936989375523,,,,2.9566835649106533e-05,,
train_step,68,8,3157,652,2.9316534996032715,2.8820265531539917,,,,2.9564376411206312e-05,,
train_step,68,9,3158,652,2.9359781742095947,2.8880211777157254,,,,2.9564376411206312e-05,,
train_step,68,10,3159,653,3.469951629638672,2.94621422290802,,,,2.956191031849988e-05,,
train_step,68,11,3160,653,2.8492298126220703,2.93739745833657,,,,2.956191031849988e-05,,
train_step,68,12,3161,654,3.040830612182617,2.9460168878237405,,,,2.9559437372189186e-05,,
train_step,68,13,3162,654,3.0974061489105225,2.957662215599647,,,,2.9559437372189186e-05,,
train_step,68,14,3163,655,3.0115485191345215,2.9615112372807095,,,,2.9556957573479517e-05,,
train_step,68,15,3164,655,2.5717759132385254,2.9355288823445638,,,,2.9556957573479517e-05,,
train_step,68,16,3165,656,3.4825570583343506,2.9697181433439255,,,,2.9554470923579485e-05,,
train_step,68,17,3166,656,2.712472438812256,2.9545860430773567,,,,2.9554470923579485e-05,,
train_step,68,18,3167,657,2.817233085632324,2.9469553232192993,,,,2.9551977423701064e-05,,
train_step,68,19,3168,657,2.7698493003845215,2.9376339535964164,,,,2.9551977423701064e-05,,
train_step,68,20,3169,658,3.022179126739502,2.9418612122535706,,,,2.9549477075059553e-05,,
train_step,68,21,3170,658,3.419743061065674,2.9646174907684326,,,,2.9549477075059553e-05,,
train_step,68,22,3171,659,2.873575210571289,2.9604792053049263,,,,2.9546969878873592e-05,,
train_step,68,23,3172,659,2.5005476474761963,2.940482181051503,,,,2.9546969878873592e-05,,
train_step,68,24,3173,660,2.832970380783081,2.9360025227069855,,,,2.9544455836365152e-05,,
train_step,68,25,3174,660,2.8982529640197754,2.9344925403594972,,,,2.9544455836365152e-05,,
train_step,68,26,3175,661,2.7368249893188477,2.926889942242549,,,,2.9541934948759553e-05,,
train_step,68,27,3176,661,3.0188891887664795,2.9302973217434354,,,,2.9541934948759553e-05,,
train_step,68,28,3177,662,2.612949848175049,2.9189634834017073,,,,2.9539407217285445e-05,,
train_step,68,29,3178,662,2.2532522678375244,2.8960079242443215,,,,2.9539407217285445e-05,,
train_step,68,30,3179,663,3.115494728088379,2.9033241510391234,,,,2.9536872643174812e-05,,
train_step,68,31,3180,663,2.8064513206481934,2.900199221026513,,,,2.9536872643174812e-05,,
train_step,68,32,3181,664,2.745166778564453,2.8953544571995735,,,,2.953433122766297e-05,,
train_step,68,33,3182,664,2.335305690765381,2.8783832824591435,,,,2.953433122766297e-05,,
train_step,68,34,3183,665,3.249387741088867,2.889295178301194,,,,2.9531782971988584e-05,,
train_step,68,35,3184,665,3.355961799621582,2.9026285103389196,,,,2.9531782971988584e-05,,
train_step,68,36,3185,666,3.1062355041503906,2.908284260167016,,,,2.9529227877393633e-05,,
train_step,68,37,3186,666,3.3877124786376953,2.9212417795851424,,,,2.9529227877393633e-05,,
train_step,68,38,3187,667,2.7341220378875732,2.916317575856259,,,,2.952666594512345e-05,,
train_step,68,39,3188,667,3.083130121231079,2.9205948206094594,,,,2.952666594512345e-05,,
train_step,68,40,3189,668,2.797700881958008,2.9175224721431734,,,,2.9524097176426676e-05,,
train_step,68,41,3190,668,2.7757511138916016,2.9140646341370373,,,,2.9524097176426676e-05,,
train_step,68,42,3191,669,3.089987277984619,2.9182532685143605,,,,2.952152157255531e-05,,
train_step,68,43,3192,669,2.918566942214966,2.918260563251584,,,,2.952152157255531e-05,,
train_step,68,44,3193,670,2.8882291316986084,2.9175780307162893,,,,2.9518939134764663e-05,,
train_step,68,45,3194,670,2.8718881607055664,2.9165627002716064,,,,2.9518939134764663e-05,,
train_step,68,46,3195,671,3.247264862060547,2.923751877701801,,,,2.9516349864313383e-05,,
train_step,68,47,3196,672,2.602567672729492,2.916918171213028,,,,2.9513753762463457e-05,,
epoch_summary,68,47,3196,672,,,2.916918171213028,nan,nan,2.9513753762463457e-05,9.13356328010559,0.21612232079767607
train_step,69,1,3197,672,2.742612838745117,2.742612838745117,,,,2.9513753762463457e-05,,
train_step,69,2,3198,673,2.8261985778808594,2.7844057083129883,,,,2.951115083048018e-05,,
train_step,69,3,3199,673,2.7315776348114014,2.766796350479126,,,,2.951115083048018e-05,,
train_step,69,4,3200,674,3.33738112449646,2.9094425439834595,,,,2.950854106963221e-05,,
train_step,69,5,3201,674,2.6825482845306396,2.8640636920928957,,,,2.950854106963221e-05,,
train_step,69,6,3202,675,2.826249599456787,2.857761343320211,,,,2.950592448119149e-05,,
train_step,69,7,3203,675,3.031252145767212,2.8825457436697826,,,,2.950592448119149e-05,,
train_step,69,8,3204,676,2.650216817855835,2.853504627943039,,,,2.9503301066433325e-05,,
train_step,69,9,3205,676,3.059199333190918,2.8763595951928034,,,,2.9503301066433325e-05,,
train_step,69,10,3206,677,3.226213216781616,2.9113449573516847,,,,2.9500670826636338e-05,,
train_step,69,11,3207,677,2.7758235931396484,2.8990248333324087,,,,2.9500670826636338e-05,,
train_step,69,12,3208,678,2.6323885917663574,2.876805146535238,,,,2.9498033763082473e-05,,
train_step,69,13,3209,678,3.1791415214538574,2.900061790759747,,,,2.9498033763082473e-05,,
train_step,69,14,3210,679,2.6306679248809814,2.8808193717684065,,,,2.9495389877056998e-05,,
train_step,69,15,3211,679,3.0491464138031006,2.8920411745707195,,,,2.9495389877056998e-05,,
train_step,69,16,3212,680,2.552941083908081,2.8708474189043045,,,,2.9492739169848517e-05,,
train_step,69,17,3213,680,2.594653606414795,2.8546007240519806,,,,2.9492739169848517e-05,,
train_step,69,18,3214,681,2.617171287536621,2.841410199801127,,,,2.9490081642748948e-05,,
train_step,69,19,3215,681,2.466797351837158,2.821693734118813,,,,2.9490081642748948e-05,,
train_step,69,20,3216,682,2.707695960998535,2.815993845462799,,,,2.9487417297053545e-05,,
train_step,69,21,3217,682,3.1815319061279297,2.8334004197801863,,,,2.9487417297053545e-05,,
train_step,69,22,3218,683,3.015817165374756,2.841692090034485,,,,2.9484746134060865e-05,,
train_step,69,23,3219,683,3.267895221710205,2.8602226609769077,,,,2.9484746134060865e-05,,
train_step,69,24,3220,684,2.856360912322998,2.8600617547829947,,,,2.9482068155072813e-05,,
train_step,69,25,3221,684,2.5540122985839844,2.8478197765350344,,,,2.9482068155072813e-05,,
train_step,69,26,3222,685,2.962315320968628,2.8522234513209415,,,,2.9479383361394597e-05,,
train_step,69,27,3223,685,2.9896762371063232,2.8573142952389188,,,,2.9479383361394597e-05,,
train_step,69,28,3224,686,3.164001703262329,2.8682674169540405,,,,2.9476691754334753e-05,,
train_step,69,29,3225,686,3.2050275802612305,2.8798798363784264,,,,2.9476691754334753e-05,,
train_step,69,30,3226,687,3.167144775390625,2.8894553343454996,,,,2.9473993335205144e-05,,
train_step,69,31,3227,687,2.833728551864624,2.8876576962009555,,,,2.9473993335205144e-05,,
train_step,69,32,3228,688,3.082770347595215,2.893754966557026,,,,2.9471288105320938e-05,,
train_step,69,33,3229,688,3.004689931869507,2.8971166321725557,,,,2.9471288105320938e-05,,
train_step,69,34,3230,689,3.1009130477905273,2.9031106443966137,,,,2.946857606600063e-05,,
train_step,69,35,3231,689,3.187417507171631,2.911233697618757,,,,2.946857606600063e-05,,
train_step,69,36,3232,690,2.8061020374298096,2.9083133737246194,,,,2.9465857218566045e-05,,
train_step,69,37,3233,690,2.9030232429504395,2.9081703972172095,,,,2.9465857218566045e-05,,
train_step,69,38,3234,691,2.8491291999816895,2.906616681500485,,,,2.946313156434231e-05,,
train_step,69,39,3235,691,2.8916611671447754,2.9062332067734156,,,,2.946313156434231e-05,,
train_step,69,40,3236,692,3.1857094764709473,2.913220113515854,,,,2.9460399104657874e-05,,
train_step,69,41,3237,692,2.5867598056793213,2.9052576669832555,,,,2.9460399104657874e-05,,
train_step,69,42,3238,693,2.9486963748931885,2.906291921933492,,,,2.945765984084451e-05,,
train_step,69,43,3239,693,2.6629281044006348,2.900632298269937,,,,2.945765984084451e-05,,
train_step,69,44,3240,694,2.634524345397949,2.8945843902501194,,,,2.9454913774237296e-05,,
train_step,69,45,3241,694,2.7372307777404785,2.8910876433054606,,,,2.9454913774237296e-05,,
train_step,69,46,3242,695,2.4467248916625977,2.8814275834871377,,,,2.945216090617464e-05,,
train_step,69,47,3243,696,2.840230703353882,2.8805510541226003,,,,2.9449401237998246e-05,,
epoch_summary,69,47,3243,696,,,2.8805510541226003,nan,nan,2.9449401237998246e-05,9.102476358413696,0.21612232079767607
train_step,70,1,3244,696,2.7242276668548584,2.7242276668548584,,,,2.9449401237998246e-05,,
train_step,70,2,3245,697,2.6400105953216553,2.682119131088257,,,,2.944663477105315e-05,,
train_step,70,3,3246,697,2.926098346710205,2.7634455362955728,,,,2.944663477105315e-05,,
train_step,70,4,3247,698,2.8566598892211914,2.7867491245269775,,,,2.9443861506687694e-05,,
train_step,70,5,3248,698,2.6937081813812256,2.768140935897827,,,,2.9443861506687694e-05,,
train_step,70,6,3249,699,2.9764816761016846,2.80286439259847,,,,2.9441081446253528e-05,,
train_step,70,7,3250,699,2.9499826431274414,2.82388128553118,,,,2.9441081446253528e-05,,
train_step,70,8,3251,700,3.2004168033599854,2.870948225259781,,,,2.9438294591105624e-05,,
train_step,70,9,3252,700,2.937495708465576,2.878342390060425,,,,2.9438294591105624e-05,,
train_step,70,10,3253,701,3.203420639038086,2.9108502149581907,,,,2.943550094260226e-05,,
train_step,70,11,3254,701,3.010099172592163,2.91987284747037,,,,2.943550094260226e-05,,
train_step,70,12,3255,702,2.5061326026916504,2.88539449373881,,,,2.943270050210503e-05,,
train_step,70,13,3256,702,3.0175693035125732,2.8955617867983303,,,,2.943270050210503e-05,,
train_step,70,14,3257,703,2.693666458129883,2.8811406918934415,,,,2.942989327097883e-05,,
train_step,70,15,3258,703,3.236931800842285,2.9048600991566977,,,,2.942989327097883e-05,,
train_step,70,16,3259,704,2.6290102005004883,2.8876194804906845,,,,2.9427079250591873e-05,,
train_step,70,17,3260,704,2.6433491706848145,2.873250638737398,,,,2.9427079250591873e-05,,
train_step,70,18,3261,705,3.336458444595337,2.8989844057295056,,,,2.9424258442315676e-05,,
train_step,70,19,3262,705,2.6198463439941406,2.8842929287960657,,,,2.9424258442315676e-05,,
train_step,70,20,3263,706,3.3582282066345215,2.9079896926879885,,,,2.942143084752507e-05,,
train_step,70,21,3264,706,3.0201950073242188,2.9133328029087613,,,,2.942143084752507e-05,,
train_step,70,22,3265,707,2.977151870727539,2.9162336696277964,,,,2.941859646759818e-05,,
train_step,70,23,3266,707,2.931968927383423,2.9169178112693457,,,,2.941859646759818e-05,,
train_step,70,24,3267,708,2.9200711250305176,2.9170491993427277,,,,2.941575530391647e-05,,
train_step,70,25,3268,708,2.792966604232788,2.91208589553833,,,,2.941575530391647e-05,,
train_step,70,26,3269,709,3.225351333618164,2.9241345662337084,,,,2.9412907357864668e-05,,
train_step,70,27,3270,709,2.900836944580078,2.9232716913576478,,,,2.9412907357864668e-05,,
train_step,70,28,3271,710,2.853778839111328,2.920789803777422,,,,2.9410052630830834e-05,,
train_step,70,29,3272,710,3.1868534088134766,2.929964410847631,,,,2.9410052630830834e-05,,
train_step,70,30,3273,711,2.626310110092163,2.9198426008224487,,,,2.940719112420633e-05,,
train_step,70,31,3274,711,2.7942795753479004,2.9157921806458504,,,,2.940719112420633e-05,,
train_step,70,32,3275,712,2.7226946353912354,2.9097578823566437,,,,2.940432283938582e-05,,
train_step,70,33,3276,712,2.594109535217285,2.9001927809281782,,,,2.940432283938582e-05,,
train_step,70,34,3277,713,2.3967201709747314,2.885384762988371,,,,2.940144777776727e-05,,
train_step,70,35,3278,713,2.7662513256073,2.881980950491769,,,,2.940144777776727e-05,,
train_step,70,36,3279,714,2.636791467666626,2.875170131524404,,,,2.939856594075195e-05,,
train_step,70,37,3280,714,2.5522279739379883,2.8664419651031494,,,,2.939856594075195e-05,,
train_step,70,38,3281,715,3.0738916397094727,2.871901167066474,,,,2.9395677329744432e-05,,
train_step,70,39,3282,715,2.9021735191345215,2.8726773812220645,,,,2.9395677329744432e-05,,
train_step,70,40,3283,716,3.0729455947875977,2.877684086561203,,,,2.939278194615259e-05,,
train_step,70,41,3284,716,2.935013771057129,2.8790823715489084,,,,2.939278194615259e-05,,
train_step,70,42,3285,717,2.7256128787994385,2.8754283360072543,,,,2.93898797913876e-05,,
train_step,70,43,3286,717,2.693472385406494,2.871196802272353,,,,2.93898797913876e-05,,
train_step,70,44,3287,718,2.9163942337036133,2.8722240166230635,,,,2.938697086686393e-05,,
train_step,70,45,3288,718,2.778650999069214,2.870144616232978,,,,2.938697086686393e-05,,
train_step,70,46,3289,719,2.8864004611968994,2.870498004166976,,,,2.9384055173999367e-05,,
train_step,70,47,3290,720,2.7739932537078857,2.868444711604017,,,,2.9381132714214976e-05,,
epoch_summary,70,47,3290,720,,,2.868444711604017,2.139728103365217,0.5565119760479041,2.9381132714214976e-05,185.96621775627136,0.21612232079767607
train_step,71,1,3291,720,2.858510971069336,2.858510971069336,,,,2.9381132714214976e-05,,
train_step,71,2,3292,721,2.8693737983703613,2.8639423847198486,,,,2.937820348893513e-05,,
train_step,71,3,3293,721,2.965816020965576,2.8979002634684243,,,,2.937820348893513e-05,,
train_step,71,4,3294,722,2.674973487854004,2.8421685695648193,,,,2.9375267499587496e-05,,
train_step,71,5,3295,722,2.930354595184326,2.859805774688721,,,,2.9375267499587496e-05,,
train_step,71,6,3296,723,2.7743020057678223,2.845555146535238,,,,2.9372324747603045e-05,,
train_step,71,7,3297,723,2.9471986293792725,2.8600756440843855,,,,2.9372324747603045e-05,,
train_step,71,8,3298,724,2.8422739505767822,2.857850432395935,,,,2.9369375234416028e-05,,
train_step,71,9,3299,724,3.126600503921509,2.8877115514543323,,,,2.9369375234416028e-05,,
train_step,71,10,3300,725,2.9986326694488525,2.8988036632537844,,,,2.9366418961464015e-05,,
train_step,71,11,3301,725,3.0179052352905273,2.9096310788934883,,,,2.9366418961464015e-05,,
train_step,71,12,3302,726,2.652975082397461,2.888243079185486,,,,2.936345593018785e-05,,
train_step,71,13,3303,726,2.7606210708618164,2.8784260016221266,,,,2.936345593018785e-05,,
train_step,71,14,3304,727,2.8229122161865234,2.8744607312338695,,,,2.9360486142031677e-05,,
train_step,71,15,3305,727,2.3087077140808105,2.8367438634236652,,,,2.9360486142031677e-05,,
train_step,71,16,3306,728,2.6484570503234863,2.824975937604904,,,,2.9357509598442946e-05,,
train_step,71,17,3307,728,2.743295192718506,2.820171187905704,,,,2.9357509598442946e-05,,
train_step,71,18,3308,729,2.5976665019989014,2.8078098164664373,,,,2.935452630087237e-05,,
train_step,71,19,3309,729,2.7483863830566406,2.804682267339606,,,,2.935452630087237e-05,,
train_step,71,20,3310,730,2.883162021636963,2.8086062550544737,,,,2.935153625077398e-05,,
train_step,71,21,3311,730,2.997304677963257,2.817591894240606,,,,2.935153625077398e-05,,
train_step,71,22,3312,731,3.181187629699707,2.834118973125111,,,,2.9348539449605104e-05,,
train_step,71,23,3313,731,3.2706971168518066,2.8531006315480107,,,,2.9348539449605104e-05,,
train_step,71,24,3314,732,3.20257568359375,2.8676620920499167,,,,2.9345535898826326e-05,,
train_step,71,25,3315,732,2.383619785308838,2.8483003997802734,,,,2.9345535898826326e-05,,
train_step,71,26,3316,733,2.741816997528076,2.8442048843090353,,,,2.9342525599901545e-05,,
train_step,71,27,3317,733,2.6206018924713135,2.835923292018749,,,,2.9342525599901545e-05,,
train_step,71,28,3318,734,2.847480297088623,2.836336042199816,,,,2.9339508554297955e-05,,
train_step,71,29,3319,734,2.546656608581543,2.826347096212979,,,,2.9339508554297955e-05,,
train_step,71,30,3320,735,2.8207077980041504,2.826159119606018,,,,2.9336484763486014e-05,,
train_step,71,31,3321,735,2.5199408531188965,2.8162811110096593,,,,2.9336484763486014e-05,,
train_step,71,32,3322,736,2.7943224906921387,2.815594904124737,,,,2.933345422893949e-05,,
train_step,71,33,3323,736,3.275557041168213,2.829533150701812,,,,2.933345422893949e-05,,
train_step,71,34,3324,737,2.808168888092041,2.8289047900368187,,,,2.9330416952135425e-05,,
train_step,71,35,3325,737,2.7904469966888428,2.827805995941162,,,,2.9330416952135425e-05,,
train_step,71,36,3326,738,3.2503175735473633,2.8395424286524453,,,,2.932737293455415e-05,,
train_step,71,37,3327,738,2.799776315689087,2.838467668842625,,,,2.932737293455415e-05,,
train_step,71,38,3328,739,2.7668380737304688,2.8365826794975684,,,,2.932432217767929e-05,,
train_step,71,39,3329,739,3.2041354179382324,2.8460071086883545,,,,2.932432217767929e-05,,
train_step,71,40,3330,740,2.952538013458252,2.8486703813076018,,,,2.932126468299773e-05,,
train_step,71,41,3331,740,2.6169309616088867,2.8430182003393405,,,,2.932126468299773e-05,,
train_step,71,42,3332,741,2.8934240341186523,2.844218339238848,,,,2.9318200451999674e-05,,
train_step,71,43,3333,741,2.740299701690674,2.8418016267377277,,,,2.9318200451999674e-05,,
train_step,71,44,3334,742,2.7354722023010254,2.839385048909621,,,,2.931512948617858e-05,,
train_step,71,45,3335,742,3.0004427433013916,2.8429641087849933,,,,2.931512948617858e-05,,
train_step,71,46,3336,743,2.647810459136963,2.838721638140471,,,,2.9312051787031203e-05,,
train_step,71,47,3337,744,2.4352965354919434,2.830138125318162,,,,2.9308967356057577e-05,,
epoch_summary,71,47,3337,744,,,2.830138125318162,nan,nan,2.9308967356057577e-05,9.213258743286133,0.21612232079767607
train_step,72,1,3338,744,3.26568603515625,3.26568603515625,,,,2.9308967356057577e-05,,
train_step,72,2,3339,745,2.368419647216797,2.8170528411865234,,,,2.930587619476101e-05,,
train_step,72,3,3340,745,2.9524922370910645,2.862199306488037,,,,2.930587619476101e-05,,
train_step,72,4,3341,746,2.3506107330322266,2.7343021631240845,,,,2.9302778304648108e-05,,
train_step,72,5,3342,746,2.4400696754455566,2.675455665588379,,,,2.9302778304648108e-05,,
train_step,72,6,3343,747,2.635467052459717,2.668790896733602,,,,2.9299673687228736e-05,,
train_step,72,7,3344,747,2.8984436988830566,2.70159843989781,,,,2.9299673687228736e-05,,
train_step,72,8,3345,748,2.5829997062683105,2.6867735981941223,,,,2.9296562344016044e-05,,
train_step,72,9,3346,748,2.6062960624694824,2.6778316497802734,,,,2.9296562344016044e-05,,
train_step,72,10,3347,749,3.2619917392730713,2.7362476587295532,,,,2.9293444276526476e-05,,
train_step,72,11,3348,749,2.8618030548095703,2.7476617856459185,,,,2.9293444276526476e-05,,
train_step,72,12,3349,750,2.8486804962158203,2.7560800115267434,,,,2.929031948627973e-05,,
train_step,72,13,3350,750,2.4719114303588867,2.734220889898447,,,,2.929031948627973e-05,,
train_step,72,14,3351,751,3.2719192504882812,2.7726279156548634,,,,2.9287187974798788e-05,,
train_step,72,15,3352,751,2.9446022510528564,2.7840928713480633,,,,2.9287187974798788e-05,,
train_step,72,16,3353,752,2.865983009338379,2.789211004972458,,,,2.928404974360992e-05,,
train_step,72,17,3354,752,2.947239875793457,2.7985068209031048,,,,2.928404974360992e-05,,
train_step,72,18,3355,753,3.0196242332458496,2.810791121588813,,,,2.9280904794242656e-05,,
train_step,72,19,3356,753,2.8673999309539795,2.8137705326080322,,,,2.9280904794242656e-05,,
train_step,72,20,3357,754,2.7446954250335693,2.810316777229309,,,,2.927775312822981e-05,,
train_step,72,21,3358,754,2.863675117492676,2.8128576505751837,,,,2.927775312822981e-05,,
train_step,72,22,3359,755,2.6900875568389893,2.807277191768993,,,,2.927459474710746e-05,,
train_step,72,23,3360,755,2.645813465118408,2.8002570297407066,,,,2.927459474710746e-05,,
train_step,72,24,3361,756,2.715526580810547,2.7967265943686166,,,,2.927142965241497e-05,,
train_step,72,25,3362,756,2.6737606525421143,2.7918079566955565,,,,2.927142965241497e-05,,
train_step,72,26,3363,757,3.2046704292297363,2.807687282562256,,,,2.9268257845694962e-05,,
train_step,72,27,3364,757,3.3172473907470703,2.8265598791616933,,,,2.9268257845694962e-05,,
train_step,72,28,3365,758,2.6849350929260254,2.821501851081848,,,,2.926507932849334e-05,,
train_step,72,29,3366,758,2.90165376663208,2.8242657102387527,,,,2.926507932849334e-05,,
train_step,72,30,3367,759,2.656674861907959,2.818679348627726,,,,2.9261894102359272e-05,,
train_step,72,31,3368,759,2.7290377616882324,2.815787684532904,,,,2.9261894102359272e-05,,
train_step,72,32,3369,760,2.3707821369171143,2.8018812611699104,,,,2.92587021688452e-05,,
train_step,72,33,3370,760,2.692838191986084,2.7985769257400976,,,,2.92587021688452e-05,,
train_step,72,34,3371,761,2.532376527786255,2.7907475022708668,,,,2.925550352950683e-05,,
train_step,72,35,3372,761,2.503912925720215,2.782552228655134,,,,2.925550352950683e-05,,
train_step,72,36,3373,762,2.9964709281921387,2.788494414753384,,,,2.9252298185903155e-05,,
train_step,72,37,3374,762,2.6853511333465576,2.7857067584991455,,,,2.9252298185903155e-05,,
train_step,72,38,3375,763,3.240922689437866,2.7976861251027962,,,,2.9249086139596396e-05,,
train_step,72,39,3376,763,2.9359021186828613,2.8012301249381824,,,,2.9249086139596396e-05,,
train_step,72,40,3377,764,3.0346627235412598,2.8070659399032594,,,,2.9245867392152084e-05,,
train_step,72,41,3378,764,2.913997173309326,2.809674018766822,,,,2.9245867392152084e-05,,
train_step,72,42,3379,765,2.722604274749756,2.8076009296235585,,,,2.9242641945138996e-05,,
train_step,72,43,3380,765,2.9286909103393555,2.8104169756867163,,,,2.9242641945138996e-05,,
train_step,72,44,3381,766,3.0055646896362305,2.814852151003751,,,,2.9239409800129167e-05,,
train_step,72,45,3382,766,2.9367780685424805,2.817561615837945,,,,2.9239409800129167e-05,,
train_step,72,46,3383,767,2.7792444229125977,2.816728633383046,,,,2.9236170958697908e-05,,
train_step,72,47,3384,768,2.3919625282287598,2.8076910566776356,,,,2.9232925422423795e-05,,
epoch_summary,72,47,3384,768,,,2.8076910566776356,nan,nan,2.9232925422423795e-05,9.293763399124146,0.21612232079767607
train_step,73,1,3385,768,3.0101265907287598,3.0101265907287598,,,,2.9232925422423795e-05,,
train_step,73,2,3386,769,2.761345624923706,2.885736107826233,,,,2.9229673192888655e-05,,
train_step,73,3,3387,769,2.8528623580932617,2.8747781912485757,,,,2.9229673192888655e-05,,
train_step,73,4,3388,770,2.606764793395996,2.807774841785431,,,,2.92264142716776e-05,,
train_step,73,5,3389,770,2.551555633544922,2.756531000137329,,,,2.92264142716776e-05,,
train_step,73,6,3390,771,2.5695810317993164,2.7253726720809937,,,,2.9223148660378974e-05,,
train_step,73,7,3391,771,2.246399402618408,2.6569479193006242,,,,2.9223148660378974e-05,,
train_step,73,8,3392,772,3.0478897094726562,2.7058156430721283,,,,2.92198763605844e-05,,
train_step,73,9,3393,772,2.703329086303711,2.7055393589867487,,,,2.92198763605844e-05,,
train_step,73,10,3394,773,2.903470754623413,2.725332498550415,,,,2.9216597373888765e-05,,
train_step,73,11,3395,773,3.1844193935394287,2.7670676708221436,,,,2.9216597373888765e-05,,
train_step,73,12,3396,774,2.688262939453125,2.7605006098747253,,,,2.9213311701890193e-05,,
train_step,73,13,3397,774,2.516730308532715,2.7417490482330322,,,,2.9213311701890193e-05,,
train_step,73,14,3398,775,3.063058853149414,2.7646997485842024,,,,2.9210019346190096e-05,,
train_step,73,15,3399,775,2.977658748626709,2.778897015253703,,,,2.9210019346190096e-05,,
train_step,73,16,3400,776,2.8548238277435303,2.783642441034317,,,,2.920672030839312e-05,,
train_step,73,17,3401,776,2.637160062789917,2.7750258305493523,,,,2.920672030839312e-05,,
train_step,73,18,3402,777,3.153524398803711,2.7960535287857056,,,,2.920341459010717e-05,,
train_step,73,19,3403,777,2.990156888961792,2.806269495110763,,,,2.920341459010717e-05,,
train_step,73,20,3404,778,2.996946096420288,2.815803325176239,,,,2.9200102192943427e-05,,
train_step,73,21,3405,778,2.5960211753845215,2.8053375085194907,,,,2.9200102192943427e-05,,
train_step,73,22,3406,779,2.769010305404663,2.803686272014271,,,,2.91967831185163e-05,,
train_step,73,23,3407,779,2.596505880355835,2.794678428898687,,,,2.91967831185163e-05,,
train_step,73,24,3408,780,2.697633743286133,2.790634900331497,,,,2.9193457368443476e-05,,
train_step,73,25,3409,780,2.663339614868164,2.7855430889129638,,,,2.9193457368443476e-05,,
train_step,73,26,3410,781,3.0877678394317627,2.7971671177790713,,,,2.9190124944345882e-05,,
train_step,73,27,3411,781,3.3520498275756836,2.81771832925302,,,,2.9190124944345882e-05,,
train_step,73,28,3412,782,2.714162826538086,2.8140199184417725,,,,2.9186785847847693e-05,,
train_step,73,29,3413,782,2.8654255867004395,2.8157925276920714,,,,2.9186785847847693e-05,,
train_step,73,30,3414,783,2.951066493988037,2.820301659901937,,,,2.9183440080576356e-05,,
train_step,73,31,3415,783,2.656827449798584,2.8150282982856996,,,,2.9183440080576356e-05,,
train_step,73,32,3416,784,2.776060104370117,2.8138105422258377,,,,2.9180087644162552e-05,,
train_step,73,33,3417,784,2.915740966796875,2.8168993429704146,,,,2.9180087644162552e-05,,
train_step,73,34,3418,785,2.799760103225708,2.8163952476838054,,,,2.9176728540240214e-05,,
train_step,73,35,3419,785,2.980315685272217,2.82107868875776,,,,2.9176728540240214e-05,,
train_step,73,36,3420,786,3.1303186416625977,2.829668687449561,,,,2.9173362770446536e-05,,
train_step,73,37,3421,786,2.512542724609375,2.8210977154809074,,,,2.9173362770446536e-05,,
train_step,73,38,3422,787,2.7448530197143555,2.81909127611863,,,,2.9169990336421947e-05,,
train_step,73,39,3423,787,2.64520263671875,2.8146325930570946,,,,2.9169990336421947e-05,,
train_step,73,40,3424,788,2.847808837890625,2.815461999177933,,,,2.9166611239810135e-05,,
train_step,73,41,3425,788,2.3536014556884766,2.804197107873312,,,,2.9166611239810135e-05,,
train_step,73,42,3426,789,3.042187213897705,2.8098635389691307,,,,2.9163225482258026e-05,,
train_step,73,43,3427,789,2.461257219314575,2.801756415256234,,,,2.9163225482258026e-05,,
train_step,73,44,3428,790,2.5098695755004883,2.7951226234436035,,,,2.9159833065415804e-05,,
train_step,73,45,3429,790,2.7290031909942627,2.793653302722507,,,,2.9159833065415804e-05,,
train_step,73,46,3430,791,2.829375743865967,2.7944298775299736,,,,2.9156433990936884e-05,,
train_step,73,47,3431,792,2.6496846675872803,2.791350192212044,,,,2.9153028260477936e-05,,
epoch_summary,73,47,3431,792,,,2.791350192212044,nan,nan,2.9153028260477936e-05,9.299185276031494,0.21612232079767607
train_step,74,1,3432,792,2.895866870880127,2.895866870880127,,,,2.9153028260477936e-05,,
train_step,74,2,3433,793,3.071995735168457,2.983931303024292,,,,2.9149615875698877e-05,,
train_step,74,3,3434,793,2.632664680480957,2.86684242884318,,,,2.9149615875698877e-05,,
train_step,74,4,3435,794,2.702007293701172,2.8256336450576782,,,,2.9146196838262854e-05,,
train_step,74,5,3436,794,2.76023006439209,2.8125529289245605,,,,2.9146196838262854e-05,,
train_step,74,6,3437,795,2.5356054306030273,2.766395012537638,,,,2.914277114983627e-05,,
train_step,74,7,3438,795,2.7573769092559814,2.7651067120688304,,,,2.914277114983627e-05,,
train_step,74,8,3439,796,3.0609006881713867,2.80208095908165,,,,2.913933881208876e-05,,
train_step,74,9,3440,796,2.5991437435150146,2.779532379574246,,,,2.913933881208876e-05,,
train_step,74,10,3441,797,3.0405921936035156,2.8056383609771727,,,,2.9135899826693207e-05,,
train_step,74,11,3442,797,2.7375388145446777,2.7994474931196733,,,,2.9135899826693207e-05,,
train_step,74,12,3443,798,3.030526876449585,2.818704108397166,,,,2.913245419532573e-05,,
train_step,74,13,3444,798,2.847334861755371,2.820906474040105,,,,2.913245419532573e-05,,
train_step,74,14,3445,799,2.2418131828308105,2.7795426675251553,,,,2.9129001919665685e-05,,
train_step,74,15,3446,799,2.9035353660583496,2.7878088474273683,,,,2.9129001919665685e-05,,
train_step,74,16,3447,800,2.4901459217071533,2.7692049145698547,,,,2.912554300139567e-05,,
train_step,74,17,3448,800,2.525876998901367,2.754891507765826,,,,2.912554300139567e-05,,
train_step,74,18,3449,801,2.8983097076416016,2.7628591855367026,,,,2.9122077442201526e-05,,
train_step,74,19,3450,801,2.6999571323394775,2.759548551157901,,,,2.9122077442201526e-05,,
train_step,74,20,3451,802,3.077704429626465,2.7754563450813294,,,,2.9118605243772314e-05,,
train_step,74,21,3452,802,2.4148495197296143,2.7582845914931524,,,,2.9118605243772314e-05,,
train_step,74,22,3453,803,2.4422383308410645,2.743918852372603,,,,2.9115126407800353e-05,,
train_step,74,23,3454,803,2.690113067626953,2.74157947042714,,,,2.9115126407800353e-05,,
train_step,74,24,3455,804,2.7649998664855957,2.742555320262909,,,,2.9111640935981175e-05,,
train_step,74,25,3456,804,3.204744577407837,2.761042890548706,,,,2.9111640935981175e-05,,
train_step,74,26,3457,805,2.624159574508667,2.7557781476240892,,,,2.910814883001356e-05,,
train_step,74,27,3458,805,3.0797526836395264,2.76777720451355,,,,2.910814883001356e-05,,
train_step,74,28,3459,806,2.6481170654296875,2.7635036281176975,,,,2.910465009159952e-05,,
train_step,74,29,3460,806,2.9684290885925293,2.770570023306485,,,,2.910465009159952e-05,,
train_step,74,30,3461,807,2.9888076782226562,2.777844611803691,,,,2.9101144722444303e-05,,
train_step,74,31,3462,807,2.5382590293884277,2.7701160446290047,,,,2.9101144722444303e-05,,
train_step,74,32,3463,808,2.601430892944336,2.764844633638859,,,,2.9097632724256367e-05,,
train_step,74,33,3464,808,2.836822032928467,2.767025766950665,,,,2.9097632724256367e-05,,
train_step,74,34,3465,809,2.7075934410095215,2.765277757364161,,,,2.9094114098747435e-05,,
train_step,74,35,3466,809,2.598397731781006,2.7605097566332137,,,,2.9094114098747435e-05,,
train_step,74,36,3467,810,2.520460605621338,2.7538417246606617,,,,2.909058884763243e-05,,
train_step,74,37,3468,810,3.1130752563476562,2.7635507390305802,,,,2.909058884763243e-05,,
train_step,74,38,3469,811,2.735663652420044,2.762816868330303,,,,2.908705697262952e-05,,
train_step,74,39,3470,811,2.9860711097717285,2.7685413360595703,,,,2.908705697262952e-05,,
train_step,74,40,3471,812,2.459738254547119,2.760821259021759,,,,2.9083518475460098e-05,,
train_step,74,41,3472,812,3.197875738143921,2.771481124366202,,,,2.9083518475460098e-05,,
train_step,74,42,3473,813,2.55301570892334,2.7662795668556575,,,,2.907997335784879e-05,,
train_step,74,43,3474,813,2.5044753551483154,2.760191096815952,,,,2.907997335784879e-05,,
train_step,74,44,3475,814,3.2430431842803955,2.7711650078946892,,,,2.9076421621523435e-05,,
train_step,74,45,3476,814,2.782042980194092,2.771406740612454,,,,2.9076421621523435e-05,,
train_step,74,46,3477,815,2.7575087547302246,2.771104610484579,,,,2.9072863268215113e-05,,
train_step,74,47,3478,816,2.2337872982025146,2.7596723272445356,,,,2.906929829965812e-05,,
epoch_summary,74,47,3478,816,,,2.7596723272445356,nan,nan,2.906929829965812e-05,9.19541335105896,0.21612232079767607
train_step,75,1,3479,816,2.968902587890625,2.968902587890625,,,,2.906929829965812e-05,,
train_step,75,2,3480,817,2.5576090812683105,2.7632558345794678,,,,2.9065726717589975e-05,,
train_step,75,3,3481,817,2.6789917945861816,2.7351678212483725,,,,2.9065726717589975e-05,,
train_step,75,4,3482,818,2.683699607849121,2.7223007678985596,,,,2.9062148523751424e-05,,
train_step,75,5,3483,818,2.601818084716797,2.698204231262207,,,,2.9062148523751424e-05,,
train_step,75,6,3484,819,3.1113393306732178,2.767060081164042,,,,2.905856371988644e-05,,
train_step,75,7,3485,819,2.393284797668457,2.7136636120932445,,,,2.905856371988644e-05,,
train_step,75,8,3486,820,2.9763717651367188,2.7465021312236786,,,,2.905497230774221e-05,,
train_step,75,9,3487,820,2.822556734085083,2.7549526426527233,,,,2.905497230774221e-05,,
train_step,75,10,3488,821,2.7162957191467285,2.751086950302124,,,,2.9051374289069143e-05,,
train_step,75,11,3489,821,2.8181896209716797,2.7571871930902656,,,,2.9051374289069143e-05,,
train_step,75,12,3490,822,3.025071144104004,2.7795108556747437,,,,2.9047769665620877e-05,,
train_step,75,13,3491,822,2.5847280025482178,2.7645275592803955,,,,2.9047769665620877e-05,,
train_step,75,14,3492,823,2.854074239730835,2.770923750741141,,,,2.904415843915425e-05,,
train_step,75,15,3493,823,2.756300449371338,2.769948863983154,,,,2.904415843915425e-05,,
train_step,75,16,3494,824,3.3135647773742676,2.803924858570099,,,,2.9040540611429337e-05,,
train_step,75,17,3495,824,2.7406842708587646,2.8002048239988437,,,,2.9040540611429337e-05,,
train_step,75,18,3496,825,2.4682393074035645,2.781762295299106,,,,2.9036916184209426e-05,,
train_step,75,19,3497,825,2.305279016494751,2.7566842279936137,,,,2.9036916184209426e-05,,
train_step,75,20,3498,826,2.4852194786071777,2.743110990524292,,,,2.9033285159261013e-05,,
train_step,75,21,3499,826,2.8501110076904297,2.748206229436965,,,,2.9033285159261013e-05,,
train_step,75,22,3500,827,2.5516085624694824,2.739269971847534,,,,2.9029647538353815e-05,,
train_step,75,23,3501,827,2.505786657333374,2.729118523390397,,,,2.9029647538353815e-05,,
train_step,75,24,3502,828,2.3079872131347656,2.711571385463079,,,,2.9026003323260774e-05,,
train_step,75,25,3503,828,2.7773361206054688,2.7142019748687742,,,,2.9026003323260774e-05,,
train_step,75,26,3504,829,2.6482677459716797,2.7116660429881168,,,,2.9022352515758023e-05,,
train_step,75,27,3505,829,2.5285866260528564,2.7048853238423667,,,,2.9022352515758023e-05,,
train_step,75,28,3506,830,2.53908109664917,2.6989637442997525,,,,2.9018695117624928e-05,,
train_step,75,29,3507,830,2.7916336059570312,2.702159256770693,,,,2.9018695117624928e-05,,
train_step,75,30,3508,831,2.7755115032196045,2.7046043316523236,,,,2.901503113064406e-05,,
train_step,75,31,3509,831,2.53818416595459,2.6992359392104612,,,,2.901503113064406e-05,,
train_step,75,32,3510,832,3.1202197074890137,2.712391681969166,,,,2.90113605566012e-05,,
train_step,75,33,3511,832,2.617746353149414,2.7095236417019004,,,,2.90113605566012e-05,,
train_step,75,34,3512,833,2.7323238849639893,2.710194237091962,,,,2.9007683397285348e-05,,
train_step,75,35,3513,833,2.5612993240356445,2.7059400967189244,,,,2.9007683397285348e-05,,
train_step,75,36,3514,834,2.6767477989196777,2.705129199557834,,,,2.9003999654488697e-05,,
train_step,75,37,3515,834,2.8743433952331543,2.7097025561977075,,,,2.9003999654488697e-05,,
train_step,75,38,3516,835,2.9498419761657715,2.71602201461792,,,,2.900030933000666e-05,,
train_step,75,39,3517,835,3.194516181945801,2.7282910958314552,,,,2.900030933000666e-05,,
train_step,75,40,3518,836,2.5243079662323,2.7231915175914763,,,,2.8996612425637863e-05,,
train_step,75,41,3519,836,2.9625141620635986,2.729028655261528,,,,2.8996612425637863e-05,,
train_step,75,42,3520,837,2.797372341156006,2.7306558858780634,,,,2.899290894318413e-05,,
train_step,75,43,3521,837,2.412102460861206,2.7232476666916248,,,,2.899290894318413e-05,,
train_step,75,44,3522,838,2.8748421669006348,2.72669299624183,,,,2.898919888445049e-05,,
train_step,75,45,3523,838,2.973865032196045,2.732185708151923,,,,2.898919888445049e-05,,
train_step,75,46,3524,839,2.406902313232422,2.7251143300014995,,,,2.898548225124518e-05,,
train_step,75,47,3525,840,3.0489611625671387,2.7320046881411937,,,,2.8981759045379647e-05,,
epoch_summary,75,47,3525,840,,,2.7320046881411937,nan,nan,2.8981759045379647e-05,9.330769300460815,0.21612232079767607
train_step,76,1,3526,840,2.589677333831787,2.589677333831787,,,,2.8981759045379647e-05,,
train_step,76,2,3527,841,2.9866456985473633,2.788161516189575,,,,2.8978029268668533e-05,,
train_step,76,3,3528,841,2.510741710662842,2.695688247680664,,,,2.8978029268668533e-05,,
train_step,76,4,3529,842,2.618281841278076,2.676336646080017,,,,2.8974292922929687e-05,,
train_step,76,5,3530,842,2.621804714202881,2.66543025970459,,,,2.8974292922929687e-05,,
train_step,76,6,3531,843,2.3584678173065186,2.6142698526382446,,,,2.8970550009984157e-05,,
train_step,76,7,3532,843,2.8845462799072266,2.652880770819528,,,,2.8970550009984157e-05,,
train_step,76,8,3533,844,2.623013973236084,2.6491474211215973,,,,2.8966800531656193e-05,,
train_step,76,9,3534,844,2.6748046875,2.6519982284969754,,,,2.8966800531656193e-05,,
train_step,76,10,3535,845,3.2241148948669434,2.7092098951339723,,,,2.8963044489773248e-05,,
train_step,76,11,3536,845,2.596611976623535,2.6989737207239326,,,,2.8963044489773248e-05,,
train_step,76,12,3537,846,2.516909599304199,2.6838017106056213,,,,2.8959281886165968e-05,,
train_step,76,13,3538,846,3.0808119773864746,2.7143409618964562,,,,2.8959281886165968e-05,,
train_step,76,14,3539,847,2.313190221786499,2.685687337602888,,,,2.8955512722668206e-05,,
train_step,76,15,3540,847,2.6048004627227783,2.680294879277547,,,,2.8955512722668206e-05,,
train_step,76,16,3541,848,2.448050022125244,2.6657795757055283,,,,2.8951737001116996e-05,,
train_step,76,17,3542,848,2.547337293624878,2.6588123826419605,,,,2.8951737001116996e-05,,
train_step,76,18,3543,849,3.0988857746124268,2.6832609044180975,,,,2.8947954723352593e-05,,
train_step,76,19,3544,849,2.7959790229797363,2.6891934369739734,,,,2.8947954723352593e-05,,
train_step,76,20,3545,850,2.217711925506592,2.665619361400604,,,,2.8944165891218418e-05,,
train_step,76,21,3546,850,3.0189085006713867,2.6824426537468318,,,,2.8944165891218418e-05,,
train_step,76,22,3547,851,2.5053789615631104,2.674394304102117,,,,2.8940370506561115e-05,,
train_step,76,23,3548,851,2.662809371948242,2.673890611399775,,,,2.8940370506561115e-05,,
train_step,76,24,3549,852,2.49981689453125,2.6666375398635864,,,,2.8936568571230498e-05,,
train_step,76,25,3550,852,3.0548348426818848,2.682165431976318,,,,2.8936568571230498e-05,,
train_step,76,26,3551,853,3.2049100399017334,2.7022709938196035,,,,2.893276008707959e-05,,
train_step,76,27,3552,853,2.5971643924713135,2.69837815673263,,,,2.893276008707959e-05,,
train_step,76,28,3553,854,2.8026552200317383,2.702102337564741,,,,2.8928945055964602e-05,,
train_step,76,29,3554,854,2.901489496231079,2.708977756829097,,,,2.8928945055964602e-05,,
train_step,76,30,3555,855,2.3551480770111084,2.697183434168498,,,,2.8925123479744924e-05,,
train_step,76,31,3556,855,2.895334243774414,2.7035753957686888,,,,2.8925123479744924e-05,,
train_step,76,32,3557,856,2.5732383728027344,2.6995023638010025,,,,2.8921295360283157e-05,,
train_step,76,33,3558,856,2.223857879638672,2.6850888945839624,,,,2.8921295360283157e-05,,
train_step,76,34,3559,857,2.5606136322021484,2.6814278574550854,,,,2.8917460699445072e-05,,
train_step,76,35,3560,857,3.24680757522583,2.6975815636771068,,,,2.8917460699445072e-05,,
train_step,76,36,3561,858,3.33450984954834,2.7152740160624185,,,,2.8913619499099642e-05,,
train_step,76,37,3562,858,2.9050087928771973,2.7204019830033586,,,,2.8913619499099642e-05,,
train_step,76,38,3563,859,3.1096763610839844,2.7306460455844275,,,,2.890977176111902e-05,,
train_step,76,39,3564,859,2.621687889099121,2.727852246700189,,,,2.890977176111902e-05,,
train_step,76,40,3565,860,2.5786805152893066,2.724122953414917,,,,2.8905917487378543e-05,,
train_step,76,41,3566,860,2.770801544189453,2.72526145562893,,,,2.8905917487378543e-05,,
train_step,76,42,3567,861,2.1958107948303223,2.7126554875146773,,,,2.8902056679756736e-05,,
train_step,76,43,3568,861,2.6996212005615234,2.7123523645622787,,,,2.8902056679756736e-05,,
train_step,76,44,3569,862,3.1376867294311523,2.7220190546729346,,,,2.8898189340135316e-05,,
train_step,76,45,3570,862,2.7220799922943115,2.722020408842299,,,,2.8898189340135316e-05,,
train_step,76,46,3571,863,2.646432638168335,2.720377196436343,,,,2.8894315470399178e-05,,
train_step,76,47,3572,864,2.52341890335083,2.7161865944558,,,,2.8890435072436394e-05,,
epoch_summary,76,47,3572,864,,,2.7161865944558,nan,nan,2.8890435072436394e-05,9.069678783416748,0.21612232079767607
train_step,77,1,3573,864,2.815779209136963,2.815779209136963,,,,2.8890435072436394e-05,,
train_step,77,2,3574,865,2.8235247135162354,2.819651961326599,,,,2.8886548148138226e-05,,
train_step,77,3,3575,865,2.665790319442749,2.768364747365316,,,,2.8886548148138226e-05,,
train_step,77,4,3576,866,2.6285860538482666,2.7334200739860535,,,,2.8882654699399107e-05,,
train_step,77,5,3577,866,2.61220121383667,2.7091763019561768,,,,2.8882654699399107e-05,,
train_step,77,6,3578,867,2.7238364219665527,2.7116196552912393,,,,2.8878754728116667e-05,,
train_step,77,7,3579,867,2.452946662902832,2.674666370664324,,,,2.8878754728116667e-05,,
train_step,77,8,3580,868,2.9860033988952637,2.7135834991931915,,,,2.8874848236191696e-05,,
train_step,77,9,3581,868,2.6266050338745117,2.7039192252688937,,,,2.8874848236191696e-05,,
train_step,77,10,3582,869,2.547243595123291,2.6882516622543333,,,,2.8870935225528174e-05,,
train_step,77,11,3583,869,2.7545647621154785,2.6942801258780738,,,,2.8870935225528174e-05,,
train_step,77,12,3584,870,3.2515201568603516,2.740716795126597,,,,2.886701569803326e-05,,
train_step,77,13,3585,870,2.7621021270751953,2.7423618206611047,,,,2.886701569803326e-05,,
train_step,77,14,3586,871,2.524689197540283,2.7268137761524747,,,,2.8863089655617275e-05,,
train_step,77,15,3587,871,2.5392537117004395,2.7143097718556723,,,,2.8863089655617275e-05,,
train_step,77,16,3588,872,2.7718677520751953,2.7179071456193924,,,,2.885915710019373e-05,,
train_step,77,17,3589,872,2.4638638496398926,2.7029634223264805,,,,2.885915710019373e-05,,
train_step,77,18,3590,873,2.685070753097534,2.7019693851470947,,,,2.8855218033679298e-05,,
train_step,77,19,3591,873,2.821746826171875,2.708273460990504,,,,2.8855218033679298e-05,,
train_step,77,20,3592,874,2.6433560848236084,2.7050275921821596,,,,2.8851272457993845e-05,,
train_step,77,21,3593,874,2.574108839035034,2.69879336584182,,,,2.8851272457993845e-05,,
train_step,77,22,3594,875,2.9677975177764893,2.711020827293396,,,,2.8847320375060387e-05,,
train_step,77,23,3595,875,2.72158145904541,2.7114799851956577,,,,2.8847320375060387e-05,,
train_step,77,24,3596,876,2.6410632133483887,2.7085459530353546,,,,2.8843361786805123e-05,,
train_step,77,25,3597,876,2.234712600708008,2.6895926189422608,,,,2.8843361786805123e-05,,
train_step,77,26,3598,877,2.417445182800293,2.6791254098598776,,,,2.8839396695157422e-05,,
train_step,77,27,3599,877,2.642538070678711,2.677770323223538,,,,2.8839396695157422e-05,,
train_step,77,28,3600,878,2.565452814102173,2.6737589836120605,,,,2.8835425102049818e-05,,
train_step,77,29,3601,878,2.589777946472168,2.6708630857796503,,,,2.8835425102049818e-05,,
train_step,77,30,3602,879,2.732875347137451,2.6729301611582437,,,,2.883144700941802e-05,,
train_step,77,31,3603,879,2.7127838134765625,2.6742157628459315,,,,2.883144700941802e-05,,
train_step,77,32,3604,880,3.2317802906036377,2.69163965433836,,,,2.88274624192009e-05,,
train_step,77,33,3605,880,2.644503355026245,2.690211281631932,,,,2.88274624192009e-05,,
train_step,77,34,3606,881,2.0609614849090576,2.6717039346694946,,,,2.8823471333340503e-05,,
train_step,77,35,3607,881,3.2316627502441406,2.6877027579716275,,,,2.8823471333340503e-05,,
train_step,77,36,3608,882,2.3351852893829346,2.6779106060663858,,,,2.8819473753782033e-05,,
train_step,77,37,3609,882,2.4238388538360596,2.671043801952053,,,,2.8819473753782033e-05,,
train_step,77,38,3610,883,2.8103158473968506,2.6747088557795475,,,,2.8815469682473864e-05,,
train_step,77,39,3611,883,3.1100685596466064,2.685871925109472,,,,2.8815469682473864e-05,,
train_step,77,40,3612,884,2.7898831367492676,2.688472205400467,,,,2.8811459121367527e-05,,
train_step,77,41,3613,884,2.8576693534851074,2.6925989651098483,,,,2.8811459121367527e-05,,
train_step,77,42,3614,885,2.874481201171875,2.6969294945398965,,,,2.8807442072417725e-05,,
train_step,77,43,3615,885,2.473294258117676,2.6917286750882172,,,,2.8807442072417725e-05,,
train_step,77,44,3616,886,2.668440103530884,2.691199389371005,,,,2.880341853758232e-05,,
train_step,77,45,3617,886,2.3468363285064697,2.6835468769073487,,,,2.880341853758232e-05,,
train_step,77,46,3618,887,2.823974609375,2.6865996537001235,,,,2.879938851882233e-05,,
train_step,77,47,3619,888,2.973416805267334,2.6927021462866603,,,,2.879535201810194e-05,,
epoch_summary,77,47,3619,888,,,2.6927021462866603,nan,nan,2.879535201810194e-05,9.091572284698486,0.21612232079767607
train_step,78,1,3620,888,2.409376859664917,2.409376859664917,,,,2.879535201810194e-05,,
train_step,78,2,3621,889,2.9578492641448975,2.6836130619049072,,,,2.8791309037388486e-05,,
train_step,78,3,3622,889,2.8238160610198975,2.7303473949432373,,,,2.8791309037388486e-05,,
train_step,78,4,3623,890,2.5903124809265137,2.6953386664390564,,,,2.8787259578652475e-05,,
train_step,78,5,3624,890,2.678811550140381,2.6920332431793215,,,,2.8787259578652475e-05,,
train_step,78,6,3625,891,3.0338826179504395,2.749008138974508,,,,2.878320364386756e-05,,
train_step,78,7,3626,891,2.572389841079712,2.7237769535609653,,,,2.878320364386756e-05,,
train_step,78,8,3627,892,2.5424327850341797,2.701108932495117,,,,2.8779141235010557e-05,,
train_step,78,9,3628,892,2.9418468475341797,2.7278575897216797,,,,2.8779141235010557e-05,,
train_step,78,10,3629,893,2.7863192558288574,2.7337037563323974,,,,2.877507235406143e-05,,
train_step,78,11,3630,893,2.7841572761535645,2.7382904399525034,,,,2.877507235406143e-05,,
train_step,78,12,3631,894,3.221351146697998,2.7785454988479614,,,,2.8770997003003306e-05,,
train_step,78,13,3632,894,2.9692625999450684,2.7932160450862002,,,,2.8770997003003306e-05,,
train_step,78,14,3633,895,2.69398832321167,2.786128350666591,,,,2.8766915183822462e-05,,
train_step,78,15,3634,895,2.292092800140381,2.753192647298177,,,,2.8766915183822462e-05,,
train_step,78,16,3635,896,2.432999849319458,2.733180597424507,,,,2.876282689850832e-05,,
train_step,78,17,3636,896,2.7595040798187256,2.7347290375653435,,,,2.876282689850832e-05,,
train_step,78,18,3637,897,2.329159736633301,2.7121974097357855,,,,2.8758732149053476e-05,,
train_step,78,19,3638,897,2.8648061752319336,2.7202294500250566,,,,2.8758732149053476e-05,,
train_step,78,20,3639,898,2.7211523056030273,2.7202755928039553,,,,2.8754630937453646e-05,,
train_step,78,21,3640,898,2.098735809326172,2.690678460257394,,,,2.8754630937453646e-05,,
train_step,78,22,3641,899,2.5446419715881348,2.684040438045155,,,,2.8750523265707715e-05,,
train_step,78,23,3642,899,2.503119945526123,2.676174329674762,,,,2.8750523265707715e-05,,
train_step,78,24,3643,900,2.8739278316497803,2.6844140589237213,,,,2.8746409135817712e-05,,
train_step,78,25,3644,900,2.428368091583252,2.6741722202301026,,,,2.8746409135817712e-05,,
train_step,78,26,3645,901,2.7809596061706543,2.6782794273816624,,,,2.874228854978882e-05,,
train_step,78,27,3646,901,2.3156301975250244,2.664847974424009,,,,2.874228854978882e-05,,
train_step,78,28,3647,902,2.6199941635131836,2.663246052605765,,,,2.873816150962936e-05,,
train_step,78,29,3648,902,2.584575653076172,2.660533280208193,,,,2.873816150962936e-05,,
train_step,78,30,3649,903,2.853625774383545,2.6669696966807046,,,,2.8734028017350792e-05,,
train_step,78,31,3650,903,2.7940306663513184,2.6710684376378215,,,,2.8734028017350792e-05,,
train_step,78,32,3651,904,2.446338415145874,2.664045624434948,,,,2.8729888074967743e-05,,
train_step,78,33,3652,904,2.7925424575805664,2.667939467863603,,,,2.8729888074967743e-05,,
train_step,78,34,3653,905,2.408261299133301,2.660301874665653,,,,2.8725741684497957e-05,,
train_step,78,35,3654,905,3.046952247619629,2.6713490281786236,,,,2.8725741684497957e-05,,
train_step,78,36,3655,906,2.4879024028778076,2.6662532885869346,,,,2.872158884796235e-05,,
train_step,78,37,3656,906,2.818998336791992,2.670381533133017,,,,2.872158884796235e-05,,
train_step,78,38,3657,907,2.7752366065979004,2.6731408771715666,,,,2.8717429567384955e-05,,
train_step,78,39,3658,907,2.314059257507324,2.663933656154535,,,,2.8717429567384955e-05,,
train_step,78,40,3659,908,3.007234811782837,2.672516185045242,,,,2.8713263844792952e-05,,
train_step,78,41,3660,908,2.9191951751708984,2.6785327457800143,,,,2.8713263844792952e-05,,
train_step,78,42,3661,909,2.294234037399292,2.669382776532854,,,,2.870909168221667e-05,,
train_step,78,43,3662,909,2.686124801635742,2.669772125953852,,,,2.870909168221667e-05,,
train_step,78,44,3663,910,2.6378047466278076,2.6690455946055325,,,,2.8704913081689568e-05,,
train_step,78,45,3664,910,2.9489612579345703,2.6752659426795113,,,,2.8704913081689568e-05,,
train_step,78,46,3665,911,2.8365631103515625,2.678772402846295,,,,2.8700728045248247e-05,,
train_step,78,47,3666,912,2.5464723110198975,2.6759575072755206,,,,2.8696536574932436e-05,,
epoch_summary,78,47,3666,912,,,2.6759575072755206,nan,nan,2.8696536574932436e-05,9.233390808105469,0.21612232079767607
train_step,79,1,3667,912,2.6589367389678955,2.6589367389678955,,,,2.8696536574932436e-05,,
train_step,79,2,3668,913,2.5432472229003906,2.601091980934143,,,,2.8692338672785016e-05,,
train_step,79,3,3669,913,1.9693821668624878,2.390522042910258,,,,2.8692338672785016e-05,,
train_step,79,4,3670,914,3.1968517303466797,2.5921044647693634,,,,2.8688134340851988e-05,,
train_step,79,5,3671,914,2.6006979942321777,2.5938231706619264,,,,2.8688134340851988e-05,,
train_step,79,6,3672,915,2.549022912979126,2.586356461048126,,,,2.8683923581182496e-05,,
train_step,79,7,3673,915,2.439220905303955,2.5653370959418162,,,,2.8683923581182496e-05,,
train_step,79,8,3674,916,2.2320470809936523,2.5236758440732956,,,,2.867970639582881e-05,,
train_step,79,9,3675,916,2.8989014625549316,2.565367579460144,,,,2.867970639582881e-05,,
train_step,79,10,3676,917,2.790236473083496,2.587854468822479,,,,2.867548278684633e-05,,
train_step,79,11,3677,917,2.843221664428711,2.611069668423046,,,,2.867548278684633e-05,,
train_step,79,12,3678,918,2.354893684387207,2.5897216697533927,,,,2.86712527562936e-05,,
train_step,79,13,3679,918,2.3077585697174072,2.568032200519855,,,,2.86712527562936e-05,,
train_step,79,14,3680,919,2.2634966373443604,2.546279660293034,,,,2.8667016306232286e-05,,
train_step,79,15,3681,919,2.8949625492095947,2.569525186220805,,,,2.8667016306232286e-05,,
train_step,79,16,3682,920,3.227268695831299,2.6106341555714607,,,,2.8662773438727175e-05,,
train_step,79,17,3683,920,2.565786838531494,2.6079960780985214,,,,2.8662773438727175e-05,,
train_step,79,18,3684,921,2.5526130199432373,2.604919241534339,,,,2.8658524155846194e-05,,
train_step,79,19,3685,921,2.7892532348632812,2.614621030656915,,,,2.8658524155846194e-05,,
train_step,79,20,3686,922,2.5121991634368896,2.609499937295914,,,,2.8654268459660396e-05,,
train_step,79,21,3687,922,2.6514933109283447,2.611499621754601,,,,2.8654268459660396e-05,,
train_step,79,22,3688,923,2.9799976348876953,2.628249531442469,,,,2.865000635224394e-05,,
train_step,79,23,3689,923,2.2139296531677246,2.610235623691393,,,,2.865000635224394e-05,,
train_step,79,24,3690,924,3.2546539306640625,2.6370863864819207,,,,2.8645737835674148e-05,,
train_step,79,25,3691,924,2.158745765686035,2.6179527616500855,,,,2.8645737835674148e-05,,
train_step,79,26,3692,925,2.8288116455078125,2.6260627187215366,,,,2.8641462912031426e-05,,
train_step,79,27,3693,925,2.423213481903076,2.6185497840245566,,,,2.8641462912031426e-05,,
train_step,79,28,3694,926,2.36458158493042,2.609479491199766,,,,2.8637181583399325e-05,,
train_step,79,29,3695,926,3.193150281906128,2.6296060701896407,,,,2.8637181583399325e-05,,
train_step,79,30,3696,927,2.8281466960906982,2.636224091053009,,,,2.8632893851864514e-05,,
train_step,79,31,3697,927,2.280393123626709,2.6247456727489347,,,,2.8632893851864514e-05,,
train_step,79,32,3698,928,2.4088523387908936,2.617999006062746,,,,2.8628599719516775e-05,,
train_step,79,33,3699,928,3.0577564239501953,2.6313249884229717,,,,2.8628599719516775e-05,,
train_step,79,34,3700,929,2.124436855316162,2.6164165139198303,,,,2.8624299188449022e-05,,
train_step,79,35,3701,929,2.463996410369873,2.612061653818403,,,,2.8624299188449022e-05,,
train_step,79,36,3702,930,2.490727424621582,2.608691258562936,,,,2.8619992260757285e-05,,
train_step,79,37,3703,930,2.954561710357666,2.618039108611442,,,,2.8619992260757285e-05,,
train_step,79,38,3704,931,2.60892653465271,2.6177993040335807,,,,2.86156789385407e-05,,
train_step,79,39,3705,931,3.0132761001586914,2.6279397347034554,,,,2.86156789385407e-05,,
train_step,79,40,3706,932,2.7849435806274414,2.631864830851555,,,,2.861135922390153e-05,,
train_step,79,41,3707,932,3.2044498920440674,2.6458303201489333,,,,2.861135922390153e-05,,
train_step,79,42,3708,933,2.4545745849609375,2.6412766121682667,,,,2.8607033118945157e-05,,
train_step,79,43,3709,933,2.878937244415283,2.6468036036158717,,,,2.8607033118945157e-05,,
train_step,79,44,3710,934,2.76340651512146,2.6494536697864532,,,,2.8602700625780067e-05,,
train_step,79,45,3711,934,2.686577796936035,2.6502786503897773,,,,2.8602700625780067e-05,,
train_step,79,46,3712,935,2.907823085784912,2.6558774424635847,,,,2.8598361746517865e-05,,
train_step,79,47,3713,936,2.5578064918518066,2.6537908264931214,,,,2.8594016483273267e-05,,
epoch_summary,79,47,3713,936,,,2.6537908264931214,nan,nan,2.8594016483273267e-05,9.037260293960571,0.21612232079767607
train_step,80,1,3714,936,2.846435546875,2.846435546875,,,,2.8594016483273267e-05,,
train_step,80,2,3715,937,2.374370813369751,2.6104031801223755,,,,2.8589664838164102e-05,,
train_step,80,3,3716,937,2.5840940475463867,2.6016334692637124,,,,2.8589664838164102e-05,,
train_step,80,4,3717,938,2.8187263011932373,2.6559066772460938,,,,2.858530681331131e-05,,
train_step,80,5,3718,938,2.591852903366089,2.643095922470093,,,,2.858530681331131e-05,,
train_step,80,6,3719,939,3.032142162322998,2.707936962445577,,,,2.858094241083894e-05,,
train_step,80,7,3720,939,2.182713031768799,2.632904972348894,,,,2.858094241083894e-05,,
train_step,80,8,3721,940,2.5701498985290527,2.625060588121414,,,,2.8576571632874152e-05,,
train_step,80,9,3722,940,2.5264275074005127,2.614101356930203,,,,2.8576571632874152e-05,,
train_step,80,10,3723,941,2.6604623794555664,2.6187374591827393,,,,2.85721944815472e-05,,
train_step,80,11,3724,941,3.0643157958984375,2.659244580702348,,,,2.85721944815472e-05,,
train_step,80,12,3725,942,2.3282206058502197,2.6316592494646707,,,,2.8567810958991467e-05,,
train_step,80,13,3726,942,3.0644912719726562,2.6649540204268236,,,,2.8567810958991467e-05,,
train_step,80,14,3727,943,2.5534629821777344,2.6569903748376027,,,,2.8563421067343418e-05,,
train_step,80,15,3728,943,2.5209131240844727,2.6479185581207276,,,,2.8563421067343418e-05,,
train_step,80,16,3729,944,2.8939969539642334,2.6632984578609467,,,,2.8559024808742638e-05,,
train_step,80,17,3730,944,2.2576866149902344,2.639438937692081,,,,2.8559024808742638e-05,,
train_step,80,18,3731,945,2.5172698497772217,2.632651766141256,,,,2.8554622185331808e-05,,
train_step,80,19,3732,945,2.636460304260254,2.63285221551594,,,,2.8554622185331808e-05,,
train_step,80,20,3733,946,2.885645866394043,2.645491898059845,,,,2.8550213199256714e-05,,
train_step,80,21,3734,946,2.647538185119629,2.645589340300787,,,,2.8550213199256714e-05,,
train_step,80,22,3735,947,2.7048215866088867,2.6482817151329736,,,,2.8545797852666244e-05,,
train_step,80,23,3736,947,2.679936408996582,2.6496580061705215,,,,2.8545797852666244e-05,,
train_step,80,24,3737,948,2.1931724548339844,2.6306377748648324,,,,2.854137614771238e-05,,
train_step,80,25,3738,948,2.3855299949645996,2.620833463668823,,,,2.854137614771238e-05,,
train_step,80,26,3739,949,2.629054546356201,2.6211496591567993,,,,2.8536948086550212e-05,,
train_step,80,27,3740,949,2.5830318927764893,2.619737890031603,,,,2.8536948086550212e-05,,
train_step,80,28,3741,950,2.598074436187744,2.618964195251465,,,,2.853251367133792e-05,,
train_step,80,29,3742,950,2.9136433601379395,2.6291255457647917,,,,2.853251367133792e-05,,
train_step,80,30,3743,951,2.898057460784912,2.6380899429321287,,,,2.8528072904236788e-05,,
train_step,80,31,3744,951,2.351703643798828,2.6288516752181517,,,,2.8528072904236788e-05,,
train_step,80,32,3745,952,2.585422992706299,2.627494528889656,,,,2.8523625787411187e-05,,
train_step,80,33,3746,952,2.371692657470703,2.6197429570284756,,,,2.8523625787411187e-05,,
train_step,80,34,3747,953,2.995124340057373,2.6307835859410904,,,,2.8519172323028594e-05,,
train_step,80,35,3748,953,2.523935317993164,2.6277307782854353,,,,2.8519172323028594e-05,,
train_step,80,36,3749,954,2.7255568504333496,2.630448169178433,,,,2.8514712513259563e-05,,
train_step,80,37,3750,954,2.574284315109253,2.6289302271765633,,,,2.8514712513259563e-05,,
train_step,80,38,3751,955,2.5252671241760254,2.6262022507818124,,,,2.8510246360277762e-05,,
train_step,80,39,3752,955,2.4845871925354004,2.6225710954421606,,,,2.8510246360277762e-05,,
train_step,80,40,3753,956,2.5207788944244385,2.6200262904167175,,,,2.8505773866259935e-05,,
train_step,80,41,3754,956,2.759077310562134,2.6234177787129473,,,,2.8505773866259935e-05,,
train_step,80,42,3755,957,3.0363874435424805,2.6332503897803172,,,,2.8501295033385923e-05,,
train_step,80,43,3756,957,2.545459747314453,2.631208746932274,,,,2.8501295033385923e-05,,
train_step,80,44,3757,958,2.606374740600586,2.6306443376974626,,,,2.849680986383865e-05,,
train_step,80,45,3758,958,2.4519028663635254,2.626672305001153,,,,2.849680986383865e-05,,
train_step,80,46,3759,959,2.5137619972229004,2.62421773309293,,,,2.8492318359804133e-05,,
train_step,80,47,3760,960,2.8125219345092773,2.6282242054634906,,,,2.8487820523471488e-05,,
epoch_summary,80,47,3760,960,,,2.6282242054634906,1.9635246310915266,0.42989021956087825,2.8487820523471488e-05,155.63095116615295,0.21612232079767607
train_step,81,1,3761,960,2.532717227935791,2.532717227935791,,,,2.8487820523471488e-05,,
train_step,81,2,3762,961,2.640897274017334,2.5868072509765625,,,,2.8483316357032894e-05,,
train_step,81,3,3763,961,3.1723029613494873,2.7819724877675376,,,,2.8483316357032894e-05,,
train_step,81,4,3764,962,2.288407802581787,2.6585813164711,,,,2.847880586268363e-05,,
train_step,81,5,3765,962,2.7440388202667236,2.6756728172302244,,,,2.847880586268363e-05,,
train_step,81,6,3766,963,2.5555038452148438,2.655644655227661,,,,2.847428904262206e-05,,
train_step,81,7,3767,963,2.2383499145507812,2.59603112084525,,,,2.847428904262206e-05,,
train_step,81,8,3768,964,2.553523063659668,2.590717613697052,,,,2.8469765899049617e-05,,
train_step,81,9,3769,964,3.1519265174865723,2.6530741585625544,,,,2.8469765899049617e-05,,
train_step,81,10,3770,965,2.8919429779052734,2.6769610404968263,,,,2.846523643417084e-05,,
train_step,81,11,3771,965,2.3441712856292725,2.6467074264179575,,,,2.846523643417084e-05,,
train_step,81,12,3772,966,2.5247533321380615,2.6365445852279663,,,,2.8460700650193326e-05,,
train_step,81,13,3773,966,2.6403074264526367,2.636834034552941,,,,2.8460700650193326e-05,,
train_step,81,14,3774,967,2.6273438930511475,2.6361561673028127,,,,2.845615854932776e-05,,
train_step,81,15,3775,967,2.929029941558838,2.655681085586548,,,,2.845615854932776e-05,,
train_step,81,16,3776,968,2.429378032684326,2.641537144780159,,,,2.845161013378792e-05,,
train_step,81,17,3777,968,2.626760959625244,2.6406679574181053,,,,2.845161013378792e-05,,
train_step,81,18,3778,969,2.4927170276641846,2.6324484613206653,,,,2.844705540579063e-05,,
train_step,81,19,3779,969,2.030773162841797,2.6007813403480933,,,,2.844705540579063e-05,,
train_step,81,20,3780,970,2.413116216659546,2.5913980841636657,,,,2.8442494367555823e-05,,
train_step,81,21,3781,970,2.361660957336426,2.5804582209814164,,,,2.8442494367555823e-05,,
train_step,81,22,3782,971,2.706402063369751,2.586182941089977,,,,2.8437927021306485e-05,,
train_step,81,23,3783,971,2.6704258918762207,2.589845678080683,,,,2.8437927021306485e-05,,
train_step,81,24,3784,972,2.7889418601989746,2.598141352335612,,,,2.8433353369268685e-05,,
train_step,81,25,3785,972,2.495448112487793,2.594033622741699,,,,2.8433353369268685e-05,,
train_step,81,26,3786,973,2.883594512939453,2.6051705800569973,,,,2.8428773413671573e-05,,
train_step,81,27,3787,973,2.519005060195923,2.6019792645065873,,,,2.8428773413671573e-05,,
train_step,81,28,3788,974,2.424255847930908,2.5956319996288846,,,,2.8424187156747363e-05,,
train_step,81,29,3789,974,2.764676094055176,2.601461106333239,,,,2.8424187156747363e-05,,
train_step,81,30,3790,975,2.7724199295043945,2.607159733772278,,,,2.8419594600731333e-05,,
train_step,81,31,3791,975,2.481804609298706,2.603116020079582,,,,2.8419594600731333e-05,,
train_step,81,32,3792,976,2.7039618492126465,2.6062674522399902,,,,2.8414995747861846e-05,,
train_step,81,33,3793,976,2.530022144317627,2.603956988363555,,,,2.8414995747861846e-05,,
train_step,81,34,3794,977,2.49726939201355,2.6008191178826725,,,,2.8410390600380325e-05,,
train_step,81,35,3795,977,2.0752954483032227,2.5858041558946883,,,,2.8410390600380325e-05,,
train_step,81,36,3796,978,2.511918544769287,2.5837517778078714,,,,2.840577916053126e-05,,
train_step,81,37,3797,978,2.7636826038360596,2.5886147731059306,,,,2.840577916053126e-05,,
train_step,81,38,3798,979,2.482198715209961,2.585814350529721,,,,2.8401161430562217e-05,,
train_step,81,39,3799,979,2.6484780311584473,2.587421111571483,,,,2.8401161430562217e-05,,
train_step,81,40,3800,980,2.6805760860443115,2.5897499859333037,,,,2.8396537412723816e-05,,
train_step,81,41,3801,980,2.6946310997009277,2.5923080618788554,,,,2.8396537412723816e-05,,
train_step,81,42,3802,981,2.367763042449951,2.5869617518924533,,,,2.8391907109269748e-05,,
train_step,81,43,3803,981,2.5119967460632324,2.585218379663867,,,,2.8391907109269748e-05,,
train_step,81,44,3804,982,2.9925570487976074,2.5944760766896335,,,,2.8387270522456766e-05,,
train_step,81,45,3805,982,2.6286349296569824,2.59523516231113,,,,2.8387270522456766e-05,,
train_step,81,46,3806,983,2.8121511936187744,2.5999507282091225,,,,2.8382627654544692e-05,,
train_step,81,47,3807,984,2.701744318008423,2.6021165492686817,,,,2.8377978507796396e-05,,
epoch_summary,81,47,3807,984,,,2.6021165492686817,nan,nan,2.8377978507796396e-05,9.188629150390625,0.21612232079767607
train_step,82,1,3808,984,2.4513602256774902,2.4513602256774902,,,,2.8377978507796396e-05,,
train_step,82,2,3809,985,2.5280959606170654,2.489728093147278,,,,2.837332308447782e-05,,
train_step,82,3,3810,985,2.0810515880584717,2.3535025914510093,,,,2.837332308447782e-05,,
train_step,82,4,3811,986,2.3487892150878906,2.3523242473602295,,,,2.836866138685796e-05,,
train_step,82,5,3812,986,2.6051242351531982,2.4028842449188232,,,,2.836866138685796e-05,,
train_step,82,6,3813,987,2.4764232635498047,2.415140748023987,,,,2.836399341720887e-05,,
train_step,82,7,3814,987,2.566490650177002,2.4367621626172746,,,,2.836399341720887e-05,,
train_step,82,8,3815,988,2.5451722145080566,2.4503134191036224,,,,2.835931917780566e-05,,
train_step,82,9,3816,988,2.214498281478882,2.424111737145318,,,,2.835931917780566e-05,,
train_step,82,10,3817,989,2.4223456382751465,2.423935127258301,,,,2.8354638670926502e-05,,
train_step,82,11,3818,989,2.5296523571014404,2.433545784516768,,,,2.8354638670926502e-05,,
train_step,82,12,3819,990,2.352449893951416,2.426787793636322,,,,2.8349951898852614e-05,,
train_step,82,13,3820,990,3.2668752670288086,2.4914099069742055,,,,2.8349951898852614e-05,,
train_step,82,14,3821,991,2.2954506874084473,2.4774128198623657,,,,2.8345258863868276e-05,,
train_step,82,15,3822,991,2.663078546524048,2.4897905349731446,,,,2.8345258863868276e-05,,
train_step,82,16,3823,992,2.518928289413452,2.4916116446256638,,,,2.8340559568260813e-05,,
train_step,82,17,3824,992,2.758803367614746,2.5073288048014923,,,,2.8340559568260813e-05,,
train_step,82,18,3825,993,2.51530122756958,2.507771717177497,,,,2.83358540143206e-05,,
train_step,82,19,3826,993,2.974492311477661,2.532335958982769,,,,2.83358540143206e-05,,
train_step,82,20,3827,994,2.1135313510894775,2.5113957285881043,,,,2.833114220434108e-05,,
train_step,82,21,3828,994,2.6995186805725098,2.5203539643968855,,,,2.833114220434108e-05,,
train_step,82,22,3829,995,2.5088729858398438,2.5198321017352017,,,,2.8326424140618717e-05,,
train_step,82,23,3830,995,2.1599035263061523,2.5041830332382866,,,,2.8326424140618717e-05,,
train_step,82,24,3831,996,2.6231284141540527,2.5091390907764435,,,,2.8321699825453052e-05,,
train_step,82,25,3832,996,2.482268810272217,2.508064279556274,,,,2.8321699825453052e-05,,
train_step,82,26,3833,997,3.1695961952209473,2.5335078147741465,,,,2.8316969261146646e-05,,
train_step,82,27,3834,997,2.5321969985961914,2.533459266026815,,,,2.8316969261146646e-05,,
train_step,82,28,3835,998,1.9915562868118286,2.514105588197708,,,,2.831223245000513e-05,,
train_step,82,29,3836,998,3.054216146469116,2.532730090207067,,,,2.831223245000513e-05,,
train_step,82,30,3837,999,2.9359562397003174,2.546170961856842,,,,2.8307489394337154e-05,,
train_step,82,31,3838,999,2.6769847869873047,2.550390762667502,,,,2.8307489394337154e-05,,
train_step,82,32,3839,1000,2.9733614921569824,2.5636085979640484,,,,2.8302740096454442e-05,,
train_step,82,33,3840,1000,2.47171950340271,2.560824079947038,,,,2.8302740096454442e-05,,
train_step,82,34,3841,1001,2.4476730823516846,2.5574961094295277,,,,2.8297984558671736e-05,,
train_step,82,35,3842,1001,2.7826781272888184,2.5639298813683644,,,,2.8297984558671736e-05,,
train_step,82,36,3843,1002,2.020212173461914,2.5488266117042966,,,,2.8293222783306826e-05,,
train_step,82,37,3844,1002,2.653226852416992,2.5516482398316667,,,,2.8293222783306826e-05,,
train_step,82,38,3845,1003,2.383204698562622,2.5472155150614286,,,,2.8288454772680544e-05,,
train_step,82,39,3846,1003,2.628310203552246,2.5492948660483727,,,,2.8288454772680544e-05,,
train_step,82,40,3847,1004,2.741520881652832,2.554100516438484,,,,2.828368052911676e-05,,
train_step,82,41,3848,1004,3.194916248321533,2.5697301684356315,,,,2.828368052911676e-05,,
train_step,82,42,3849,1005,3.001737356185913,2.5800160538582575,,,,2.8278900054942387e-05,,
train_step,82,43,3850,1005,2.84612774848938,2.586204697919446,,,,2.8278900054942387e-05,,
train_step,82,44,3851,1006,3.0178284645080566,2.596014328978278,,,,2.8274113352487367e-05,,
train_step,82,45,3852,1006,2.540980815887451,2.5947913620207044,,,,2.8274113352487367e-05,,
train_step,82,46,3853,1007,2.5347506999969482,2.5934861302375793,,,,2.8269320424084682e-05,,
train_step,82,47,3854,1008,3.1353673934936523,2.605015518817496,,,,2.8264521272070345e-05,,
epoch_summary,82,47,3854,1008,,,2.605015518817496,nan,nan,2.8264521272070345e-05,9.273961544036865,0.21612232079767607
train_step,83,1,3855,1008,2.1303935050964355,2.1303935050964355,,,,2.8264521272070345e-05,,
train_step,83,2,3856,1009,2.2913174629211426,2.210855484008789,,,,2.8259715898783402e-05,,
train_step,83,3,3857,1009,2.7352707386016846,2.3856605688730874,,,,2.8259715898783402e-05,,
train_step,83,4,3858,1010,2.4941530227661133,2.412783682346344,,,,2.825490430656594e-05,,
train_step,83,5,3859,1010,2.3976261615753174,2.4097521781921385,,,,2.825490430656594e-05,,
train_step,83,6,3860,1011,2.5822272300720215,2.438498020172119,,,,2.8250086497763063e-05,,
train_step,83,7,3861,1011,2.4251480102539062,2.4365908758980885,,,,2.8250086497763063e-05,,
train_step,83,8,3862,1012,3.0038344860076904,2.507496327161789,,,,2.8245262474722927e-05,,
train_step,83,9,3863,1012,2.9152474403381348,2.552802006403605,,,,2.8245262474722927e-05,,
train_step,83,10,3864,1013,3.037346363067627,2.6012564420700075,,,,2.8240432239796683e-05,,
train_step,83,11,3865,1013,3.0257678031921387,2.639848383990201,,,,2.8240432239796683e-05,,
train_step,83,12,3866,1014,2.525479793548584,2.630317668120066,,,,2.823559579533854e-05,,
train_step,83,13,3867,1014,2.608790874481201,2.6286617609170766,,,,2.823559579533854e-05,,
train_step,83,14,3868,1015,2.6131765842437744,2.6275556768689836,,,,2.8230753143705718e-05,,
train_step,83,15,3869,1015,2.417436122894287,2.613547706604004,,,,2.8230753143705718e-05,,
train_step,83,16,3870,1016,2.660571575164795,2.6164866983890533,,,,2.8225904287258472e-05,,
train_step,83,17,3871,1016,2.395580768585205,2.6034922319300033,,,,2.8225904287258472e-05,,
train_step,83,18,3872,1017,2.707268238067627,2.6092575656043158,,,,2.8221049228360073e-05,,
train_step,83,19,3873,1017,2.728994846343994,2.6155595277485095,,,,2.8221049228360073e-05,,
train_step,83,20,3874,1018,2.5803115367889404,2.613797128200531,,,,2.8216187969376814e-05,,
train_step,83,21,3875,1018,2.437382936477661,2.6053964524042037,,,,2.8216187969376814e-05,,
train_step,83,22,3876,1019,2.415065288543701,2.5967450358650903,,,,2.8211320512678018e-05,,
train_step,83,23,3877,1019,2.256601333618164,2.5819561792456587,,,,2.8211320512678018e-05,,
train_step,83,24,3878,1020,2.5928664207458496,2.5824107726415,,,,2.8206446860636023e-05,,
train_step,83,25,3879,1020,2.6247177124023438,2.5841030502319335,,,,2.8206446860636023e-05,,
train_step,83,26,3880,1021,2.883212089538574,2.5956072440514197,,,,2.8201567015626187e-05,,
train_step,83,27,3881,1021,2.6730761528015137,2.598476462894016,,,,2.8201567015626187e-05,,
train_step,83,28,3882,1022,2.6639552116394043,2.6008149896349226,,,,2.819668098002689e-05,,
train_step,83,29,3883,1022,2.394331455230713,2.5936948677589156,,,,2.819668098002689e-05,,
train_step,83,30,3884,1023,1.903122067451477,2.570675774415334,,,,2.8191788756219523e-05,,
train_step,83,31,3885,1023,2.7654571533203125,2.5769590447025914,,,,2.8191788756219523e-05,,
train_step,83,32,3886,1024,2.520756483078003,2.575202714651823,,,,2.81868903465885e-05,,
train_step,83,33,3887,1024,2.7870917320251465,2.581623593966166,,,,2.81868903465885e-05,,
train_step,83,34,3888,1025,2.8232407569885254,2.5887299811138824,,,,2.818198575352124e-05,,
train_step,83,35,3889,1025,2.6306216716766357,2.5899268865585325,,,,2.818198575352124e-05,,
train_step,83,36,3890,1026,2.5371322631835938,2.5884603692425623,,,,2.817707497940819e-05,,
train_step,83,37,3891,1026,2.889211654663086,2.5965887823620357,,,,2.817707497940819e-05,,
train_step,83,38,3892,1027,2.212958812713623,2.5864932568449723,,,,2.8172158026642797e-05,,
train_step,83,39,3893,1027,2.3043980598449707,2.579260046665485,,,,2.8172158026642797e-05,,
train_step,83,40,3894,1028,2.514021635055542,2.5776290863752367,,,,2.8167234897621522e-05,,
train_step,83,41,3895,1028,2.3097167015075684,2.5710946379638298,,,,2.8167234897621522e-05,,
train_step,83,42,3896,1029,2.548624038696289,2.570559623695555,,,,2.8162305594743842e-05,,
train_step,83,43,3897,1029,2.6231327056884766,2.571782253509344,,,,2.8162305594743842e-05,,
train_step,83,44,3898,1030,2.425135850906372,2.568449380722913,,,,2.815737012041224e-05,,
train_step,83,45,3899,1030,2.7858474254608154,2.573280448383755,,,,2.815737012041224e-05,,
train_step,83,46,3900,1031,2.3643176555633545,2.568737778974616,,,,2.8152428477032207e-05,,
train_step,83,47,3901,1032,2.5794806480407715,2.5689663506568747,,,,2.8147480667012235e-05,,
epoch_summary,83,47,3901,1032,,,2.5689663506568747,nan,nan,2.8147480667012235e-05,9.177424430847168,0.21612232079767607
train_step,84,1,3902,1032,2.009467601776123,2.009467601776123,,,,2.8147480667012235e-05,,
train_step,84,2,3903,1033,2.6308605670928955,2.3201640844345093,,,,2.8142526692763827e-05,,
train_step,84,3,3904,1033,2.483898878097534,2.374742348988851,,,,2.8142526692763827e-05,,
train_step,84,4,3905,1034,2.2815072536468506,2.351433575153351,,,,2.8137566556701498e-05,,
train_step,84,5,3906,1034,2.30529522895813,2.3422059059143066,,,,2.8137566556701498e-05,,
train_step,84,6,3907,1035,2.378767490386963,2.348299503326416,,,,2.8132600261242748e-05,,
train_step,84,7,3908,1035,2.254240036010742,2.334862436567034,,,,2.8132600261242748e-05,,
train_step,84,8,3909,1036,2.8541228771209717,2.3997699916362762,,,,2.8127627808808094e-05,,
train_step,84,9,3910,1036,2.3214950561523438,2.391072776582506,,,,2.8127627808808094e-05,,
train_step,84,10,3911,1037,2.4040138721466064,2.392366886138916,,,,2.8122649201821048e-05,,
train_step,84,11,3912,1037,2.5787241458892822,2.4093084552071313,,,,2.8122649201821048e-05,,
train_step,84,12,3913,1038,2.064591884613037,2.38058207432429,,,,2.8117664442708124e-05,,
train_step,84,13,3914,1038,2.1312880516052246,2.361405611038208,,,,2.8117664442708124e-05,,
train_step,84,14,3915,1039,2.662774085998535,2.3829319306782315,,,,2.8112673533898828e-05,,
train_step,84,15,3916,1039,2.368832588195801,2.381991974512736,,,,2.8112673533898828e-05,,
train_step,84,16,3917,1040,2.600128173828125,2.395625486969948,,,,2.8107676477825678e-05,,
train_step,84,17,3918,1040,2.7013683319091797,2.4136103602016674,,,,2.8107676477825678e-05,,
train_step,84,18,3919,1041,2.831265926361084,2.4368134472105236,,,,2.8102673276924165e-05,,
train_step,84,19,3920,1041,2.6009252071380615,2.4454509082593416,,,,2.8102673276924165e-05,,
train_step,84,20,3921,1042,2.8458080291748047,2.4654687643051147,,,,2.8097663933632802e-05,,
train_step,84,21,3922,1042,2.765580654144287,2.4797598066784086,,,,2.8097663933632802e-05,,
train_step,84,22,3923,1043,2.8777191638946533,2.497848868370056,,,,2.8092648450393077e-05,,
train_step,84,23,3924,1043,2.7624752521514893,2.509354363317075,,,,2.8092648450393077e-05,,
train_step,84,24,3925,1044,2.4971418380737305,2.5088455080986023,,,,2.8087626829649473e-05,,
train_step,84,25,3926,1044,2.438847064971924,2.5060455703735354,,,,2.8087626829649473e-05,,
train_step,84,26,3927,1045,2.7797670364379883,2.5165733190683217,,,,2.8082599073849464e-05,,
train_step,84,27,3928,1045,2.47729754447937,2.5151186607502125,,,,2.8082599073849464e-05,,
train_step,84,28,3929,1046,2.9716176986694336,2.531422197818756,,,,2.8077565185443523e-05,,
train_step,84,29,3930,1046,2.189647674560547,2.519636869430542,,,,2.8077565185443523e-05,,
train_step,84,30,3931,1047,2.3376564979553223,2.513570857048035,,,,2.8072525166885106e-05,,
train_step,84,31,3932,1047,2.3027751445770264,2.5067709953554216,,,,2.8072525166885106e-05,,
train_step,84,32,3933,1048,2.0597152709960938,2.4928005039691925,,,,2.8067479020630657e-05,,
train_step,84,33,3934,1048,2.200382947921753,2.483939365907149,,,,2.8067479020630657e-05,,
train_step,84,34,3935,1049,2.9699106216430664,2.498232638134676,,,,2.8062426749139603e-05,,
train_step,84,35,3936,1049,2.907508134841919,2.5099262237548827,,,,2.8062426749139603e-05,,
train_step,84,36,3937,1050,2.418809652328491,2.5073952078819275,,,,2.8057368354874363e-05,,
train_step,84,37,3938,1050,3.0515289306640625,2.522101524713877,,,,2.8057368354874363e-05,,
train_step,84,38,3939,1051,2.282111167907715,2.5157859890084517,,,,2.8052303840300334e-05,,
train_step,84,39,3940,1051,3.0405349731445312,2.529241091165787,,,,2.8052303840300334e-05,,
train_step,84,40,3941,1052,2.4109692573547363,2.5262842953205107,,,,2.8047233207885902e-05,,
train_step,84,41,3942,1052,3.0110342502593994,2.5381074649531667,,,,2.8047233207885902e-05,,
train_step,84,42,3943,1053,2.5401549339294434,2.5381562142145064,,,,2.804215646010243e-05,,
train_step,84,43,3944,1053,2.499744415283203,2.5372629165649414,,,,2.804215646010243e-05,,
train_step,84,44,3945,1054,3.170074462890625,2.5516449971632524,,,,2.8037073599424257e-05,,
train_step,84,45,3946,1054,2.771808624267578,2.5565375222100153,,,,2.8037073599424257e-05,,
train_step,84,46,3947,1055,2.427475690841675,2.553731830223747,,,,2.803198462832872e-05,,
train_step,84,47,3948,1056,2.9682960510253906,2.562552345559952,,,,2.802688954929611e-05,,
epoch_summary,84,47,3948,1056,,,2.562552345559952,nan,nan,2.802688954929611e-05,9.277193546295166,0.21612232079767607
train_step,85,1,3949,1056,2.216465473175049,2.216465473175049,,,,2.802688954929611e-05,,
train_step,85,2,3950,1057,2.573507308959961,2.394986391067505,,,,2.8021788364809718e-05,,
train_step,85,3,3951,1057,2.740704298019409,2.510225693384806,,,,2.8021788364809718e-05,,
train_step,85,4,3952,1058,2.8048930168151855,2.583892524242401,,,,2.8016681077355792e-05,,
train_step,85,5,3953,1058,2.209249496459961,2.508963918685913,,,,2.8016681077355792e-05,,
train_step,85,6,3954,1059,2.591403007507324,2.522703766822815,,,,2.8011567689423563e-05,,
train_step,85,7,3955,1059,2.721606969833374,2.5511185101100375,,,,2.8011567689423563e-05,,
train_step,85,8,3956,1060,2.177578926086426,2.504426062107086,,,,2.8006448203505234e-05,,
train_step,85,9,3957,1060,2.5666298866271973,2.5113375981648765,,,,2.8006448203505234e-05,,
train_step,85,10,3958,1061,2.277010679244995,2.487904906272888,,,,2.800132262209598e-05,,
train_step,85,11,3959,1061,2.265265941619873,2.4676650003953413,,,,2.800132262209598e-05,,
train_step,85,12,3960,1062,2.310884475708008,2.4545999566713967,,,,2.799619094769395e-05,,
train_step,85,13,3961,1062,2.707366943359375,2.4740435710320106,,,,2.799619094769395e-05,,
train_step,85,14,3962,1063,2.55948805809021,2.480146748679025,,,,2.7991053182800252e-05,,
train_step,85,15,3963,1063,2.3763394355773926,2.473226261138916,,,,2.7991053182800252e-05,,
train_step,85,16,3964,1064,2.6419320106506348,2.4837703704833984,,,,2.798590932991898e-05,,
train_step,85,17,3965,1064,2.5338199138641357,2.4867144612705006,,,,2.798590932991898e-05,,
train_step,85,18,3966,1065,2.8451764583587646,2.5066290166642933,,,,2.7980759391557185e-05,,
train_step,85,19,3967,1065,2.033296585083008,2.4817167834231726,,,,2.7980759391557185e-05,,
train_step,85,20,3968,1066,3.2263376712799072,2.5189478278160093,,,,2.7975603370224876e-05,,
train_step,85,21,3969,1066,2.7557716369628906,2.530225152061099,,,,2.7975603370224876e-05,,
train_step,85,22,3970,1067,2.2248992919921875,2.5163467038761484,,,,2.797044126843504e-05,,
train_step,85,23,3971,1067,2.9212183952331543,2.5339498208916704,,,,2.797044126843504e-05,,
train_step,85,24,3972,1068,2.5294618606567383,2.5337628225485482,,,,2.796527308870362e-05,,
train_step,85,25,3973,1068,2.3689522743225098,2.527170400619507,,,,2.796527308870362e-05,,
train_step,85,26,3974,1069,2.5594279766082764,2.528411076619075,,,,2.796009883354953e-05,,
train_step,85,27,3975,1069,2.186107635498047,2.51573317139237,,,,2.796009883354953e-05,,
train_step,85,28,3976,1070,2.611664295196533,2.5191592829568044,,,,2.7954918505494635e-05,,
train_step,85,29,3977,1070,2.990842580795288,2.53542422426158,,,,2.7954918505494635e-05,,
train_step,85,30,3978,1071,2.499910831451416,2.534240444501241,,,,2.7949732107063764e-05,,
train_step,85,31,3979,1071,2.451688289642334,2.531577471763857,,,,2.7949732107063764e-05,,
train_step,85,32,3980,1072,2.4750239849090576,2.5298101752996445,,,,2.7944539640784704e-05,,
train_step,85,33,3981,1072,2.3348724842071533,2.523902972539266,,,,2.7944539640784704e-05,,
train_step,85,34,3982,1073,2.6592752933502197,2.527884511386647,,,,2.7939341109188203e-05,,
train_step,85,35,3983,1073,2.5051205158233643,2.5272341115134105,,,,2.7939341109188203e-05,,
train_step,85,36,3984,1074,2.936718225479126,2.53860867023468,,,,2.793413651480796e-05,,
train_step,85,37,3985,1074,2.765327215194702,2.544736198476843,,,,2.793413651480796e-05,,
train_step,85,38,3986,1075,3.0499565601348877,2.5580314711520544,,,,2.792892586018063e-05,,
train_step,85,39,3987,1075,2.7504165172576904,2.5629644210521993,,,,2.792892586018063e-05,,
train_step,85,40,3988,1076,2.661489963531494,2.5654275596141813,,,,2.792370914784582e-05,,
train_step,85,41,3989,1076,2.623013973236084,2.5668321062878863,,,,2.792370914784582e-05,,
train_step,85,42,3990,1077,2.49809193611145,2.5651954355693998,,,,2.7918486380346103e-05,,
train_step,85,43,3991,1077,2.626727342605591,2.566626410151637,,,,2.7918486380346103e-05,,
train_step,85,44,3992,1078,2.165569305419922,2.5575114759531887,,,,2.7913257560226983e-05,,
train_step,85,45,3993,1078,2.093628168106079,2.547202958001031,,,,2.7913257560226983e-05,,
train_step,85,46,3994,1079,2.5925610065460205,2.5481890025346177,,,,2.790802269003693e-05,,
train_step,85,47,3995,1080,2.8904080390930176,2.5554702586316047,,,,2.7902781772327346e-05,,
epoch_summary,85,47,3995,1080,,,2.5554702586316047,nan,nan,2.7902781772327346e-05,9.315577268600464,0.21612232079767607
train_step,86,1,3996,1080,2.215679168701172,2.215679168701172,,,,2.7902781772327346e-05,,
train_step,86,2,3997,1081,2.7424745559692383,2.479076862335205,,,,2.78975348096526e-05,,
train_step,86,3,3998,1081,2.169255495071411,2.375803073247274,,,,2.78975348096526e-05,,
train_step,86,4,3999,1082,2.033944606781006,2.290338456630707,,,,2.7892281804569995e-05,,
train_step,86,5,4000,1082,2.294177293777466,2.2911062240600586,,,,2.7892281804569995e-05,,
train_step,86,6,4001,1083,2.809063196182251,2.377432386080424,,,,2.788702275963978e-05,,
train_step,86,7,4002,1083,2.753190517425537,2.431112119129726,,,,2.788702275963978e-05,,
train_step,86,8,4003,1084,2.6350033283233643,2.4565985202789307,,,,2.7881757677425154e-05,,
train_step,86,9,4004,1084,2.5424160957336426,2.466133806440565,,,,2.7881757677425154e-05,,
train_step,86,10,4005,1085,2.1818618774414062,2.4377066135406493,,,,2.7876486560492247e-05,,
train_step,86,11,4006,1085,2.5706825256347656,2.4497953328219326,,,,2.7876486560492247e-05,,
train_step,86,12,4007,1086,2.90157413482666,2.4874435663223267,,,,2.7871209411410146e-05,,
train_step,86,13,4008,1086,2.519340991973877,2.489897214449369,,,,2.7871209411410146e-05,,
train_step,86,14,4009,1087,2.9106147289276123,2.5199484654835294,,,,2.7865926232750862e-05,,
train_step,86,15,4010,1087,2.364633321762085,2.509594122568766,,,,2.7865926232750862e-05,,
train_step,86,16,4011,1088,2.557487964630127,2.5125874876976013,,,,2.7860637027089357e-05,,
train_step,86,17,4012,1088,2.1210641860961914,2.4895567052504597,,,,2.7860637027089357e-05,,
train_step,86,18,4013,1089,2.652216911315918,2.498593383365207,,,,2.7855341797003522e-05,,
train_step,86,19,4014,1089,2.7564501762390137,2.5121647935164604,,,,2.7855341797003522e-05,,
train_step,86,20,4015,1090,2.3833260536193848,2.5057228565216065,,,,2.785004054507419e-05,,
train_step,86,21,4016,1090,2.147366523742676,2.4886582692464194,,,,2.785004054507419e-05,,
train_step,86,22,4017,1091,2.604257583618164,2.493912783536044,,,,2.7844733273885127e-05,,
train_step,86,23,4018,1091,2.3714592456817627,2.4885887166728144,,,,2.7844733273885127e-05,,
train_step,86,24,4019,1092,2.7032651901245117,2.4975335697333017,,,,2.7839419986023033e-05,,
train_step,86,25,4020,1092,2.09029221534729,2.481243915557861,,,,2.7839419986023033e-05,,
train_step,86,26,4021,1093,2.2841432094573975,2.473663119169382,,,,2.783410068407754e-05,,
train_step,86,27,4022,1093,2.3778390884399414,2.4701140809942177,,,,2.783410068407754e-05,,
train_step,86,28,4023,1094,2.7711353302001953,2.480864839894431,,,,2.7828775370641206e-05,,
train_step,86,29,4024,1094,2.621514320373535,2.485714821979917,,,,2.7828775370641206e-05,,
train_step,86,30,4025,1095,2.9210243225097656,2.500225138664246,,,,2.7823444048309527e-05,,
train_step,86,31,4026,1095,2.31573486328125,2.4942738394583426,,,,2.7823444048309527e-05,,
train_step,86,32,4027,1096,2.5459909439086914,2.495889998972416,,,,2.781810671968093e-05,,
train_step,86,33,4028,1096,2.502300977706909,2.4960842710552793,,,,2.781810671968093e-05,,
train_step,86,34,4029,1097,2.656212329864502,2.500793919843786,,,,2.7812763387356757e-05,,
train_step,86,35,4030,1097,2.6171839237213135,2.504119348526001,,,,2.7812763387356757e-05,,
train_step,86,36,4031,1098,2.4482545852661133,2.50256754954656,,,,2.7807414053941287e-05,,
train_step,86,37,4032,1098,2.4331440925598145,2.500691239898269,,,,2.7807414053941287e-05,,
train_step,86,38,4033,1099,2.0999042987823486,2.490144215132061,,,,2.780205872204172e-05,,
train_step,86,39,4034,1099,2.7637500762939453,2.4971597500336475,,,,2.780205872204172e-05,,
train_step,86,40,4035,1100,2.2784183025360107,2.491691213846207,,,,2.7796697394268175e-05,,
train_step,86,41,4036,1100,2.57157301902771,2.4936395505579507,,,,2.7796697394268175e-05,,
train_step,86,42,4037,1101,2.5322580337524414,2.4945590382530574,,,,2.7791330073233708e-05,,
train_step,86,43,4038,1101,2.6216542720794678,2.4975147413652996,,,,2.7791330073233708e-05,,
train_step,86,44,4039,1102,2.5932745933532715,2.4996911016377537,,,,2.7785956761554276e-05,,
train_step,86,45,4040,1102,3.187499523162842,2.5149757332272,,,,2.7785956761554276e-05,,
train_step,86,46,4041,1103,2.790306568145752,2.520961186160212,,,,2.778057746184877e-05,,
train_step,86,47,4042,1104,2.7835307121276855,2.5265477718190943,,,,2.7775192176738997e-05,,
epoch_summary,86,47,4042,1104,,,2.5265477718190943,nan,nan,2.7775192176738997e-05,9.235507726669312,0.21612232079767607
train_step,87,1,4043,1104,2.520728349685669,2.520728349685669,,,,2.7775192176738997e-05,,
train_step,87,2,4044,1105,2.507885456085205,2.514306902885437,,,,2.776980090884968e-05,,
train_step,87,3,4045,1105,2.7028799057006836,2.577164570490519,,,,2.776980090884968e-05,,
train_step,87,4,4046,1106,2.297053575515747,2.507136821746826,,,,2.776440366080845e-05,,
train_step,87,5,4047,1106,2.6943492889404297,2.5445793151855467,,,,2.776440366080845e-05,,
train_step,87,6,4048,1107,2.2435741424560547,2.4944117863972983,,,,2.775900043524587e-05,,
train_step,87,7,4049,1107,2.3674983978271484,2.476281302315848,,,,2.775900043524587e-05,,
train_step,87,8,4050,1108,2.608043670654297,2.4927515983581543,,,,2.7753591234795402e-05,,
train_step,87,9,4051,1108,2.498605489730835,2.493402030732897,,,,2.7753591234795402e-05,,
train_step,87,10,4052,1109,2.449307441711426,2.4889925718307495,,,,2.774817606209342e-05,,
train_step,87,11,4053,1109,2.3459651470184326,2.4759900786659936,,,,2.774817606209342e-05,,
train_step,87,12,4054,1110,2.6108946800231934,2.4872321287790933,,,,2.774275491977922e-05,,
train_step,87,13,4055,1110,2.5719621181488037,2.493749820269071,,,,2.774275491977922e-05,,
train_step,87,14,4056,1111,2.7347230911254883,2.510962196758815,,,,2.7737327810495e-05,,
train_step,87,15,4057,1111,2.22977352142334,2.4922162850697833,,,,2.7737327810495e-05,,
train_step,87,16,4058,1112,2.349932909011841,2.483323574066162,,,,2.7731894736885862e-05,,
train_step,87,17,4059,1112,2.6892240047454834,2.495435364106122,,,,2.7731894736885862e-05,,
train_step,87,18,4060,1113,2.388833522796631,2.4895130395889282,,,,2.7726455701599826e-05,,
train_step,87,19,4061,1113,2.1336207389831543,2.470781865872835,,,,2.7726455701599826e-05,,
train_step,87,20,4062,1114,2.4173035621643066,2.4681079506874086,,,,2.7721010707287814e-05,,
train_step,87,21,4063,1114,2.2821314334869385,2.4592519260588146,,,,2.7721010707287814e-05,,
train_step,87,22,4064,1115,2.535349130630493,2.462710889902982,,,,2.771555975660364e-05,,
train_step,87,23,4065,1115,2.199209451675415,2.4512543056322182,,,,2.771555975660364e-05,,
train_step,87,24,4066,1116,1.932477355003357,2.4296385993560157,,,,2.771010285220404e-05,,
train_step,87,25,4067,1116,2.667789936065674,2.439164652824402,,,,2.771010285220404e-05,,
train_step,87,26,4068,1117,2.852077007293701,2.455045897227067,,,,2.770463999674864e-05,,
train_step,87,27,4069,1117,2.8211512565612793,2.4686053549801863,,,,2.770463999674864e-05,,
train_step,87,28,4070,1118,2.8867123126983643,2.483537746327264,,,,2.7699171192899968e-05,,
train_step,87,29,4071,1118,2.587630033493042,2.487127135539877,,,,2.7699171192899968e-05,,
train_step,87,30,4072,1119,3.0344042778015137,2.5053697069485983,,,,2.7693696443323453e-05,,
train_step,87,31,4073,1119,2.5362391471862793,2.506365495343362,,,,2.7693696443323453e-05,,
train_step,87,32,4074,1120,2.122408151626587,2.494366828352213,,,,2.7688215750687423e-05,,
train_step,87,33,4075,1120,2.3294484615325928,2.4893693020849517,,,,2.7688215750687423e-05,,
train_step,87,34,4076,1121,2.3398406505584717,2.484971400569467,,,,2.76827291176631e-05,,
train_step,87,35,4077,1121,2.724987506866455,2.4918290036065236,,,,2.76827291176631e-05,,
train_step,87,36,4078,1122,2.62310791015625,2.495475639899572,,,,2.7677236546924602e-05,,
train_step,87,37,4079,1122,2.3716814517974854,2.492129851031948,,,,2.7677236546924602e-05,,
train_step,87,38,4080,1123,2.1380016803741455,2.4828106886462162,,,,2.7671738041148944e-05,,
train_step,87,39,4081,1123,2.7721781730651855,2.490230367733882,,,,2.7671738041148944e-05,,
train_step,87,40,4082,1124,2.6248857975006104,2.4935967534780503,,,,2.7666233603016026e-05,,
train_step,87,41,4083,1124,2.8294200897216797,2.501787566557163,,,,2.7666233603016026e-05,,
train_step,87,42,4084,1125,2.663405418395996,2.505635610648564,,,,2.766072323520865e-05,,
train_step,87,43,4085,1125,2.245718240737915,2.4995910206506418,,,,2.766072323520865e-05,,
train_step,87,44,4086,1126,2.809520721435547,2.5066348774866625,,,,2.7655206940412494e-05,,
train_step,87,45,4087,1126,2.319176197052002,2.502469129032559,,,,2.7655206940412494e-05,,
train_step,87,46,4088,1127,2.3950154781341553,2.500133180099985,,,,2.7649684721316145e-05,,
train_step,87,47,4089,1128,2.801419973373413,2.5065435374036746,,,,2.7644156580611058e-05,,
epoch_summary,87,47,4089,1128,,,2.5065435374036746,nan,nan,2.7644156580611058e-05,9.190193891525269,0.21612232079767607
train_step,88,1,4090,1128,2.942646026611328,2.942646026611328,,,,2.7644156580611058e-05,,
train_step,88,2,4091,1129,2.183952808380127,2.5632994174957275,,,,2.763862252099158e-05,,
train_step,88,3,4092,1129,2.6371960639953613,2.5879316329956055,,,,2.763862252099158e-05,,
train_step,88,4,4093,1130,2.100869655609131,2.466166138648987,,,,2.7633082545154947e-05,,
train_step,88,5,4094,1130,2.607196569442749,2.4943722248077393,,,,2.7633082545154947e-05,,
train_step,88,6,4095,1131,2.917186737060547,2.564841310183207,,,,2.7627536655801274e-05,,
train_step,88,7,4096,1131,2.595824956893921,2.569267545427595,,,,2.7627536655801274e-05,,
train_step,88,8,4097,1132,2.6377506256103516,2.5778279304504395,,,,2.762198485563356e-05,,
train_step,88,9,4098,1132,2.2665491104125977,2.5432413948906794,,,,2.762198485563356e-05,,
train_step,88,10,4099,1133,2.6327483654022217,2.5521920919418335,,,,2.7616427147357698e-05,,
train_step,88,11,4100,1133,2.3636960983276367,2.535056092522361,,,,2.7616427147357698e-05,,
train_step,88,12,4101,1134,2.4208548069000244,2.5255393187204995,,,,2.7610863533682428e-05,,
train_step,88,13,4102,1134,2.155890703201294,2.497104809834407,,,,2.7610863533682428e-05,,
train_step,88,14,4103,1135,2.7420318126678467,2.5145995957510814,,,,2.7605294017319393e-05,,
train_step,88,15,4104,1135,2.288872718811035,2.4995511372884116,,,,2.7605294017319393e-05,,
train_step,88,16,4105,1136,2.5760772228240967,2.504334017634392,,,,2.759971860098312e-05,,
train_step,88,17,4106,1136,2.829935073852539,2.523487020941342,,,,2.759971860098312e-05,,
train_step,88,18,4107,1137,2.2667136192321777,2.509221831957499,,,,2.7594137287390983e-05,,
train_step,88,19,4108,1137,2.3102824687957764,2.4987513391595138,,,,2.7594137287390983e-05,,
train_step,88,20,4109,1138,2.1451902389526367,2.48107328414917,,,,2.7588550079263255e-05,,
train_step,88,21,4110,1138,2.7573416233062744,2.4942289193471274,,,,2.7588550079263255e-05,,
train_step,88,22,4111,1139,2.1288564205169678,2.477621078491211,,,,2.7582956979323074e-05,,
train_step,88,23,4112,1139,3.0315561294555664,2.501705211141835,,,,2.7582956979323074e-05,,
train_step,88,24,4113,1140,3.055795192718506,2.5247922937075296,,,,2.757735799029644e-05,,
train_step,88,25,4114,1140,2.65800142288208,2.5301206588745115,,,,2.757735799029644e-05,,
train_step,88,26,4115,1141,2.2544403076171875,2.519517568441538,,,,2.7571753114912248e-05,,
train_step,88,27,4116,1141,2.564103841781616,2.521168911898578,,,,2.7571753114912248e-05,,
train_step,88,28,4117,1142,2.4137864112854004,2.517333822590964,,,,2.7566142355902233e-05,,
train_step,88,29,4118,1142,2.7250022888183594,2.524494804185012,,,,2.7566142355902233e-05,,
train_step,88,30,4119,1143,2.9920573234558105,2.540080221494039,,,,2.7560525716001016e-05,,
train_step,88,31,4120,1143,2.6330149173736572,2.5430781149095103,,,,2.7560525716001016e-05,,
train_step,88,32,4121,1144,2.5602593421936035,2.5436150282621384,,,,2.7554903197946075e-05,,
train_step,88,33,4122,1144,2.464829683303833,2.541227593566432,,,,2.7554903197946075e-05,,
train_step,88,34,4123,1145,2.115879774093628,2.5287173635819378,,,,2.754927480447776e-05,,
train_step,88,35,4124,1145,2.528696060180664,2.5287167549133303,,,,2.754927480447776e-05,,
train_step,88,36,4125,1146,2.5498909950256348,2.529304928249783,,,,2.7543640538339285e-05,,
train_step,88,37,4126,1146,2.4369120597839355,2.526807823696652,,,,2.7543640538339285e-05,,
train_step,88,38,4127,1147,2.4093093872070312,2.5237157595785042,,,,2.7538000402276715e-05,,
train_step,88,39,4128,1147,2.616058588027954,2.526083524410541,,,,2.7538000402276715e-05,,
train_step,88,40,4129,1148,2.539285182952881,2.5264135658741,,,,2.7532354399038992e-05,,
train_step,88,41,4130,1148,2.242809772491455,2.5194964001818403,,,,2.7532354399038992e-05,,
train_step,88,42,4131,1149,2.121769905090332,2.5100267217272805,,,,2.7526702531377907e-05,,
train_step,88,43,4132,1149,2.3313117027282715,2.5058705584947454,,,,2.7526702531377907e-05,,
train_step,88,44,4133,1150,2.095097064971924,2.4965347972783176,,,,2.7521044802048105e-05,,
train_step,88,45,4134,1150,2.245938539505005,2.4909659915500217,,,,2.7521044802048105e-05,,
train_step,88,46,4135,1151,2.812962055206299,2.497965905977332,,,,2.75153812138071e-05,,
train_step,88,47,4136,1152,1.8926472663879395,2.4850867859860686,,,,2.750971176941526e-05,,
epoch_summary,88,47,4136,1152,,,2.4850867859860686,nan,nan,2.750971176941526e-05,9.752634525299072,0.21612232079767607
train_step,89,1,4137,1152,2.4298672676086426,2.4298672676086426,,,,2.750971176941526e-05,,
train_step,89,2,4138,1153,2.361588954925537,2.39572811126709,,,,2.7504036471635797e-05,,
train_step,89,3,4139,1153,2.266336441040039,2.3525975545247397,,,,2.7504036471635797e-05,,
train_step,89,4,4140,1154,1.9626820087432861,2.255118668079376,,,,2.7498355323234787e-05,,
train_step,89,5,4141,1154,3.178098440170288,2.4397146224975588,,,,2.7498355323234787e-05,,
train_step,89,6,4142,1155,1.8632203340530396,2.343632241090139,,,,2.7492668326981146e-05,,
train_step,89,7,4143,1155,2.2869043350219727,2.335528254508972,,,,2.7492668326981146e-05,,
train_step,89,8,4144,1156,2.2579915523529053,2.325836166739464,,,,2.7486975485646657e-05,,
train_step,89,9,4145,1156,3.1682610511779785,2.4194389316770764,,,,2.7486975485646657e-05,,
train_step,89,10,4146,1157,2.349147319793701,2.412409770488739,,,,2.7481276802005928e-05,,
train_step,89,11,4147,1157,2.7405271530151367,2.442238623445684,,,,2.7481276802005928e-05,,
train_step,89,12,4148,1158,2.5125646591186523,2.4480991264184317,,,,2.747557227883644e-05,,
train_step,89,13,4149,1158,2.787262439727783,2.4741886120576124,,,,2.747557227883644e-05,,
train_step,89,14,4150,1159,2.7120466232299805,2.491178469998496,,,,2.7469861918918505e-05,,
train_step,89,15,4151,1159,2.585416316986084,2.4974609931310017,,,,2.7469861918918505e-05,,
train_step,89,16,4152,1160,2.587730884552002,2.5031028613448143,,,,2.746414572503528e-05,,
train_step,89,17,4153,1160,2.049025774002075,2.4763924444423004,,,,2.746414572503528e-05,,
train_step,89,18,4154,1161,2.4954617023468018,2.477451847659217,,,,2.745842369997277e-05,,
train_step,89,19,4155,1161,2.421888589859009,2.4745274656697323,,,,2.745842369997277e-05,,
train_step,89,20,4156,1162,2.825103998184204,2.492056292295456,,,,2.7452695846519823e-05,,
train_step,89,21,4157,1162,2.083521842956543,2.472602270898365,,,,2.7452695846519823e-05,,
train_step,89,22,4158,1163,2.483997344970703,2.473120228810744,,,,2.7446962167468127e-05,,
train_step,89,23,4159,1163,2.107403516769409,2.457219502200251,,,,2.7446962167468127e-05,,
train_step,89,24,4160,1164,2.4169726371765137,2.4555425494909286,,,,2.7441222665612196e-05,,
train_step,89,25,4161,1164,2.6122217178344727,2.4618097162246704,,,,2.7441222665612196e-05,,
train_step,89,26,4162,1165,2.5231878757476807,2.464170414667863,,,,2.7435477343749408e-05,,
train_step,89,27,4163,1165,2.690950393676758,2.4725696731496742,,,,2.7435477343749408e-05,,
train_step,89,28,4164,1166,2.8227341175079346,2.485075546162469,,,,2.7429726204679956e-05,,
train_step,89,29,4165,1166,2.5407066345214844,2.4869938595541594,,,,2.7429726204679956e-05,,
train_step,89,30,4166,1167,2.8319153785705566,2.4984912435213724,,,,2.7423969251206874e-05,,
train_step,89,31,4167,1167,2.5851666927337646,2.50128722575403,,,,2.7423969251206874e-05,,
train_step,89,32,4168,1168,1.9942550659179688,2.4854424707591534,,,,2.741820648613603e-05,,
train_step,89,33,4169,1168,2.826808214187622,2.4957868872266826,,,,2.741820648613603e-05,,
train_step,89,34,4170,1169,2.0100300312042236,2.481499920873081,,,,2.741243791227613e-05,,
train_step,89,35,4171,1169,2.3963327407836914,2.479066572870527,,,,2.741243791227613e-05,,
train_step,89,36,4172,1170,3.0066540241241455,2.4937217798497944,,,,2.740666353243871e-05,,
train_step,89,37,4173,1170,2.2707254886627197,2.487694853060954,,,,2.740666353243871e-05,,
train_step,89,38,4174,1171,2.6290225982666016,2.4914140042505766,,,,2.7400883349438124e-05,,
train_step,89,39,4175,1171,2.217102289199829,2.4843803705313268,,,,2.7400883349438124e-05,,
train_step,89,40,4176,1172,2.2513561248779297,2.4785547643899917,,,,2.739509736609157e-05,,
train_step,89,41,4177,1172,2.6144323348999023,2.4818688514755993,,,,2.739509736609157e-05,,
train_step,89,42,4178,1173,2.1056246757507324,2.4729106568154835,,,,2.7389305585219057e-05,,
train_step,89,43,4179,1173,2.8251075744628906,2.4811012828072836,,,,2.7389305585219057e-05,,
train_step,89,44,4180,1174,2.3239822387695312,2.4775303954427894,,,,2.738350800964344e-05,,
train_step,89,45,4181,1174,2.7109782695770264,2.4827181259791056,,,,2.738350800964344e-05,,
train_step,89,46,4182,1175,2.5636563301086426,2.4844776521558347,,,,2.7377704642190384e-05,,
train_step,89,47,4183,1176,2.2365307807922363,2.4792021868076732,,,,2.737189548568837e-05,,
epoch_summary,89,47,4183,1176,,,2.4792021868076732,nan,nan,2.737189548568837e-05,9.033252239227295,0.21612232079767607
train_step,90,1,4184,1176,2.5679941177368164,2.5679941177368164,,,,2.737189548568837e-05,,
train_step,90,2,4185,1177,2.133948802947998,2.3509714603424072,,,,2.736608054296872e-05,,
train_step,90,3,4186,1177,2.428677558898926,2.37687349319458,,,,2.736608054296872e-05,,
train_step,90,4,4187,1178,2.121823787689209,2.3131110668182373,,,,2.7360259816865568e-05,,
train_step,90,5,4188,1178,2.492964267730713,2.3490817070007326,,,,2.7360259816865568e-05,,
train_step,90,6,4189,1179,2.428345203399658,2.3622922897338867,,,,2.735443331021586e-05,,
train_step,90,7,4190,1179,2.1061174869537354,2.325695889336722,,,,2.735443331021586e-05,,
train_step,90,8,4191,1180,2.3021347522735596,2.322750747203827,,,,2.734860102585936e-05,,
train_step,90,9,4192,1180,2.8926002979278564,2.386067363950941,,,,2.734860102585936e-05,,
train_step,90,10,4193,1181,1.8853975534439087,2.336000382900238,,,,2.734276296663867e-05,,
train_step,90,11,4194,1181,3.1350479125976562,2.408641067418185,,,,2.734276296663867e-05,,
train_step,90,12,4195,1182,2.2152295112609863,2.3925234377384186,,,,2.733691913539917e-05,,
train_step,90,13,4196,1182,2.3516571521759033,2.3893798773105326,,,,2.733691913539917e-05,,
train_step,90,14,4197,1183,2.9495620727539062,2.4293928912707736,,,,2.7331069534989078e-05,,
train_step,90,15,4198,1183,2.5132250785827637,2.4349817037582397,,,,2.7331069534989078e-05,,
train_step,90,16,4199,1184,2.5542151927948,2.4424337968230247,,,,2.7325214168259424e-05,,
train_step,90,17,4200,1184,2.3463315963745117,2.4367807262084065,,,,2.7325214168259424e-05,,
train_step,90,18,4201,1185,2.440730571746826,2.437000162071652,,,,2.7319353038064034e-05,,
train_step,90,19,4202,1185,2.821439743041992,2.4572338242279854,,,,2.7319353038064034e-05,,
train_step,90,20,4203,1186,2.4757871627807617,2.458161491155624,,,,2.7313486147259565e-05,,
train_step,90,21,4204,1186,2.347043037414551,2.4528701362155734,,,,2.7313486147259565e-05,,
train_step,90,22,4205,1187,2.3702688217163086,2.4491155310110613,,,,2.7307613498705452e-05,,
train_step,90,23,4206,1187,2.3781089782714844,2.4460282895876015,,,,2.7307613498705452e-05,,
train_step,90,24,4207,1188,2.6255788803100586,2.453509564201037,,,,2.7301735095263965e-05,,
train_step,90,25,4208,1188,2.51737642288208,2.456064238548279,,,,2.7301735095263965e-05,,
train_step,90,26,4209,1189,2.4916188716888428,2.4574317244383006,,,,2.7295850939800155e-05,,
train_step,90,27,4210,1189,2.627070426940918,2.4637146393458047,,,,2.7295850939800155e-05,,
train_step,90,28,4211,1190,2.2722911834716797,2.4568780873503004,,,,2.72899610351819e-05,,
train_step,90,29,4212,1190,2.323477268218994,2.452278059104393,,,,2.72899610351819e-05,,
train_step,90,30,4213,1191,2.4647104740142822,2.452692472934723,,,,2.728406538427986e-05,,
train_step,90,31,4214,1191,2.5358402729034424,2.455374660030488,,,,2.728406538427986e-05,,
train_step,90,32,4215,1192,2.7951900959014893,2.465993892401457,,,,2.727816398996751e-05,,
train_step,90,33,4216,1192,2.685314178466797,2.472639961676164,,,,2.727816398996751e-05,,
train_step,90,34,4217,1193,2.34421443939209,2.468862740432515,,,,2.7272256855121115e-05,,
train_step,90,35,4218,1193,2.4560091495513916,2.4684954949787685,,,,2.7272256855121115e-05,,
train_step,90,36,4219,1194,2.4457192420959473,2.467862821287579,,,,2.7266343982619735e-05,,
train_step,90,37,4220,1194,2.1139791011810303,2.4582983964198344,,,,2.7266343982619735e-05,,
train_step,90,38,4221,1195,2.665846824645996,2.463760197162628,,,,2.7260425375345238e-05,,
train_step,90,39,4222,1195,2.4549171924591064,2.4635334534522815,,,,2.7260425375345238e-05,,
train_step,90,40,4223,1196,2.3043289184570312,2.4595533400774,,,,2.725450103618228e-05,,
train_step,90,41,4224,1196,3.082690715789795,2.4747518126557515,,,,2.725450103618228e-05,,
train_step,90,42,4225,1197,2.098393678665161,2.4657909047035944,,,,2.7248570968018312e-05,,
train_step,90,43,4226,1197,2.439197063446045,2.465172443279,,,,2.7248570968018312e-05,,
train_step,90,44,4227,1198,2.013446807861328,2.454905951564962,,,,2.724263517374358e-05,,
train_step,90,45,4228,1198,2.727151393890381,2.460955850283305,,,,2.724263517374358e-05,,
train_step,90,46,4229,1199,2.1255862712860107,2.4536652072616247,,,,2.7236693656251113e-05,,
train_step,90,47,4230,1200,2.7172412872314453,2.45927320896311,,,,2.7230746418436738e-05,,
epoch_summary,90,47,4230,1200,,,2.45927320896311,2.454847369875227,0.5492764471057884,2.7230746418436738e-05,236.49056458473206,0.21612232079767607
train_step,91,1,4231,1200,2.7736432552337646,2.7736432552337646,,,,2.7230746418436738e-05,,
train_step,91,2,4232,1201,2.2794337272644043,2.5265384912490845,,,,2.7224793463199064e-05,,
train_step,91,3,4233,1201,2.444030284881592,2.4990357557932534,,,,2.7224793463199064e-05,,
train_step,91,4,4234,1202,2.152263641357422,2.4123427271842957,,,,2.7218834793439496e-05,,
train_step,91,5,4235,1202,1.9903199672698975,2.327938175201416,,,,2.7218834793439496e-05,,
train_step,91,6,4236,1203,2.093331813812256,2.288837114969889,,,,2.7212870412062202e-05,,
train_step,91,7,4237,1203,2.3141896724700928,2.2924589088984897,,,,2.7212870412062202e-05,,
train_step,91,8,4238,1204,2.285227060317993,2.2915549278259277,,,,2.7206900321974166e-05,,
train_step,91,9,4239,1204,2.703665256500244,2.3373449643452964,,,,2.7206900321974166e-05,,
train_step,91,10,4240,1205,2.6169891357421875,2.3653093814849853,,,,2.720092452608513e-05,,
train_step,91,11,4241,1205,2.385359764099121,2.367132143540816,,,,2.720092452608513e-05,,
train_step,91,12,4242,1206,2.116832971572876,2.346273879210154,,,,2.7194943027307624e-05,,
train_step,91,13,4243,1206,2.1726999282836914,2.3329220368311954,,,,2.7194943027307624e-05,,
train_step,91,14,4244,1207,2.1750550270080566,2.3216458218438283,,,,2.7188955828556957e-05,,
train_step,91,15,4245,1207,2.2163753509521484,2.3146277904510497,,,,2.7188955828556957e-05,,
train_step,91,16,4246,1208,2.8428964614868164,2.347644582390785,,,,2.7182962932751214e-05,,
train_step,91,17,4247,1208,2.3534064292907715,2.3479835145613728,,,,2.7182962932751214e-05,,
train_step,91,18,4248,1209,2.438913106918335,2.353035158581204,,,,2.7176964342811265e-05,,
train_step,91,19,4249,1209,2.3332505226135254,2.351993861951326,,,,2.7176964342811265e-05,,
train_step,91,20,4250,1210,2.3630175590515137,2.3525450468063354,,,,2.7170960061660755e-05,,
train_step,91,21,4251,1210,2.3988983631134033,2.3547523475828624,,,,2.7170960061660755e-05,,
train_step,91,22,4252,1211,2.3610692024230957,2.3550394773483276,,,,2.716495009222609e-05,,
train_step,91,23,4253,1211,2.3455185890197754,2.3546255256818687,,,,2.716495009222609e-05,,
train_step,91,24,4254,1212,2.324207305908203,2.353358099857966,,,,2.7158934437436452e-05,,
train_step,91,25,4255,1212,2.4532413482666016,2.3573534297943115,,,,2.7158934437436452e-05,,
train_step,91,26,4256,1213,2.2803804874420166,2.354392932011531,,,,2.715291310022381e-05,,
train_step,91,27,4257,1213,2.7198574542999268,2.367928655059249,,,,2.715291310022381e-05,,
train_step,91,28,4258,1214,2.2310924530029297,2.363041647842952,,,,2.714688608352288e-05,,
train_step,91,29,4259,1214,2.4085562229156494,2.3646111159489074,,,,2.714688608352288e-05,,
train_step,91,30,4260,1215,2.688683032989502,2.375413513183594,,,,2.7140853390271163e-05,,
train_step,91,31,4261,1215,2.360936164855957,2.3749465019472185,,,,2.7140853390271163e-05,,
train_step,91,32,4262,1216,2.6837158203125,2.3845955431461334,,,,2.713481502340892e-05,,
train_step,91,33,4263,1216,2.3398776054382324,2.3832404541246817,,,,2.713481502340892e-05,,
train_step,91,34,4264,1217,2.067662000656128,2.3739587349050186,,,,2.712877098587917e-05,,
train_step,91,35,4265,1217,2.3992271423339844,2.374680689402989,,,,2.712877098587917e-05,,
train_step,91,36,4266,1218,2.7026004791259766,2.3837895724508495,,,,2.7122721280627712e-05,,
train_step,91,37,4267,1218,2.3754873275756836,2.3835651874542236,,,,2.7122721280627712e-05,,
train_step,91,38,4268,1219,2.1168389320373535,2.376546075469569,,,,2.7116665910603097e-05,,
train_step,91,39,4269,1219,2.6647140979766846,2.3839349991235976,,,,2.7116665910603097e-05,,
train_step,91,40,4270,1220,2.8232078552246094,2.394916820526123,,,,2.7110604878756634e-05,,
train_step,91,41,4271,1220,2.459557056427002,2.3964934116456567,,,,2.7110604878756634e-05,,
train_step,91,42,4272,1221,2.4667532444000244,2.3981662648064748,,,,2.7104538188042404e-05,,
train_step,91,43,4273,1221,2.3576245307922363,2.397223433782888,,,,2.7104538188042404e-05,,
train_step,91,44,4274,1222,3.1495819091796875,2.414322490041906,,,,2.7098465841417236e-05,,
train_step,91,45,4275,1222,2.653963804244995,2.4196478525797525,,,,2.7098465841417236e-05,,
train_step,91,46,4276,1223,2.7597529888153076,2.427041442497917,,,,2.709238784184072e-05,,
train_step,91,47,4277,1224,2.630772113800049,2.4313761376320047,,,,2.7086304192275188e-05,,
epoch_summary,91,47,4277,1224,,,2.4313761376320047,nan,nan,2.7086304192275188e-05,9.094167232513428,0.21612232079767607
train_step,92,1,4278,1224,2.123972177505493,2.123972177505493,,,,2.7086304192275188e-05,,
train_step,92,2,4279,1225,2.326591968536377,2.225282073020935,,,,2.7080214895685748e-05,,
train_step,92,3,4280,1225,2.5659327507019043,2.3388322989145913,,,,2.7080214895685748e-05,,
train_step,92,4,4281,1226,2.213103771209717,2.307400166988373,,,,2.7074119955040244e-05,,
train_step,92,5,4282,1226,2.5679492950439453,2.359509992599487,,,,2.7074119955040244e-05,,
train_step,92,6,4283,1227,2.5168089866638184,2.385726491610209,,,,2.706801937330928e-05,,
train_step,92,7,4284,1227,2.9047584533691406,2.459873914718628,,,,2.706801937330928e-05,,
train_step,92,8,4285,1228,1.9776830673217773,2.3996000587940216,,,,2.70619131534662e-05,,
train_step,92,9,4286,1228,2.6469318866729736,2.4270813730027943,,,,2.70619131534662e-05,,
train_step,92,10,4287,1229,2.487640380859375,2.4331372737884522,,,,2.7055801298487108e-05,,
train_step,92,11,4288,1229,2.602339506149292,2.448519294912165,,,,2.7055801298487108e-05,,
train_step,92,12,4289,1230,2.542114734649658,2.4563189148902893,,,,2.7049683811350847e-05,,
train_step,92,13,4290,1230,2.2495064735412598,2.4404102655557485,,,,2.7049683811350847e-05,,
train_step,92,14,4291,1231,2.350219249725342,2.433968050139291,,,,2.7043560695039e-05,,
train_step,92,15,4292,1231,2.9581639766693115,2.468914445241292,,,,2.7043560695039e-05,,
train_step,92,16,4293,1232,2.1431100368499756,2.448551669716835,,,,2.7037431952535903e-05,,
train_step,92,17,4294,1232,2.3342244625091553,2.441826539881089,,,,2.7037431952535903e-05,,
train_step,92,18,4295,1233,1.9830918312072754,2.4163412782880993,,,,2.7031297586828632e-05,,
train_step,92,19,4296,1233,2.6364269256591797,2.427924733412893,,,,2.7031297586828632e-05,,
train_step,92,20,4297,1234,2.31280517578125,2.422168755531311,,,,2.7025157600907e-05,,
train_step,92,21,4298,1234,2.5529141426086426,2.4283947263445174,,,,2.7025157600907e-05,,
train_step,92,22,4299,1235,2.217625856399536,2.4188143231652,,,,2.7019011997763565e-05,,
train_step,92,23,4300,1235,2.006502151489258,2.4008877070053765,,,,2.7019011997763565e-05,,
train_step,92,24,4301,1236,2.6776514053344727,2.4124195277690887,,,,2.7012860780393613e-05,,
train_step,92,25,4302,1236,2.1905221939086914,2.403543634414673,,,,2.7012860780393613e-05,,
train_step,92,26,4303,1237,2.4159035682678223,2.4040190164859476,,,,2.700670395179518e-05,,
train_step,92,27,4304,1237,2.843380928039551,2.420291679876822,,,,2.700670395179518e-05,,
train_step,92,28,4305,1238,2.4114444255828857,2.4199757065091814,,,,2.7000541514969024e-05,,
train_step,92,29,4306,1238,2.1877188682556152,2.411966850017679,,,,2.7000541514969024e-05,,
train_step,92,30,4307,1239,2.497002601623535,2.4148013750712076,,,,2.699437347291864e-05,,
train_step,92,31,4308,1239,2.602125644683838,2.4208440934458086,,,,2.699437347291864e-05,,
train_step,92,32,4309,1240,2.1332874298095703,2.411857947707176,,,,2.6988199828650266e-05,,
train_step,92,33,4310,1240,2.629401683807373,2.418450182134455,,,,2.6988199828650266e-05,,
train_step,92,34,4311,1241,2.839420795440674,2.4308316707611084,,,,2.6982020585172855e-05,,
train_step,92,35,4312,1241,2.3644001483917236,2.4289336272648403,,,,2.6982020585172855e-05,,
train_step,92,36,4313,1242,2.5590219497680664,2.4325471917788186,,,,2.6975835745498094e-05,,
train_step,92,37,4314,1242,2.156470775604248,2.4250856670173437,,,,2.6975835745498094e-05,,
train_step,92,38,4315,1243,2.728973865509033,2.4330827248723885,,,,2.69696453126404e-05,,
train_step,92,39,4316,1243,2.3746840953826904,2.4315853241162424,,,,2.69696453126404e-05,,
train_step,92,40,4317,1244,2.2904391288757324,2.4280566692352297,,,,2.696344928961692e-05,,
train_step,92,41,4318,1244,2.907545328140259,2.4397515145743767,,,,2.696344928961692e-05,,
train_step,92,42,4319,1245,2.459897994995117,2.440231192679632,,,,2.695724767944751e-05,,
train_step,92,43,4320,1245,2.7951927185058594,2.4484861118848933,,,,2.695724767944751e-05,,
train_step,92,44,4321,1246,2.0733532905578613,2.439960365945643,,,,2.695104048515477e-05,,
train_step,92,45,4322,1246,2.56182861328125,2.4426685492197673,,,,2.695104048515477e-05,,
train_step,92,46,4323,1247,2.3407301902770996,2.440452497938405,,,,2.6944827709764e-05,,
train_step,92,47,4324,1248,1.8467549085617065,2.4278206343346453,,,,2.6938609356303245e-05,,
epoch_summary,92,47,4324,1248,,,2.4278206343346453,nan,nan,2.6938609356303245e-05,9.108777523040771,0.21612232079767607
train_step,93,1,4325,1248,2.7355268001556396,2.7355268001556396,,,,2.6938609356303245e-05,,
train_step,93,2,4326,1249,2.457700729370117,2.5966137647628784,,,,2.6932385427803245e-05,,
train_step,93,3,4327,1249,2.4095661640167236,2.53426456451416,,,,2.6932385427803245e-05,,
train_step,93,4,4328,1250,2.5136802196502686,2.5291184782981873,,,,2.6926155927297468e-05,,
train_step,93,5,4329,1250,2.580336093902588,2.539362001419067,,,,2.6926155927297468e-05,,
train_step,93,6,4330,1251,2.3746728897094727,2.511913816134135,,,,2.69199208578221e-05,,
train_step,93,7,4331,1251,2.59183931350708,2.52333174433027,,,,2.69199208578221e-05,,
train_step,93,8,4332,1252,2.2293405532836914,2.4865828454494476,,,,2.6913680222416037e-05,,
train_step,93,9,4333,1252,2.0880801677703857,2.442304770151774,,,,2.6913680222416037e-05,,
train_step,93,10,4334,1253,2.119357109069824,2.410010004043579,,,,2.690743402412089e-05,,
train_step,93,11,4335,1253,2.4304754734039307,2.4118705012581567,,,,2.690743402412089e-05,,
train_step,93,12,4336,1254,2.069537401199341,2.383342742919922,,,,2.6901182265980973e-05,,
train_step,93,13,4337,1254,2.6042842864990234,2.4003382462721605,,,,2.6901182265980973e-05,,
train_step,93,14,4338,1255,2.320805788040161,2.3946573563984463,,,,2.689492495104333e-05,,
train_step,93,15,4339,1255,2.3858652114868164,2.3940712134043376,,,,2.689492495104333e-05,,
train_step,93,16,4340,1256,2.3190102577209473,2.3893799036741257,,,,2.6888662082357686e-05,,
train_step,93,17,4341,1256,1.914398193359375,2.3614398030673756,,,,2.6888662082357686e-05,,
train_step,93,18,4342,1257,2.336894989013672,2.3600762022866144,,,,2.6882393662976502e-05,,
train_step,93,19,4343,1257,2.4639892578125,2.365545310472187,,,,2.6882393662976502e-05,,
train_step,93,20,4344,1258,2.6865224838256836,2.381594169139862,,,,2.6876119695954914e-05,,
train_step,93,21,4345,1258,2.0290095806121826,2.36480442682902,,,,2.6876119695954914e-05,,
train_step,93,22,4346,1259,2.539888858795166,2.3727628101002085,,,,2.6869840184350786e-05,,
train_step,93,23,4347,1259,2.884369373321533,2.395006573718527,,,,2.6869840184350786e-05,,
train_step,93,24,4348,1260,2.4733667373657227,2.3982715805371604,,,,2.6863555131224677e-05,,
train_step,93,25,4349,1260,2.254323959350586,2.392513675689697,,,,2.6863555131224677e-05,,
train_step,93,26,4350,1261,2.5536370277404785,2.3987107276916504,,,,2.6857264539639845e-05,,
train_step,93,27,4351,1261,2.5889291763305664,2.4057558554190175,,,,2.6857264539639845e-05,,
train_step,93,28,4352,1262,2.651916027069092,2.414547290120806,,,,2.6850968412662245e-05,,
train_step,93,29,4353,1262,2.221466302871704,2.407889325043251,,,,2.6850968412662245e-05,,
train_step,93,30,4354,1263,2.299633502960205,2.4042807976404825,,,,2.6844666753360527e-05,,
train_step,93,31,4355,1263,1.8340280055999756,2.3858855462843374,,,,2.6844666753360527e-05,,
train_step,93,32,4356,1264,2.370136022567749,2.385393373668194,,,,2.6838359564806057e-05,,
train_step,93,33,4357,1264,2.3261821269989014,2.383599093466094,,,,2.6838359564806057e-05,,
train_step,93,34,4358,1265,2.3351097106933594,2.382172935149249,,,,2.6832046850072873e-05,,
train_step,93,35,4359,1265,2.5755515098571777,2.3876980372837613,,,,2.6832046850072873e-05,,
train_step,93,36,4360,1266,2.5142598152160645,2.391213642226325,,,,2.6825728612237714e-05,,
train_step,93,37,4361,1266,2.8834221363067627,2.4045165744987695,,,,2.6825728612237714e-05,,
train_step,93,38,4362,1267,2.213298797607422,2.399484527738471,,,,2.6819404854380023e-05,,
train_step,93,39,4363,1267,2.6120200157165527,2.4049341556353445,,,,2.6819404854380023e-05,,
train_step,93,40,4364,1268,2.486961841583252,2.4069848477840425,,,,2.6813075579581912e-05,,
train_step,93,41,4365,1268,2.3070566654205322,2.404547575043469,,,,2.6813075579581912e-05,,
train_step,93,42,4366,1269,2.4312565326690674,2.405183502605983,,,,2.6806740790928197e-05,,
train_step,93,43,4367,1269,2.4283394813537598,2.4057220137396524,,,,2.6806740790928197e-05,,
train_step,93,44,4368,1270,2.5969700813293457,2.4100685607303274,,,,2.6800400491506377e-05,,
train_step,93,45,4369,1270,2.5306851863861084,2.4127489301893448,,,,2.6800400491506377e-05,,
train_step,93,46,4370,1271,2.422532558441162,2.412961617760036,,,,2.6794054684406635e-05,,
train_step,93,47,4371,1272,2.2063918113708496,2.4085665154964366,,,,2.678770337272184e-05,,
epoch_summary,93,47,4371,1272,,,2.4085665154964366,nan,nan,2.678770337272184e-05,9.16780400276184,0.21612232079767607
train_step,94,1,4372,1272,2.6343865394592285,2.6343865394592285,,,,2.678770337272184e-05,,
train_step,94,2,4373,1273,2.5945568084716797,2.614471673965454,,,,2.678134655954755e-05,,
train_step,94,3,4374,1273,2.514463424682617,2.5811355908711753,,,,2.678134655954755e-05,,
train_step,94,4,4375,1274,2.5860190391540527,2.5823564529418945,,,,2.677498424798199e-05,,
train_step,94,5,4376,1274,2.565608024597168,2.5790067672729493,,,,2.677498424798199e-05,,
train_step,94,6,4377,1275,2.2070469856262207,2.5170134703318277,,,,2.676861644112608e-05,,
train_step,94,7,4378,1275,2.7641284465789795,2.5523156097957065,,,,2.676861644112608e-05,,
train_step,94,8,4379,1276,2.366635322570801,2.5291055738925934,,,,2.6762243142083408e-05,,
train_step,94,9,4380,1276,2.152799606323242,2.487293799718221,,,,2.6762243142083408e-05,,
train_step,94,10,4381,1277,2.6166648864746094,2.50023090839386,,,,2.6755864353960243e-05,,
train_step,94,11,4382,1277,2.626570701599121,2.5117163441397925,,,,2.6755864353960243e-05,,
train_step,94,12,4383,1278,2.7577619552612305,2.5322201450665793,,,,2.674948007986553e-05,,
train_step,94,13,4384,1278,2.4764418601989746,2.527929507769071,,,,2.674948007986553e-05,,
train_step,94,14,4385,1279,2.5732638835906982,2.531167677470616,,,,2.6743090322910888e-05,,
train_step,94,15,4386,1279,2.705151081085205,2.542766571044922,,,,2.6743090322910888e-05,,
train_step,94,16,4387,1280,2.3600544929504395,2.5313470661640167,,,,2.6736695086210604e-05,,
train_step,94,17,4388,1280,2.430375099182129,2.525407538694494,,,,2.6736695086210604e-05,,
train_step,94,18,4389,1281,2.025615692138672,2.4976413249969482,,,,2.673029437288164e-05,,
train_step,94,19,4390,1281,2.3076462745666504,2.487641585500617,,,,2.673029437288164e-05,,
train_step,94,20,4391,1282,2.696587562561035,2.4980888843536375,,,,2.672388818604363e-05,,
train_step,94,21,4392,1282,2.1523373126983643,2.4816245237986245,,,,2.672388818604363e-05,,
train_step,94,22,4393,1283,2.1947481632232666,2.4685846892270176,,,,2.671747652881886e-05,,
train_step,94,23,4394,1283,2.3837714195251465,2.4648971557617188,,,,2.671747652881886e-05,,
train_step,94,24,4395,1284,2.431422472000122,2.463502377271652,,,,2.6711059404332306e-05,,
train_step,94,25,4396,1284,2.2260265350341797,2.454003343582153,,,,2.6711059404332306e-05,,
train_step,94,26,4397,1285,2.296609401702881,2.4479497304329505,,,,2.670463681571159e-05,,
train_step,94,27,4398,1285,2.2521560192108154,2.4406981114987976,,,,2.670463681571159e-05,,
train_step,94,28,4399,1286,2.380361557006836,2.438543234552656,,,,2.6698208766087006e-05,,
train_step,94,29,4400,1286,2.212681293487549,2.4307548917573074,,,,2.6698208766087006e-05,,
train_step,94,30,4401,1287,2.52136492729187,2.433775226275126,,,,2.6691775258591507e-05,,
train_step,94,31,4402,1287,2.6487855911254883,2.4407110444961058,,,,2.6691775258591507e-05,,
train_step,94,32,4403,1288,1.7352200746536255,2.418664451688528,,,,2.668533629636071e-05,,
train_step,94,33,4404,1288,2.144047498703003,2.410342725840482,,,,2.668533629636071e-05,,
train_step,94,34,4405,1289,2.2880759239196777,2.4067466434310463,,,,2.6678891882532876e-05,,
train_step,94,35,4406,1289,2.1834592819213867,2.4003670045307706,,,,2.6678891882532876e-05,,
train_step,94,36,4407,1290,2.768160820007324,2.410583499405119,,,,2.6672442020248947e-05,,
train_step,94,37,4408,1290,2.741826057434082,2.4195360009734697,,,,2.6672442020248947e-05,,
train_step,94,38,4409,1291,2.3186113834381104,2.416880089985697,,,,2.6665986712652495e-05,,
train_step,94,39,4410,1291,2.785115957260132,2.426322035300426,,,,2.6665986712652495e-05,,
train_step,94,40,4411,1292,2.218078374862671,2.421115943789482,,,,2.665952596288977e-05,,
train_step,94,41,4412,1292,2.246725082397461,2.4168625081457744,,,,2.665952596288977e-05,,
train_step,94,42,4413,1293,2.4758033752441406,2.418265862124307,,,,2.665305977410966e-05,,
train_step,94,43,4414,1293,2.5720596313476562,2.4218424614085707,,,,2.665305977410966e-05,,
train_step,94,44,4415,1294,2.182507038116455,2.4164030199701134,,,,2.6646588149463704e-05,,
train_step,94,45,4416,1294,1.8838984966278076,2.4045695861180625,,,,2.6646588149463704e-05,,
train_step,94,46,4417,1295,2.4280543327331543,2.405080124087956,,,,2.664011109210609e-05,,
train_step,94,47,4418,1296,2.3562073707580566,2.4040402782724257,,,,2.6633628605193665e-05,,
epoch_summary,94,47,4418,1296,,,2.4040402782724257,nan,nan,2.6633628605193665e-05,9.25199007987976,0.21612232079767607
train_step,95,1,4419,1296,2.113999843597412,2.113999843597412,,,,2.6633628605193665e-05,,
train_step,95,2,4420,1297,2.194216728210449,2.1541082859039307,,,,2.6627140691885907e-05,,
train_step,95,3,4421,1297,2.92476749420166,2.4109946886698403,,,,2.6627140691885907e-05,,
train_step,95,4,4422,1298,2.241492748260498,2.368619203567505,,,,2.6620647355344954e-05,,
train_step,95,5,4423,1298,2.4419374465942383,2.3832828521728517,,,,2.6620647355344954e-05,,
train_step,95,6,4424,1299,2.5337891578674316,2.4083672364552817,,,,2.6614148598735574e-05,,
train_step,95,7,4425,1299,2.524110794067383,2.4249020303998674,,,,2.6614148598735574e-05,,
train_step,95,8,4426,1300,2.77290940284729,2.4684029519557953,,,,2.660764442522518e-05,,
train_step,95,9,4427,1300,2.1607918739318848,2.434223943286472,,,,2.660764442522518e-05,,
train_step,95,10,4428,1301,2.4287407398223877,2.4336756229400636,,,,2.6601134837983835e-05,,
train_step,95,11,4429,1301,2.892350673675537,2.4753733548251065,,,,2.6601134837983835e-05,,
train_step,95,12,4430,1302,2.281005620956421,2.4591760436693826,,,,2.6594619840184228e-05,,
train_step,95,13,4431,1302,2.5467052459716797,2.4659090592310977,,,,2.6594619840184228e-05,,
train_step,95,14,4432,1303,2.372567653656006,2.459241815975734,,,,2.658809943500169e-05,,
train_step,95,15,4433,1303,2.8725979328155518,2.486798890431722,,,,2.658809943500169e-05,,
train_step,95,16,4434,1304,2.4082469940185547,2.481889396905899,,,,2.658157362561418e-05,,
train_step,95,17,4435,1304,2.0349514484405518,2.455598929349114,,,,2.658157362561418e-05,,
train_step,95,18,4436,1305,2.4202442169189453,2.453634778658549,,,,2.6575042415202314e-05,,
train_step,95,19,4437,1305,2.0639665126800537,2.4331259225544177,,,,2.6575042415202314e-05,,
train_step,95,20,4438,1306,2.501309871673584,2.436535120010376,,,,2.6568505806949314e-05,,
train_step,95,21,4439,1306,2.4234299659729004,2.4359110650562106,,,,2.6568505806949314e-05,,
train_step,95,22,4440,1307,2.3126659393310547,2.4303090138868852,,,,2.656196380404104e-05,,
train_step,95,23,4441,1307,2.5338406562805176,2.43481038964313,,,,2.656196380404104e-05,,
train_step,95,24,4442,1308,2.400146961212158,2.433366080125173,,,,2.6555416409665994e-05,,
train_step,95,25,4443,1308,1.9188441038131714,2.4127852010726927,,,,2.6555416409665994e-05,,
train_step,95,26,4444,1309,2.162904739379883,2.403174414084508,,,,2.6548863627015294e-05,,
train_step,95,27,4445,1309,2.400479793548584,2.403074613323918,,,,2.6548863627015294e-05,,
train_step,95,28,4446,1310,1.9409466981887817,2.3865700449262346,,,,2.6542305459282686e-05,,
train_step,95,29,4447,1310,2.211024284362793,2.38051674283784,,,,2.6542305459282686e-05,,
train_step,95,30,4448,1311,2.3230438232421875,2.3786009788513183,,,,2.6535741909664538e-05,,
train_step,95,31,4449,1311,2.5554749965667725,2.3843065923260105,,,,2.6535741909664538e-05,,
train_step,95,32,4450,1312,2.3926398754119873,2.384567007422447,,,,2.6529172981359847e-05,,
train_step,95,33,4451,1312,2.545072555541992,2.3894308119109184,,,,2.6529172981359847e-05,,
train_step,95,34,4452,1313,2.3516886234283447,2.3883207475437835,,,,2.6522598677570224e-05,,
train_step,95,35,4453,1313,2.148446559906006,2.3814671993255616,,,,2.6522598677570224e-05,,
train_step,95,36,4454,1314,2.134946584701538,2.374619404474894,,,,2.651601900149992e-05,,
train_step,95,37,4455,1314,2.5690665245056152,2.3798747320432923,,,,2.651601900149992e-05,,
train_step,95,38,4456,1315,2.268183708190918,2.376935494573493,,,,2.650943395635577e-05,,
train_step,95,39,4457,1315,2.058908700942993,2.36878096140348,,,,2.650943395635577e-05,,
train_step,95,40,4458,1316,2.5030007362365723,2.3721364557743074,,,,2.6502843545347263e-05,,
train_step,95,41,4459,1316,2.736539125442505,2.3810243257662145,,,,2.6502843545347263e-05,,
train_step,95,42,4460,1317,2.258556365966797,2.3781084219614663,,,,2.649624777168647e-05,,
train_step,95,43,4461,1317,2.349618911743164,2.3774458752122034,,,,2.649624777168647e-05,,
train_step,95,44,4462,1318,2.1639318466186523,2.3725932836532593,,,,2.6489646638588094e-05,,
train_step,95,45,4463,1318,2.432737350463867,2.373929818471273,,,,2.6489646638588094e-05,,
train_step,95,46,4464,1319,2.587184429168701,2.378565788269043,,,,2.6483040149269455e-05,,
train_step,95,47,4465,1320,2.5430386066436768,2.3820652099365884,,,,2.647642830695047e-05,,
epoch_summary,95,47,4465,1320,,,2.3820652099365884,nan,nan,2.647642830695047e-05,9.14305567741394,0.21612232079767607
train_step,96,1,4466,1320,2.737544536590576,2.737544536590576,,,,2.647642830695047e-05,,
train_step,96,2,4467,1321,2.85683012008667,2.797187328338623,,,,2.6469811114853668e-05,,
train_step,96,3,4468,1321,2.3075900077819824,2.6339882214864097,,,,2.6469811114853668e-05,,
train_step,96,4,4469,1322,2.38901948928833,2.5727460384368896,,,,2.6463188576204196e-05,,
train_step,96,5,4470,1322,2.4301695823669434,2.5442307472229,,,,2.6463188576204196e-05,,
train_step,96,6,4471,1323,2.75246262550354,2.578936060269674,,,,2.645656069422979e-05,,
train_step,96,7,4472,1323,2.45033860206604,2.5605649948120117,,,,2.645656069422979e-05,,
train_step,96,8,4473,1324,2.321504592895508,2.5306824445724487,,,,2.6449927472160806e-05,,
train_step,96,9,4474,1324,2.4894261360168457,2.5260984102884927,,,,2.6449927472160806e-05,,
train_step,96,10,4475,1325,2.235844850540161,2.4970730543136597,,,,2.6443288913230197e-05,,
train_step,96,11,4476,1325,2.318995952606201,2.480884226885709,,,,2.6443288913230197e-05,,
train_step,96,12,4477,1326,2.3474390506744385,2.4697637955347695,,,,2.6436645020673506e-05,,
train_step,96,13,4478,1326,1.9473087787628174,2.4295749480907736,,,,2.6436645020673506e-05,,
train_step,96,14,4479,1327,2.30522084236145,2.42069251196725,,,,2.6429995797728893e-05,,
train_step,96,15,4480,1327,2.001429796218872,2.392741664250692,,,,2.6429995797728893e-05,,
train_step,96,16,4481,1328,2.4253764152526855,2.3947813361883163,,,,2.642334124763711e-05,,
train_step,96,17,4482,1328,2.3644304275512695,2.3929959886214314,,,,2.642334124763711e-05,,
train_step,96,18,4483,1329,2.2578349113464355,2.3854870398839316,,,,2.64166813736415e-05,,
train_step,96,19,4484,1329,2.3005590438842773,2.381017145357634,,,,2.64166813736415e-05,,
train_step,96,20,4485,1330,2.3656415939331055,2.3802483677864075,,,,2.6410016178988003e-05,,
train_step,96,21,4486,1330,2.115955352783203,2.3676629861195884,,,,2.6410016178988003e-05,,
train_step,96,22,4487,1331,2.797856330871582,2.387217229062861,,,,2.6403345666925162e-05,,
train_step,96,23,4488,1331,1.9336371421813965,2.3674963557201885,,,,2.6403345666925162e-05,,
train_step,96,24,4489,1332,2.7752938270568848,2.384487917025884,,,,2.6396669840704096e-05,,
train_step,96,25,4490,1332,2.3586487770080566,2.3834543514251707,,,,2.6396669840704096e-05,,
train_step,96,26,4491,1333,2.4126474857330322,2.3845771642831655,,,,2.638998870357852e-05,,
train_step,96,27,4492,1333,2.6202645301818848,2.393306325983118,,,,2.638998870357852e-05,,
train_step,96,28,4493,1334,2.3078370094299316,2.390253850391933,,,,2.6383302258804748e-05,,
train_step,96,29,4494,1334,2.10455322265625,2.3804021046079438,,,,2.6383302258804748e-05,,
train_step,96,30,4495,1335,2.370316982269287,2.380065933863322,,,,2.6376610509641664e-05,,
train_step,96,31,4496,1335,2.373284339904785,2.379847172767885,,,,2.6376610509641664e-05,,
train_step,96,32,4497,1336,2.0462417602539062,2.3694220036268234,,,,2.636991345935075e-05,,
train_step,96,33,4498,1336,2.212341785430908,2.364661997014826,,,,2.636991345935075e-05,,
train_step,96,34,4499,1337,2.2267065048217773,2.3606044825385597,,,,2.636321111119606e-05,,
train_step,96,35,4500,1337,2.9319095611572266,2.3769274847848076,,,,2.636321111119606e-05,,
train_step,96,36,4501,1338,2.6180388927459717,2.3836250238948398,,,,2.635650346844425e-05,,
train_step,96,37,4502,1338,2.65873122215271,2.3910603265504577,,,,2.635650346844425e-05,,
train_step,96,38,4503,1339,2.391847610473633,2.3910810445484363,,,,2.6349790534364534e-05,,
train_step,96,39,4504,1339,2.0938186645507812,2.383458932240804,,,,2.6349790534364534e-05,,
train_step,96,40,4505,1340,2.3130977153778076,2.3816999018192293,,,,2.6343072312228713e-05,,
train_step,96,41,4506,1340,2.665637731552124,2.3886252147395437,,,,2.6343072312228713e-05,,
train_step,96,42,4507,1341,2.352898359298706,2.3877745753242854,,,,2.6336348805311172e-05,,
train_step,96,43,4508,1341,2.9618544578552246,2.4011252702668657,,,,2.6336348805311172e-05,,
train_step,96,44,4509,1342,1.9555039405822754,2.390997512774034,,,,2.6329620016888865e-05,,
train_step,96,45,4510,1342,2.140676498413086,2.3854348235660128,,,,2.6329620016888865e-05,,
train_step,96,46,4511,1343,2.2153966426849365,2.381738341372946,,,,2.632288595024132e-05,,
train_step,96,47,4512,1344,1.943282961845398,2.372409503510658,,,,2.631614660865064e-05,,
epoch_summary,96,47,4512,1344,,,2.372409503510658,nan,nan,2.631614660865064e-05,9.134724617004395,0.21612232079767607
train_step,97,1,4513,1344,2.23067569732666,2.23067569732666,,,,2.631614660865064e-05,,
train_step,97,2,4514,1345,2.255206346511841,2.2429410219192505,,,,2.6309401995401504e-05,,
train_step,97,3,4515,1345,2.21956205368042,2.235148032506307,,,,2.6309401995401504e-05,,
train_step,97,4,4516,1346,2.158493995666504,2.215984523296356,,,,2.6302652113781143e-05,,
train_step,97,5,4517,1346,2.9600415229797363,2.3647959232330322,,,,2.6302652113781143e-05,,
train_step,97,6,4518,1347,2.135787010192871,2.326627771059672,,,,2.629589696707938e-05,,
train_step,97,7,4519,1347,2.4287610054016113,2.3412182331085205,,,,2.629589696707938e-05,,
train_step,97,8,4520,1348,2.7022523880004883,2.3863475024700165,,,,2.628913655858858e-05,,
train_step,97,9,4521,1348,2.5799074172973633,2.407854159673055,,,,2.628913655858858e-05,,
train_step,97,10,4522,1349,2.018007278442383,2.3688694715499876,,,,2.628237089160369e-05,,
train_step,97,11,4523,1349,2.5990443229675293,2.3897944580424917,,,,2.628237089160369e-05,,
train_step,97,12,4524,1350,2.692319869995117,2.4150049090385437,,,,2.627559996942222e-05,,
train_step,97,13,4525,1350,2.605958938598633,2.429693680543166,,,,2.627559996942222e-05,,
train_step,97,14,4526,1351,2.352165460586548,2.4241559505462646,,,,2.626882379534422e-05,,
train_step,97,15,4527,1351,2.819592237472534,2.4505183696746826,,,,2.626882379534422e-05,,
train_step,97,16,4528,1352,2.18434739112854,2.4338826835155487,,,,2.626204237267233e-05,,
train_step,97,17,4529,1352,2.5992565155029297,2.4436105559853947,,,,2.626204237267233e-05,,
train_step,97,18,4530,1353,2.6522111892700195,2.4551994800567627,,,,2.625525570471172e-05,,
train_step,97,19,4531,1353,2.0045697689056396,2.4314821268382825,,,,2.625525570471172e-05,,
train_step,97,20,4532,1354,2.237403392791748,2.4217781901359556,,,,2.6248463794770137e-05,,
train_step,97,21,4533,1354,2.0864272117614746,2.4058090959276472,,,,2.6248463794770137e-05,,
train_step,97,22,4534,1355,2.1772000789642334,2.3954177769747647,,,,2.6241666646157874e-05,,
train_step,97,23,4535,1355,2.4966561794281006,2.399819446646649,,,,2.6241666646157874e-05,,
train_step,97,24,4536,1356,2.2280948162078857,2.3926642537117004,,,,2.6234864262187783e-05,,
train_step,97,25,4537,1356,2.4229183197021484,2.393874416351318,,,,2.6234864262187783e-05,,
train_step,97,26,4538,1357,2.1036858558654785,2.3827133178710938,,,,2.6228056646175256e-05,,
train_step,97,27,4539,1357,2.3863987922668457,2.3828498169227883,,,,2.6228056646175256e-05,,
train_step,97,28,4540,1358,2.5976433753967285,2.3905210154397145,,,,2.6221243801438244e-05,,
train_step,97,29,4541,1358,2.410799980163574,2.391220290085365,,,,2.6221243801438244e-05,,
train_step,97,30,4542,1359,2.456925630569458,2.3934104681015014,,,,2.6214425731297255e-05,,
train_step,97,31,4543,1359,2.586764097213745,2.399647681943832,,,,2.6214425731297255e-05,,
train_step,97,32,4544,1360,2.4348037242889404,2.4007463082671165,,,,2.620760243907532e-05,,
train_step,97,33,4545,1360,2.0142359733581543,2.389033873875936,,,,2.620760243907532e-05,,
train_step,97,34,4546,1361,2.4162027835845947,2.3898329594556023,,,,2.620077392809803e-05,,
train_step,97,35,4547,1361,2.0801901817321777,2.3809860229492186,,,,2.620077392809803e-05,,
train_step,97,36,4548,1362,2.1530091762542725,2.374653332763248,,,,2.6193940201693523e-05,,
train_step,97,37,4549,1362,2.4258155822753906,2.3760360962635763,,,,2.6193940201693523e-05,,
train_step,97,38,4550,1363,2.5309081077575684,2.380111675513418,,,,2.6187101263192474e-05,,
train_step,97,39,4551,1363,2.31362247467041,2.378406824209751,,,,2.6187101263192474e-05,,
train_step,97,40,4552,1364,2.433962106704712,2.3797957062721253,,,,2.61802571159281e-05,,
train_step,97,41,4553,1364,1.7470146417617798,2.364362021771873,,,,2.61802571159281e-05,,
train_step,97,42,4554,1365,2.64749813079834,2.3711033577010747,,,,2.6173407763236152e-05,,
train_step,97,43,4555,1365,2.4807777404785156,2.37365392474241,,,,2.6173407763236152e-05,,
train_step,97,44,4556,1366,2.2307417392730713,2.370405920527198,,,,2.616655320845492e-05,,
train_step,97,45,4557,1366,2.2324416637420654,2.3673400481541953,,,,2.616655320845492e-05,,
train_step,97,46,4558,1367,2.3490734100341797,2.3669429473254993,,,,2.6159693454925235e-05,,
train_step,97,47,4559,1368,1.89016592502594,2.356798755361679,,,,2.6152828505990454e-05,,
epoch_summary,97,47,4559,1368,,,2.356798755361679,nan,nan,2.6152828505990454e-05,9.201866149902344,0.21612232079767607
train_step,98,1,4560,1368,2.744511127471924,2.744511127471924,,,,2.6152828505990454e-05,,
train_step,98,2,4561,1369,2.884286642074585,2.8143988847732544,,,,2.614595836499647e-05,,
train_step,98,3,4562,1369,1.9829025268554688,2.5372334321339927,,,,2.614595836499647e-05,,
train_step,98,4,4563,1370,2.002993583679199,2.403673470020294,,,,2.6139083035291708e-05,,
train_step,98,5,4564,1370,2.0640463829040527,2.335748052597046,,,,2.6139083035291708e-05,,
train_step,98,6,4565,1371,2.5147032737731934,2.3655739227930703,,,,2.6132202520227124e-05,,
train_step,98,7,4566,1371,2.039466381072998,2.3189871311187744,,,,2.6132202520227124e-05,,
train_step,98,8,4567,1372,2.176208734512329,2.3011398315429688,,,,2.612531682315619e-05,,
train_step,98,9,4568,1372,2.6752898693084717,2.342712057961358,,,,2.612531682315619e-05,,
train_step,98,10,4569,1373,2.2997617721557617,2.3384170293807984,,,,2.611842594743491e-05,,
train_step,98,11,4570,1373,2.165127992630005,2.3226634805852715,,,,2.611842594743491e-05,,
train_step,98,12,4571,1374,2.280733108520508,2.319169282913208,,,,2.611152989642182e-05,,
train_step,98,13,4572,1374,2.3432846069335938,2.321024307837853,,,,2.611152989642182e-05,,
train_step,98,14,4573,1375,2.8507280349731445,2.358860288347517,,,,2.6104628673477974e-05,,
train_step,98,15,4574,1375,2.8021483421325684,2.38841282526652,,,,2.6104628673477974e-05,,
train_step,98,16,4575,1376,1.9458186626434326,2.360750690102577,,,,2.6097722281966937e-05,,
train_step,98,17,4576,1376,2.6393418312072754,2.3771384042852066,,,,2.6097722281966937e-05,,
train_step,98,18,4577,1377,2.2948176860809326,2.3725650310516357,,,,2.60908107252548e-05,,
train_step,98,19,4578,1377,2.19823956489563,2.363390006517109,,,,2.60908107252548e-05,,
train_step,98,20,4579,1378,2.02724552154541,2.3465827822685243,,,,2.6083894006710174e-05,,
train_step,98,21,4580,1378,2.3301687240600586,2.3458011604490734,,,,2.6083894006710174e-05,,
train_step,98,22,4581,1379,2.3189375400543213,2.3445800867947666,,,,2.6076972129704185e-05,,
train_step,98,23,4582,1379,2.324930191040039,2.3437257435010825,,,,2.6076972129704185e-05,,
train_step,98,24,4583,1380,2.63702654838562,2.3559466103712716,,,,2.6070045097610467e-05,,
train_step,98,25,4584,1380,1.8180419206619263,2.334430422782898,,,,2.6070045097610467e-05,,
train_step,98,26,4585,1381,2.2874410152435303,2.3326231378775377,,,,2.606311291380518e-05,,
train_step,98,27,4586,1381,2.213721752166748,2.3282193828512123,,,,2.606311291380518e-05,,
train_step,98,28,4587,1382,1.7276912927627563,2.3067719510623386,,,,2.605617558166698e-05,,
train_step,98,29,4588,1382,2.021122455596924,2.296921968460083,,,,2.605617558166698e-05,,
train_step,98,30,4589,1383,2.2861125469207764,2.2965616544087726,,,,2.6049233104577034e-05,,
train_step,98,31,4590,1383,2.4044504165649414,2.300041937058972,,,,2.6049233104577034e-05,,
train_step,98,32,4591,1384,2.2603931427001953,2.29880291223526,,,,2.6042285485919033e-05,,
train_step,98,33,4592,1384,2.615569591522217,2.308401902516683,,,,2.6042285485919033e-05,,
train_step,98,34,4593,1385,2.5011825561523438,2.3140719217412613,,,,2.6035332729079153e-05,,
train_step,98,35,4594,1385,2.4703307151794434,2.318536458696638,,,,2.6035332729079153e-05,,
train_step,98,36,4595,1386,2.576214075088501,2.3256941702630787,,,,2.602837483744608e-05,,
train_step,98,37,4596,1386,2.334569215774536,2.3259340363579826,,,,2.602837483744608e-05,,
train_step,98,38,4597,1387,2.337278366088867,2.326232571350901,,,,2.602141181441102e-05,,
train_step,98,39,4598,1387,2.3013415336608887,2.3255943396152596,,,,2.602141181441102e-05,,
train_step,98,40,4599,1388,2.6456146240234375,2.3335948467254637,,,,2.6014443663367653e-05,,
train_step,98,41,4600,1388,2.5754666328430176,2.3394941585819895,,,,2.6014443663367653e-05,,
train_step,98,42,4601,1389,2.2354538440704346,2.3370170082364763,,,,2.6007470387712177e-05,,
train_step,98,43,4602,1389,2.4422600269317627,2.3394645202991575,,,,2.6007470387712177e-05,,
train_step,98,44,4603,1390,2.5283820629119873,2.343758100813085,,,,2.6000491990843283e-05,,
train_step,98,45,4604,1390,2.500110149383545,2.3472325907813176,,,,2.6000491990843283e-05,,
train_step,98,46,4605,1391,2.22304630279541,2.3445328888685806,,,,2.5993508476162146e-05,,
train_step,98,47,4606,1392,2.1613848209381104,2.340636121465805,,,,2.598651984707246e-05,,
epoch_summary,98,47,4606,1392,,,2.340636121465805,nan,nan,2.598651984707246e-05,9.176738977432251,0.21612232079767607
train_step,99,1,4607,1392,1.5592858791351318,1.5592858791351318,,,,2.598651984707246e-05,,
train_step,99,2,4608,1393,1.8112447261810303,1.685265302658081,,,,2.5979526106980392e-05,,
train_step,99,3,4609,1393,2.2766194343566895,1.8823833465576172,,,,2.5979526106980392e-05,,
train_step,99,4,4610,1394,2.4360828399658203,2.020808219909668,,,,2.5972527259294603e-05,,
train_step,99,5,4611,1394,1.8618301153182983,1.989012598991394,,,,2.5972527259294603e-05,,
train_step,99,6,4612,1395,2.175495147705078,2.020093023777008,,,,2.596552330742625e-05,,
train_step,99,7,4613,1395,1.6992369890213013,1.9742564473833357,,,,2.596552330742625e-05,,
train_step,99,8,4614,1396,2.487934112548828,2.038466155529022,,,,2.5958514254788978e-05,,
train_step,99,9,4615,1396,2.0504798889160156,2.039801014794244,,,,2.5958514254788978e-05,,
train_step,99,10,4616,1397,2.626500129699707,2.09847092628479,,,,2.5951500104798908e-05,,
train_step,99,11,4617,1397,2.3722825050354004,2.123362887989391,,,,2.5951500104798908e-05,,
train_step,99,12,4618,1398,2.114368438720703,2.1226133505503335,,,,2.5944480860874652e-05,,
train_step,99,13,4619,1398,2.8672680854797363,2.1798944840064416,,,,2.5944480860874652e-05,,
train_step,99,14,4620,1399,2.3183207511901855,2.189782074519566,,,,2.5937456526437302e-05,,
train_step,99,15,4621,1399,2.7228801250457764,2.2253219445546466,,,,2.5937456526437302e-05,,
train_step,99,16,4622,1400,2.3437771797180176,2.2327253967523575,,,,2.593042710491044e-05,,
train_step,99,17,4623,1400,2.4217324256896973,2.2438434572780834,,,,2.593042710491044e-05,,
train_step,99,18,4624,1401,2.752648115158081,2.272110382715861,,,,2.592339259972012e-05,,
train_step,99,19,4625,1401,2.2865443229675293,2.2728700637817383,,,,2.592339259972012e-05,,
train_step,99,20,4626,1402,2.292243480682373,2.27383873462677,,,,2.591635301429487e-05,,
train_step,99,21,4627,1402,2.1621150970458984,2.268518561408633,,,,2.591635301429487e-05,,
train_step,99,22,4628,1403,2.7172091007232666,2.2889135859229346,,,,2.59093083520657e-05,,
train_step,99,23,4629,1403,2.316133737564087,2.290097070776898,,,,2.59093083520657e-05,,
train_step,99,24,4630,1404,2.4985179901123047,2.2987812757492065,,,,2.5902258616466093e-05,,
train_step,99,25,4631,1404,2.050098419189453,2.2888339614868163,,,,2.5902258616466093e-05,,
train_step,99,26,4632,1405,2.581082344055176,2.300074283893292,,,,2.5895203810932e-05,,
train_step,99,27,4633,1405,2.05155611038208,2.2908699070965803,,,,2.5895203810932e-05,,
train_step,99,28,4634,1406,2.61452054977417,2.3024288586207797,,,,2.5888143938901854e-05,,
train_step,99,29,4635,1406,2.5132546424865723,2.3096987132368416,,,,2.5888143938901854e-05,,
train_step,99,30,4636,1407,2.042872667312622,2.3008045117060343,,,,2.5881079003816552e-05,,
train_step,99,31,4637,1407,2.331639289855957,2.301799181968935,,,,2.5881079003816552e-05,,
train_step,99,32,4638,1408,2.3348476886749268,2.3028319478034973,,,,2.5874009009119453e-05,,
train_step,99,33,4639,1408,2.375269651412964,2.305027029731057,,,,2.5874009009119453e-05,,
train_step,99,34,4640,1409,2.719028949737549,2.3172035567900715,,,,2.5866933958256388e-05,,
train_step,99,35,4641,1409,2.236910343170166,2.31490946497236,,,,2.5866933958256388e-05,,
train_step,99,36,4642,1410,2.100511074066162,2.3089539541138544,,,,2.585985385467565e-05,,
train_step,99,37,4643,1410,2.6667916774749756,2.318625243934425,,,,2.585985385467565e-05,,
train_step,99,38,4644,1411,2.8844552040100098,2.3335155060416772,,,,2.5852768701827997e-05,,
train_step,99,39,4645,1411,2.589840888977051,2.340087951757969,,,,2.5852768701827997e-05,,
train_step,99,40,4646,1412,2.423419952392578,2.3421712517738342,,,,2.5845678503166643e-05,,
train_step,99,41,4647,1412,2.5719809532165527,2.347776366443169,,,,2.5845678503166643e-05,,
train_step,99,42,4648,1413,2.140028476715088,2.3428299881163097,,,,2.583858326214727e-05,,
train_step,99,43,4649,1413,2.4004902839660645,2.3441709252290948,,,,2.583858326214727e-05,,
train_step,99,44,4650,1414,2.146636962890625,2.3396815169941294,,,,2.5831482982228007e-05,,
train_step,99,45,4651,1414,2.296595573425293,2.338724051581489,,,,2.5831482982228007e-05,,
train_step,99,46,4652,1415,2.414592742919922,2.340373370958411,,,,2.5824377666869453e-05,,
train_step,99,47,4653,1416,2.5130398273468018,2.3440471253496535,,,,2.5817267319534642e-05,,
epoch_summary,99,47,4653,1416,,,2.3440471253496535,nan,nan,2.5817267319534642e-05,9.393131494522095,0.21612232079767607
train_step,100,1,4654,1416,2.098050355911255,2.098050355911255,,,,2.5817267319534642e-05,,
train_step,100,2,4655,1417,3.01065731048584,2.5543538331985474,,,,2.581015194368907e-05,,
train_step,100,3,4656,1417,1.730212688446045,2.2796401182810464,,,,2.581015194368907e-05,,
train_step,100,4,4657,1418,2.5175211429595947,2.3391103744506836,,,,2.5803031542800693e-05,,
train_step,100,5,4658,1418,1.7665350437164307,2.224595308303833,,,,2.5803031542800693e-05,,
train_step,100,6,4659,1419,2.638491153717041,2.293577949206034,,,,2.579590612033991e-05,,
train_step,100,7,4660,1419,2.31048321723938,2.295992987496512,,,,2.579590612033991e-05,,
train_step,100,8,4661,1420,2.1508188247680664,2.2778462171554565,,,,2.5788775679779554e-05,,
train_step,100,9,4662,1420,1.9582066535949707,2.24233071009318,,,,2.5788775679779554e-05,,
train_step,100,10,4663,1421,2.2000107765197754,2.23809871673584,,,,2.5781640224594923e-05,,
train_step,100,11,4664,1421,2.005324602127075,2.2169374335895884,,,,2.5781640224594923e-05,,
train_step,100,12,4665,1422,2.1433963775634766,2.2108090122540793,,,,2.577449975826375e-05,,
train_step,100,13,4666,1422,1.8179417848587036,2.1805884563005886,,,,2.577449975826375e-05,,
train_step,100,14,4667,1423,1.9911205768585205,2.167055036340441,,,,2.576735428426621e-05,,
train_step,100,15,4668,1423,2.064422130584717,2.160212842623393,,,,2.576735428426621e-05,,
train_step,100,16,4669,1424,2.335855484008789,2.17119050770998,,,,2.576020380608492e-05,,
train_step,100,17,4670,1424,2.1674671173095703,2.17097148474525,,,,2.576020380608492e-05,,
train_step,100,18,4671,1425,2.505859375,2.1895763675371804,,,,2.5753048327204938e-05,,
train_step,100,19,4672,1425,2.706085681915283,2.216761068293923,,,,2.5753048327204938e-05,,
train_step,100,20,4673,1426,2.0888895988464355,2.2103674948215484,,,,2.574588785111376e-05,,
train_step,100,21,4674,1426,1.8631926774978638,2.193835360663278,,,,2.574588785111376e-05,,
train_step,100,22,4675,1427,2.2172293663024902,2.1948987245559692,,,,2.573872238130131e-05,,
train_step,100,23,4676,1427,2.7298483848571777,2.2181574054386304,,,,2.573872238130131e-05,,
train_step,100,24,4677,1428,2.5134644508361816,2.2304618656635284,,,,2.5731551921259954e-05,,
train_step,100,25,4678,1428,2.2884721755981445,2.2327822780609132,,,,2.5731551921259954e-05,,
train_step,100,26,4679,1429,2.90522837638855,2.258645589535053,,,,2.572437647448448e-05,,
train_step,100,27,4680,1429,1.8102761507034302,2.2420393140227706,,,,2.572437647448448e-05,,
train_step,100,28,4681,1430,2.1421263217926025,2.2384709928716933,,,,2.5717196044472124e-05,,
train_step,100,29,4682,1430,2.0339622497558594,2.2314189672470093,,,,2.5717196044472124e-05,,
train_step,100,30,4683,1431,2.6948227882385254,2.24686576128006,,,,2.5710010634722533e-05,,
train_step,100,31,4684,1431,2.294883966445923,2.248414735640249,,,,2.5710010634722533e-05,,
train_step,100,32,4685,1432,2.886931896209717,2.268368396908045,,,,2.5702820248737797e-05,,
train_step,100,33,4686,1432,2.427243232727051,2.2731827858722573,,,,2.5702820248737797e-05,,
train_step,100,34,4687,1433,2.2943263053894043,2.27380465409335,,,,2.569562489002241e-05,,
train_step,100,35,4688,1433,2.9873807430267334,2.2941925423485894,,,,2.569562489002241e-05,,
train_step,100,36,4689,1434,2.581328868865967,2.302168551418516,,,,2.5688424562083317e-05,,
train_step,100,37,4690,1434,2.3324904441833496,2.302988062033782,,,,2.5688424562083317e-05,,
train_step,100,38,4691,1435,2.9173126220703125,2.319154497824217,,,,2.5681219268429856e-05,,
train_step,100,39,4692,1435,2.0084288120269775,2.3111871725473647,,,,2.5681219268429856e-05,,
train_step,100,40,4693,1436,2.474480152130127,2.315269497036934,,,,2.5674009012573807e-05,,
train_step,100,41,4694,1436,2.1748552322387695,2.311844758871125,,,,2.5674009012573807e-05,,
train_step,100,42,4695,1437,2.2353439331054688,2.310023310638609,,,,2.5666793798029364e-05,,
train_step,100,43,4696,1437,2.505828619003296,2.3145769224610437,,,,2.5666793798029364e-05,,
train_step,100,44,4697,1438,2.278891086578369,2.3137658807364376,,,,2.565957362831313e-05,,
train_step,100,45,4698,1438,2.4875526428222656,2.3176278087827895,,,,2.565957362831313e-05,,
train_step,100,46,4699,1439,2.520429849624634,2.3220365488010906,,,,2.5652348506944126e-05,,
train_step,100,47,4700,1440,2.7733824253082275,2.3316396525565612,,,,2.5645118437443798e-05,,
epoch_summary,100,47,4700,1440,,,2.3316396525565612,2.1133980410439626,0.44872754491017963,2.5645118437443798e-05,177.23664689064026,0.21612232079767607
train_step,101,1,4701,1440,2.357405424118042,2.357405424118042,,,,2.5645118437443798e-05,,
train_step,101,2,4702,1441,2.3612427711486816,2.359324097633362,,,,2.5637883423335985e-05,,
train_step,101,3,4703,1441,1.638450026512146,2.1190327405929565,,,,2.5637883423335985e-05,,
train_step,101,4,4704,1442,2.199856758117676,2.1392387449741364,,,,2.563064346814695e-05,,
train_step,101,5,4705,1442,2.130183219909668,2.137427639961243,,,,2.563064346814695e-05,,
train_step,101,6,4706,1443,1.9340583086013794,2.1035327514012656,,,,2.5623398575405355e-05,,
train_step,101,7,4707,1443,3.0411694049835205,2.237480844770159,,,,2.5623398575405355e-05,,
train_step,101,8,4708,1444,1.9908946752548218,2.206657573580742,,,,2.5616148748642273e-05,,
train_step,101,9,4709,1444,2.051588535308838,2.1894276804394193,,,,2.5616148748642273e-05,,
train_step,101,10,4710,1445,2.901486873626709,2.2606335997581484,,,,2.560889399139119e-05,,
train_step,101,11,4711,1445,2.0481464862823486,2.2413165894421665,,,,2.560889399139119e-05,,
train_step,101,12,4712,1446,2.2739336490631104,2.2440346777439117,,,,2.5601634307187973e-05,,
train_step,101,13,4713,1446,2.1912546157836914,2.2399746729777408,,,,2.5601634307187973e-05,,
train_step,101,14,4714,1447,2.596062183380127,2.2654094951493398,,,,2.559436969957091e-05,,
train_step,101,15,4715,1447,2.111053228378296,2.2551190773646037,,,,2.559436969957091e-05,,
train_step,101,16,4716,1448,2.4343087673187256,2.2663184329867363,,,,2.5587100172080687e-05,,
train_step,101,17,4717,1448,2.393705368041992,2.2738117821076336,,,,2.5587100172080687e-05,,
train_step,101,18,4718,1449,2.2437186241149902,2.272139939996931,,,,2.557982572826038e-05,,
train_step,101,19,4719,1449,2.3869924545288086,2.2781848091828194,,,,2.557982572826038e-05,,
train_step,101,20,4720,1450,2.393812417984009,2.283966189622879,,,,2.557254637165546e-05,,
train_step,101,21,4721,1450,2.416043758392334,2.29025559765952,,,,2.557254637165546e-05,,
train_step,101,22,4722,1451,1.8852314949035645,2.2718454111706126,,,,2.556526210581381e-05,,
train_step,101,23,4723,1451,2.4145917892456055,2.2780517754347427,,,,2.556526210581381e-05,,
train_step,101,24,4724,1452,2.0189199447631836,2.2672546158234277,,,,2.5557972934285674e-05,,
train_step,101,25,4725,1452,2.4785947799682617,2.275708222389221,,,,2.5557972934285674e-05,,
train_step,101,26,4726,1453,2.234368324279785,2.2741182263080892,,,,2.555067886062372e-05,,
train_step,101,27,4727,1453,2.5220162868499756,2.2832996359577886,,,,2.555067886062372e-05,,
train_step,101,28,4728,1454,2.2456274032592773,2.281954199075699,,,,2.554337988838298e-05,,
train_step,101,29,4729,1454,2.131728172302246,2.276773991255925,,,,2.554337988838298e-05,,
train_step,101,30,4730,1455,2.3795862197875977,2.2802010655403135,,,,2.55360760211209e-05,,
train_step,101,31,4731,1455,1.8563653230667114,2.266528944815359,,,,2.55360760211209e-05,,
train_step,101,32,4732,1456,2.3987579345703125,2.270661100745201,,,,2.552876726239728e-05,,
train_step,101,33,4733,1456,2.2447495460510254,2.269875902118105,,,,2.552876726239728e-05,,
train_step,101,34,4734,1457,2.7688848972320557,2.284552637268515,,,,2.5521453615774332e-05,,
train_step,101,35,4735,1457,2.4496169090270996,2.2892687593187606,,,,2.5521453615774332e-05,,
train_step,101,36,4736,1458,1.8413643836975098,2.276826971107059,,,,2.551413508481663e-05,,
train_step,101,37,4737,1458,2.9985787868499756,2.296333776937949,,,,2.551413508481663e-05,,
train_step,101,38,4738,1459,2.618441581726074,2.3048102981165837,,,,2.5506811673091148e-05,,
train_step,101,39,4739,1459,2.2733869552612305,2.304004571376703,,,,2.5506811673091148e-05,,
train_step,101,40,4740,1460,2.2619829177856445,2.3029540300369264,,,,2.549948338416721e-05,,
train_step,101,41,4741,1460,2.5308244228363037,2.3085118444954476,,,,2.549948338416721e-05,,
train_step,101,42,4742,1461,2.3353095054626465,2.3091498840422857,,,,2.5492150221616555e-05,,
train_step,101,43,4743,1461,2.316988706588745,2.3093321822410404,,,,2.5492150221616555e-05,,
train_step,101,44,4744,1462,2.001791477203369,2.3023426207629116,,,,2.548481218901326e-05,,
train_step,101,45,4745,1462,2.477668523788452,2.3062387519412573,,,,2.548481218901326e-05,,
train_step,101,46,4746,1463,2.711885452270508,2.315057158470154,,,,2.547746928993381e-05,,
train_step,101,47,4747,1464,1.8644320964813232,2.3054693911937956,,,,2.5470121527957028e-05,,
epoch_summary,101,47,4747,1464,,,2.3054693911937956,nan,nan,2.5470121527957028e-05,9.271305322647095,0.21612232079767607
train_step,102,1,4748,1464,2.604032516479492,2.604032516479492,,,,2.5470121527957028e-05,,
train_step,102,2,4749,1465,2.3257246017456055,2.464878559112549,,,,2.5462768906664133e-05,,
train_step,102,3,4750,1465,2.526096820831299,2.4852846463521323,,,,2.5462768906664133e-05,,
train_step,102,4,4751,1466,2.409799337387085,2.4664133191108704,,,,2.5455411429638703e-05,,
train_step,102,5,4752,1466,2.0797629356384277,2.389083242416382,,,,2.5455411429638703e-05,,
train_step,102,6,4753,1467,1.9333784580230713,2.3131324450174966,,,,2.5448049100466685e-05,,
train_step,102,7,4754,1467,2.571570634841919,2.3500521864209856,,,,2.5448049100466685e-05,,
train_step,102,8,4755,1468,2.022735118865967,2.3091375529766083,,,,2.5440681922736385e-05,,
train_step,102,9,4756,1468,2.0698328018188477,2.2825481361813016,,,,2.5440681922736385e-05,,
train_step,102,10,4757,1469,2.1115429401397705,2.2654476165771484,,,,2.543330990003847e-05,,
train_step,102,11,4758,1469,2.465388774871826,2.2836240855130283,,,,2.543330990003847e-05,,
train_step,102,12,4759,1470,2.4913837909698486,2.3009373943010965,,,,2.5425933035965988e-05,,
train_step,102,13,4760,1470,2.3094658851623535,2.3015934320596547,,,,2.5425933035965988e-05,,
train_step,102,14,4761,1471,2.153383731842041,2.291007024901254,,,,2.541855133411432e-05,,
train_step,102,15,4762,1471,1.9395700693130493,2.267577894528707,,,,2.541855133411432e-05,,
train_step,102,16,4763,1472,1.7779631614685059,2.2369769737124443,,,,2.5411164798081232e-05,,
train_step,102,17,4764,1472,2.2874388694763184,2.239945320522084,,,,2.5411164798081232e-05,,
train_step,102,18,4765,1473,2.33784818649292,2.2453843686315746,,,,2.5403773431466815e-05,,
train_step,102,19,4766,1473,2.818378448486328,2.275541951781825,,,,2.5403773431466815e-05,,
train_step,102,20,4767,1474,1.965334177017212,2.2600315630435945,,,,2.5396377237873547e-05,,
train_step,102,21,4768,1474,2.231916904449463,2.2586927697772072,,,,2.5396377237873547e-05,,
train_step,102,22,4769,1475,2.8112070560455322,2.2838070555166765,,,,2.538897622090623e-05,,
train_step,102,23,4770,1475,2.910719871520996,2.311064134473386,,,,2.538897622090623e-05,,
train_step,102,24,4771,1476,2.567899703979492,2.3217656165361404,,,,2.538157038417204e-05,,
train_step,102,25,4772,1476,2.5420591831207275,2.330577359199524,,,,2.538157038417204e-05,,
train_step,102,26,4773,1477,2.144174575805664,2.3234080213766832,,,,2.5374159731280484e-05,,
train_step,102,27,4774,1477,2.0831046104431152,2.3145078950458102,,,,2.5374159731280484e-05,,
train_step,102,28,4775,1478,2.169424533843994,2.3093263464314595,,,,2.5366744265843428e-05,,
train_step,102,29,4776,1478,2.1731185913085938,2.304629527289292,,,,2.5366744265843428e-05,,
train_step,102,30,4777,1479,2.27079439163208,2.3035016894340514,,,,2.535932399147508e-05,,
train_step,102,31,4778,1479,2.861363649368286,2.321497236528704,,,,2.535932399147508e-05,,
train_step,102,32,4779,1480,2.2703890800476074,2.31990010663867,,,,2.5351898911791992e-05,,
train_step,102,33,4780,1480,1.8836719989776611,2.306681073073185,,,,2.5351898911791992e-05,,
train_step,102,34,4781,1481,2.44748592376709,2.3108223922112408,,,,2.5344469030413056e-05,,
train_step,102,35,4782,1481,2.4126853942871094,2.313732763699123,,,,2.5344469030413056e-05,,
train_step,102,36,4783,1482,2.3941659927368164,2.315967020061281,,,,2.5337034350959504e-05,,
train_step,102,37,4784,1482,1.966391682624817,2.3065190379684037,,,,2.5337034350959504e-05,,
train_step,102,38,4785,1483,2.109370231628418,2.3013309114857723,,,,2.5329594877054914e-05,,
train_step,102,39,4786,1483,2.3118841648101807,2.3016015077248597,,,,2.5329594877054914e-05,,
train_step,102,40,4787,1484,1.9935983419418335,2.293901428580284,,,,2.5322150612325192e-05,,
train_step,102,41,4788,1484,2.3201475143432617,2.2945415770135273,,,,2.5322150612325192e-05,,
train_step,102,42,4789,1485,2.136690139770508,2.2907832094601224,,,,2.531470156039858e-05,,
train_step,102,43,4790,1485,2.089139699935913,2.286093825517699,,,,2.531470156039858e-05,,
train_step,102,44,4791,1486,2.762784481048584,2.2969277040524916,,,,2.5307247724905662e-05,,
train_step,102,45,4792,1486,2.149122953414917,2.2936431540383233,,,,2.5307247724905662e-05,,
train_step,102,46,4793,1487,2.1100552082061768,2.2896521117376243,,,,2.529978910947934e-05,,
train_step,102,47,4794,1488,2.1754026412963867,2.2872212719410023,,,,2.5292325717754856e-05,,
epoch_summary,102,47,4794,1488,,,2.2872212719410023,nan,nan,2.5292325717754856e-05,9.145630359649658,0.21612232079767607
train_step,103,1,4795,1488,2.5288784503936768,2.5288784503936768,,,,2.5292325717754856e-05,,
train_step,103,2,4796,1489,2.295923948287964,2.4124011993408203,,,,2.5284857553369774e-05,,
train_step,103,3,4797,1489,2.2672500610351562,2.3640174865722656,,,,2.5284857553369774e-05,,
train_step,103,4,4798,1490,1.901916265487671,2.248492181301117,,,,2.527738461996399e-05,,
train_step,103,5,4799,1490,2.0046486854553223,2.199723482131958,,,,2.527738461996399e-05,,
train_step,103,6,4800,1491,2.294375419616699,2.2154988050460815,,,,2.5269906921179718e-05,,
train_step,103,7,4801,1491,2.0144639015197754,2.1867795331137523,,,,2.5269906921179718e-05,,
train_step,103,8,4802,1492,2.65799617767334,2.2456816136837006,,,,2.5262424460661497e-05,,
train_step,103,9,4803,1492,2.361707925796509,2.2585734261406794,,,,2.5262424460661497e-05,,
train_step,103,10,4804,1493,2.3627524375915527,2.2689913272857667,,,,2.5254937242056194e-05,,
train_step,103,11,4805,1493,2.2883565425872803,2.270751801404086,,,,2.5254937242056194e-05,,
train_step,103,12,4806,1494,2.5247859954833984,2.291921317577362,,,,2.5247445269012986e-05,,
train_step,103,13,4807,1494,2.2588329315185547,2.2893760571113,,,,2.5247445269012986e-05,,
train_step,103,14,4808,1495,2.6924257278442383,2.3181653193065097,,,,2.523994854518336e-05,,
train_step,103,15,4809,1495,2.0139193534851074,2.297882254918416,,,,2.523994854518336e-05,,
train_step,103,16,4810,1496,2.587536096572876,2.31598562002182,,,,2.5232447074221134e-05,,
train_step,103,17,4811,1496,2.451700210571289,2.323968831230612,,,,2.5232447074221134e-05,,
train_step,103,18,4812,1497,2.5180530548095703,2.33475128809611,,,,2.522494085978244e-05,,
train_step,103,19,4813,1497,2.506787061691284,2.343805802495856,,,,2.522494085978244e-05,,
train_step,103,20,4814,1498,2.456228733062744,2.3494269490242004,,,,2.521742990552571e-05,,
train_step,103,21,4815,1498,2.021245241165161,2.3337992486499606,,,,2.521742990552571e-05,,
train_step,103,22,4816,1499,2.3906548023223877,2.336383591998707,,,,2.5209914215111693e-05,,
train_step,103,23,4817,1499,2.2318193912506104,2.331837322400964,,,,2.5209914215111693e-05,,
train_step,103,24,4818,1500,2.466442108154297,2.337445855140686,,,,2.5202393792203446e-05,,
train_step,103,25,4819,1500,1.7868542671203613,2.315422191619873,,,,2.5202393792203446e-05,,
train_step,103,26,4820,1501,2.2067008018493652,2.3112405997056227,,,,2.519486864046633e-05,,
train_step,103,27,4821,1501,2.1999173164367676,2.3071175151401095,,,,2.519486864046633e-05,,
train_step,103,28,4822,1502,2.0480093955993652,2.29786365372794,,,,2.5187338763568007e-05,,
train_step,103,29,4823,1502,2.173319101333618,2.2935690139902047,,,,2.5187338763568007e-05,,
train_step,103,30,4824,1503,2.5240206718444824,2.3012507359186807,,,,2.5179804165178465e-05,,
train_step,103,31,4825,1503,2.0636425018310547,2.2935859541739188,,,,2.5179804165178465e-05,,
train_step,103,32,4826,1504,2.1266753673553467,2.2883699983358383,,,,2.5172264848969957e-05,,
train_step,103,33,4827,1504,2.340096950531006,2.289937481735692,,,,2.5172264848969957e-05,,
train_step,103,34,4828,1505,1.8850338459014893,2.27802855126998,,,,2.516472081861706e-05,,
train_step,103,35,4829,1505,2.7873990535736084,2.292581994192941,,,,2.516472081861706e-05,,
train_step,103,36,4830,1506,2.0959231853485107,2.2871192495028176,,,,2.515717207779665e-05,,
train_step,103,37,4831,1506,2.3199846744537354,2.288007504231221,,,,2.515717207779665e-05,,
train_step,103,38,4832,1507,2.0028023719787598,2.280502106014051,,,,2.5149618630187884e-05,,
train_step,103,39,4833,1507,2.2336111068725586,2.2792997727027307,,,,2.5149618630187884e-05,,
train_step,103,40,4834,1508,2.113585948944092,2.275156927108765,,,,2.514206047947222e-05,,
train_step,103,41,4835,1508,2.323798894882202,2.2763433165666536,,,,2.514206047947222e-05,,
train_step,103,42,4836,1509,2.1122708320617676,2.2724368288403465,,,,2.5134497629333414e-05,,
train_step,103,43,4837,1509,2.63059139251709,2.2807660047398057,,,,2.5134497629333414e-05,,
train_step,103,44,4838,1510,2.7699427604675293,2.291883658279072,,,,2.5126930083457503e-05,,
train_step,103,45,4839,1510,1.844789981842041,2.2819482432471383,,,,2.5126930083457503e-05,,
train_step,103,46,4840,1511,2.1219592094421387,2.2784702207731162,,,,2.5119357845532823e-05,,
train_step,103,47,4841,1512,2.2430460453033447,2.2777165149120573,,,,2.511178091924998e-05,,
epoch_summary,103,47,4841,1512,,,2.2777165149120573,nan,nan,2.511178091924998e-05,9.091320514678955,0.21612232079767607
train_step,104,1,4842,1512,2.911154270172119,2.911154270172119,,,,2.511178091924998e-05,,
train_step,104,2,4843,1513,2.924191474914551,2.917672872543335,,,,2.5104199308301883e-05,,
train_step,104,3,4844,1513,2.4168167114257812,2.750720818837484,,,,2.5104199308301883e-05,,
train_step,104,4,4845,1514,2.347646713256836,2.6499522924423218,,,,2.509661301638372e-05,,
train_step,104,5,4846,1514,2.133206367492676,2.5466031074523925,,,,2.509661301638372e-05,,
train_step,104,6,4847,1515,2.5089685916900635,2.540330688158671,,,,2.5089022047192952e-05,,
train_step,104,7,4848,1515,2.29893159866333,2.505845103945051,,,,2.5089022047192952e-05,,
train_step,104,8,4849,1516,2.112093448638916,2.456626147031784,,,,2.508142640442933e-05,,
train_step,104,9,4850,1516,2.364950656890869,2.4464399814605713,,,,2.508142640442933e-05,,
train_step,104,10,4851,1517,2.22100830078125,2.423896813392639,,,,2.507382609179487e-05,,
train_step,104,11,4852,1517,2.606149673461914,2.4404652552171187,,,,2.507382609179487e-05,,
train_step,104,12,4853,1518,1.7566752433776855,2.3834827542304993,,,,2.506622111299388e-05,,
train_step,104,13,4854,1518,1.6960569620132446,2.330603847136864,,,,2.506622111299388e-05,,
train_step,104,14,4855,1519,1.8513269424438477,2.2963697825159346,,,,2.5058611471732927e-05,,
train_step,104,15,4856,1519,2.6083831787109375,2.317170675595601,,,,2.5058611471732927e-05,,
train_step,104,16,4857,1520,2.168355703353882,2.307869739830494,,,,2.5050997171720866e-05,,
train_step,104,17,4858,1520,2.1719162464141846,2.2998724755118873,,,,2.5050997171720866e-05,,
train_step,104,18,4859,1521,2.5579473972320557,2.3142099711630078,,,,2.5043378216668813e-05,,
train_step,104,19,4860,1521,2.0516672134399414,2.3003919312828467,,,,2.5043378216668813e-05,,
train_step,104,20,4861,1522,2.277496814727783,2.2992471754550934,,,,2.5035754610290145e-05,,
train_step,104,21,4862,1522,2.0028467178344727,2.2851328679493497,,,,2.5035754610290145e-05,,
train_step,104,22,4863,1523,2.0683512687683105,2.275279158895666,,,,2.5028126356300526e-05,,
train_step,104,23,4864,1523,2.318319797515869,2.277150491009588,,,,2.5028126356300526e-05,,
train_step,104,24,4865,1524,2.2923882007598877,2.277785395582517,,,,2.502049345841787e-05,,
train_step,104,25,4866,1524,2.4450740814208984,2.284476943016052,,,,2.502049345841787e-05,,
train_step,104,26,4867,1525,2.1359732151031494,2.2787652611732483,,,,2.5012855920362357e-05,,
train_step,104,27,4868,1525,2.351526975631714,2.2814601394865246,,,,2.5012855920362357e-05,,
train_step,104,28,4869,1526,2.309920310974121,2.2824765741825104,,,,2.5005213745856432e-05,,
train_step,104,29,4870,1526,2.242593288421631,2.281101288466618,,,,2.5005213745856432e-05,,
train_step,104,30,4871,1527,2.18347430229187,2.2778470555941266,,,,2.4997566938624798e-05,,
train_step,104,31,4872,1527,2.5088400840759277,2.285298443609668,,,,2.4997566938624798e-05,,
train_step,104,32,4873,1528,2.4344091415405273,2.2899581529200077,,,,2.4989915502394415e-05,,
train_step,104,33,4874,1528,2.292283535003662,2.290028619043755,,,,2.4989915502394415e-05,,
train_step,104,34,4875,1529,2.135593891143799,2.2854864211643444,,,,2.49822594408945e-05,,
train_step,104,35,4876,1529,2.5791594982147217,2.293877080508641,,,,2.49822594408945e-05,,
train_step,104,36,4877,1530,2.439146041870117,2.2979123294353485,,,,2.4974598757856533e-05,,
train_step,104,37,4878,1530,1.7355644702911377,2.2827137386476672,,,,2.4974598757856533e-05,,
train_step,104,38,4879,1531,2.5598247051239014,2.2900061325023047,,,,2.4966933457014225e-05,,
train_step,104,39,4880,1531,2.2289435863494873,2.2884404261906943,,,,2.4966933457014225e-05,,
train_step,104,40,4881,1532,2.183353900909424,2.2858132630586625,,,,2.495926354210355e-05,,
train_step,104,41,4882,1532,2.479949474334717,2.2905482926019807,,,,2.495926354210355e-05,,
train_step,104,42,4883,1533,2.1932015419006348,2.2882305128233775,,,,2.4951589016862742e-05,,
train_step,104,43,4884,1533,2.5125622749328613,2.2934475305468536,,,,2.4951589016862742e-05,,
train_step,104,44,4885,1534,2.0510458946228027,2.2879384024576708,,,,2.4943909885032266e-05,,
train_step,104,45,4886,1534,2.4489874839782715,2.2915172709359064,,,,2.4943909885032266e-05,,
train_step,104,46,4887,1535,1.802907943725586,2.2808953290400296,,,,2.4936226150354838e-05,,
train_step,104,47,4888,1536,1.8385112285614014,2.2714829013702715,,,,2.4928537816575416e-05,,
epoch_summary,104,47,4888,1536,,,2.2714829013702715,nan,nan,2.4928537816575416e-05,9.102800130844116,0.21612232079767607
train_step,105,1,4889,1536,2.189824104309082,2.189824104309082,,,,2.4928537816575416e-05,,
train_step,105,2,4890,1537,2.107987880706787,2.1489059925079346,,,,2.4920844887441207e-05,,
train_step,105,3,4891,1537,2.288209915161133,2.195340633392334,,,,2.4920844887441207e-05,,
train_step,105,4,4892,1538,1.8329519033432007,2.1047434508800507,,,,2.491314736670164e-05,,
train_step,105,5,4893,1538,2.137693166732788,2.111333394050598,,,,2.491314736670164e-05,,
train_step,105,6,4894,1539,2.9502453804016113,2.251152058442434,,,,2.49054452581084e-05,,
train_step,105,7,4895,1539,1.7497919797897339,2.1795291900634766,,,,2.49054452581084e-05,,
train_step,105,8,4896,1540,2.428889274597168,2.210699200630188,,,,2.4897738565415398e-05,,
train_step,105,9,4897,1540,2.166313886642456,2.2057674990759955,,,,2.4897738565415398e-05,,
train_step,105,10,4898,1541,2.120636463165283,2.1972543954849244,,,,2.489002729237879e-05,,
train_step,105,11,4899,1541,2.483051300048828,2.223235932263461,,,,2.489002729237879e-05,,
train_step,105,12,4900,1542,1.8720149993896484,2.1939675211906433,,,,2.4882311442756946e-05,,
train_step,105,13,4901,1542,2.0017805099487305,2.1791839049412656,,,,2.4882311442756946e-05,,
train_step,105,14,4902,1543,2.0329031944274902,2.16873528276171,,,,2.487459102031048e-05,,
train_step,105,15,4903,1543,2.414982795715332,2.185151783625285,,,,2.487459102031048e-05,,
train_step,105,16,4904,1544,2.6235225200653076,2.2125499546527863,,,,2.486686602880224e-05,,
train_step,105,17,4905,1544,2.088390350341797,2.2052464485168457,,,,2.486686602880224e-05,,
train_step,105,18,4906,1545,2.115004539489746,2.2002330091264515,,,,2.4859136471997284e-05,,
train_step,105,19,4907,1545,1.8319259881973267,2.18084842907755,,,,2.4859136471997284e-05,,
train_step,105,20,4908,1546,2.1530582904815674,2.179458922147751,,,,2.485140235366291e-05,,
train_step,105,21,4909,1546,1.9661753177642822,2.1693025600342524,,,,2.485140235366291e-05,,
train_step,105,22,4910,1547,2.1297924518585205,2.1675066460262644,,,,2.484366367756863e-05,,
train_step,105,23,4911,1547,2.2998740673065186,2.173261751299319,,,,2.484366367756863e-05,,
train_step,105,24,4912,1548,2.626772403717041,2.192158028483391,,,,2.483592044748618e-05,,
train_step,105,25,4913,1548,2.082848072052002,2.187785630226135,,,,2.483592044748618e-05,,
train_step,105,26,4914,1549,2.4113283157348633,2.1963834258226247,,,,2.482817266718952e-05,,
train_step,105,27,4915,1549,2.1158323287963867,2.1934000518586902,,,,2.482817266718952e-05,,
train_step,105,28,4916,1550,2.214902400970459,2.194167992898396,,,,2.482042034045482e-05,,
train_step,105,29,4917,1550,2.3713226318359375,2.2002767735514146,,,,2.482042034045482e-05,,
train_step,105,30,4918,1551,1.6645393371582031,2.1824188590049745,,,,2.4812663471060476e-05,,
train_step,105,31,4919,1551,2.532973289489746,2.193727066439967,,,,2.4812663471060476e-05,,
train_step,105,32,4920,1552,2.5634541511535645,2.205281037837267,,,,2.4804902062787085e-05,,
train_step,105,33,4921,1552,2.418545722961426,2.2117436040531504,,,,2.4804902062787085e-05,,
train_step,105,34,4922,1553,2.3122687339782715,2.2147002255215362,,,,2.4797136119417465e-05,,
train_step,105,35,4923,1553,2.8080954551696777,2.231654374940055,,,,2.4797136119417465e-05,,
train_step,105,36,4924,1554,2.3174309730529785,2.234037058220969,,,,2.4789365644736642e-05,,
train_step,105,37,4925,1554,2.284446954727173,2.235399487856272,,,,2.4789365644736642e-05,,
train_step,105,38,4926,1555,2.3934452533721924,2.2395585869487964,,,,2.4781590642531858e-05,,
train_step,105,39,4927,1555,2.374060869216919,2.2430073634172096,,,,2.4781590642531858e-05,,
train_step,105,40,4928,1556,2.581836223602295,2.2514780849218368,,,,2.4773811116592544e-05,,
train_step,105,41,4929,1556,2.154157876968384,2.249104421313216,,,,2.4773811116592544e-05,,
train_step,105,42,4930,1557,2.331810712814331,2.2510736187299094,,,,2.476602707071035e-05,,
train_step,105,43,4931,1557,2.5029947757720947,2.25693225028903,,,,2.476602707071035e-05,,
train_step,105,44,4932,1558,2.420257329940796,2.260644183917479,,,,2.475823850867913e-05,,
train_step,105,45,4933,1558,2.1027417182922363,2.2571352402369182,,,,2.475823850867913e-05,,
train_step,105,46,4934,1559,2.4204649925231934,2.2606858870257502,,,,2.475044543429493e-05,,
train_step,105,47,4935,1560,1.9691945314407349,2.2544839432898987,,,,2.4742647851356e-05,,
epoch_summary,105,47,4935,1560,,,2.2544839432898987,nan,nan,2.4742647851356e-05,9.342550039291382,0.21612232079767607
train_step,106,1,4936,1560,1.9418971538543701,1.9418971538543701,,,,2.4742647851356e-05,,
train_step,106,2,4937,1561,2.314946174621582,2.128421664237976,,,,2.4734845763662793e-05,,
train_step,106,3,4938,1561,2.273266315460205,2.1767032146453857,,,,2.4734845763662793e-05,,
train_step,106,4,4939,1562,2.4227137565612793,2.238205850124359,,,,2.4727039175017944e-05,,
train_step,106,5,4940,1562,2.585442543029785,2.3076531887054443,,,,2.4727039175017944e-05,,
train_step,106,6,4941,1563,2.1011111736297607,2.2732295195261636,,,,2.471922808922629e-05,,
train_step,106,7,4942,1563,2.168609142303467,2.2582837513514926,,,,2.471922808922629e-05,,
train_step,106,8,4943,1564,1.614396095275879,2.177797794342041,,,,2.4711412510094864e-05,,
train_step,106,9,4944,1564,1.963189959526062,2.153952479362488,,,,2.4711412510094864e-05,,
train_step,106,10,4945,1565,2.0529000759124756,2.1438472390174867,,,,2.470359244143288e-05,,
train_step,106,11,4946,1565,2.5166680812835693,2.177740042859858,,,,2.470359244143288e-05,,
train_step,106,12,4947,1566,2.2513365745544434,2.18387308716774,,,,2.469576788705175e-05,,
train_step,106,13,4948,1566,2.285010814666748,2.191652912359971,,,,2.469576788705175e-05,,
train_step,106,14,4949,1567,2.02390718460083,2.1796710746628896,,,,2.468793885076506e-05,,
train_step,106,15,4950,1567,2.5104641914367676,2.2017239491144815,,,,2.468793885076506e-05,,
train_step,106,16,4951,1568,1.929344892501831,2.184700258076191,,,,2.4680105336388593e-05,,
train_step,106,17,4952,1568,2.2716879844665527,2.189817183157977,,,,2.4680105336388593e-05,,
train_step,106,18,4953,1569,1.6909105777740479,2.1621001495255365,,,,2.4672267347740307e-05,,
train_step,106,19,4954,1569,2.273810863494873,2.1679796607870805,,,,2.4672267347740307e-05,,
train_step,106,20,4955,1570,1.8789143562316895,2.153526395559311,,,,2.466442488864034e-05,,
train_step,106,21,4956,1570,2.3139758110046387,2.1611668439138505,,,,2.466442488864034e-05,,
train_step,106,22,4957,1571,2.393846035003662,2.171743170781569,,,,2.4656577962911013e-05,,
train_step,106,23,4958,1571,2.231626510620117,2.17434679425281,,,,2.4656577962911013e-05,,
train_step,106,24,4959,1572,2.353083372116089,2.18179415166378,,,,2.464872657437682e-05,,
train_step,106,25,4960,1572,2.230346441268921,2.183736243247986,,,,2.464872657437682e-05,,
train_step,106,26,4961,1573,1.7207086086273193,2.1659274880702677,,,,2.464087072686444e-05,,
train_step,106,27,4962,1573,2.438086986541748,2.1760074694951377,,,,2.464087072686444e-05,,
train_step,106,28,4963,1574,2.2928154468536377,2.180179182972227,,,,2.463301042420271e-05,,
train_step,106,29,4964,1574,2.366830348968506,2.186615430075547,,,,2.463301042420271e-05,,
train_step,106,30,4965,1575,2.1359105110168457,2.1849252661069234,,,,2.4625145670222645e-05,,
train_step,106,31,4966,1575,2.4088122844696045,2.1921474279895907,,,,2.4625145670222645e-05,,
train_step,106,32,4967,1576,1.9085090160369873,2.1832837276160717,,,,2.461727646875744e-05,,
train_step,106,33,4968,1576,2.2518231868743896,2.1853606809269297,,,,2.461727646875744e-05,,
train_step,106,34,4969,1577,2.3727264404296875,2.190871438559364,,,,2.4609402823642435e-05,,
train_step,106,35,4970,1577,2.639967918395996,2.2037027665546964,,,,2.4609402823642435e-05,,
train_step,106,36,4971,1578,2.5188956260681152,2.2124581237634025,,,,2.4601524738715157e-05,,
train_step,106,37,4972,1578,2.448892593383789,2.2188482445639535,,,,2.4601524738715157e-05,,
train_step,106,38,4973,1579,2.016836166381836,2.213532137243371,,,,2.459364221781529e-05,,
train_step,106,39,4974,1579,2.574673652648926,2.222792176099924,,,,2.459364221781529e-05,,
train_step,106,40,4975,1580,2.0554287433624268,2.2186080902814864,,,,2.458575526478468e-05,,
train_step,106,41,4976,1580,2.4305386543273926,2.2237771284289476,,,,2.458575526478468e-05,,
train_step,106,42,4977,1581,2.378746509552002,2.227466875598544,,,,2.4577863883467327e-05,,
train_step,106,43,4978,1581,1.8523688316345215,2.2187436652737995,,,,2.4577863883467327e-05,,
train_step,106,44,4979,1582,2.5051255226135254,2.2252523438497023,,,,2.4569968077709394e-05,,
train_step,106,45,4980,1582,2.52628755569458,2.231942015224033,,,,2.4569968077709394e-05,,
train_step,106,46,4981,1583,2.122696876525879,2.229567120904508,,,,2.4562067851359205e-05,,
train_step,106,47,4982,1584,2.2392826080322266,2.229773833396587,,,,2.455416320826723e-05,,
epoch_summary,106,47,4982,1584,,,2.229773833396587,nan,nan,2.455416320826723e-05,9.0640869140625,0.21612232079767607
train_step,107,1,4983,1584,2.0044827461242676,2.0044827461242676,,,,2.455416320826723e-05,,
train_step,107,2,4984,1585,2.1875085830688477,2.0959956645965576,,,,2.4546254152286102e-05,,
train_step,107,3,4985,1585,2.1543307304382324,2.1154406865437827,,,,2.4546254152286102e-05,,
train_step,107,4,4986,1586,1.6938683986663818,2.0100476145744324,,,,2.453834068727059e-05,,
train_step,107,5,4987,1586,2.3807876110076904,2.084195613861084,,,,2.453834068727059e-05,,
train_step,107,6,4988,1587,2.0771284103393555,2.0830177466074624,,,,2.4530422817077632e-05,,
train_step,107,7,4989,1587,2.2681710720062256,2.1094682216644287,,,,2.4530422817077632e-05,,
train_step,107,8,4990,1588,2.2218947410583496,2.123521536588669,,,,2.4522500545566296e-05,,
train_step,107,9,4991,1588,2.7378768920898438,2.191783242755466,,,,2.4522500545566296e-05,,
train_step,107,10,4992,1589,2.243556022644043,2.196960520744324,,,,2.4514573876597796e-05,,
train_step,107,11,4993,1589,1.902144193649292,2.170159036462957,,,,2.4514573876597796e-05,,
train_step,107,12,4994,1590,2.408505916595459,2.190021276473999,,,,2.45066428140355e-05,,
train_step,107,13,4995,1590,2.261686325073242,2.195533972520095,,,,2.45066428140355e-05,,
train_step,107,14,4996,1591,2.227877616882324,2.1978442328316823,,,,2.4498707361744914e-05,,
train_step,107,15,4997,1591,2.0937304496765137,2.190903313954671,,,,2.4498707361744914e-05,,
train_step,107,16,4998,1592,2.8478493690490723,2.2319624423980713,,,,2.4490767523593673e-05,,
train_step,107,17,4999,1592,2.500932216644287,2.2477841938243195,,,,2.4490767523593673e-05,,
train_step,107,18,5000,1593,2.1097569465637207,2.240116013420953,,,,2.4482823303451564e-05,,
train_step,107,19,5001,1593,2.111359119415283,2.2333393347890755,,,,2.4482823303451564e-05,,
train_step,107,20,5002,1594,2.1305346488952637,2.228199100494385,,,,2.44748747051905e-05,,
train_step,107,21,5003,1594,2.589993476867676,2.2454274041312083,,,,2.44748747051905e-05,,
train_step,107,22,5004,1595,2.57661509513855,2.2604813900860874,,,,2.4466921732684535e-05,,
train_step,107,23,5005,1595,2.253718376159668,2.26018734600233,,,,2.4466921732684535e-05,,
train_step,107,24,5006,1596,1.9989778995513916,2.249303619066874,,,,2.445896438980985e-05,,
train_step,107,25,5007,1596,2.1643056869506836,2.2459037017822268,,,,2.445896438980985e-05,,
train_step,107,26,5008,1597,2.434882879257202,2.25317213168511,,,,2.4451002680444754e-05,,
train_step,107,27,5009,1597,1.980582356452942,2.243076214083919,,,,2.4451002680444754e-05,,
train_step,107,28,5010,1598,2.080557346343994,2.237271968807493,,,,2.4443036608469687e-05,,
train_step,107,29,5011,1598,2.1566529273986816,2.2344920018623613,,,,2.4443036608469687e-05,,
train_step,107,30,5012,1599,2.261190891265869,2.2353819648424786,,,,2.443506617776722e-05,,
train_step,107,31,5013,1599,1.984440565109253,2.2272870809801164,,,,2.443506617776722e-05,,
train_step,107,32,5014,1600,2.577160120010376,2.238220613449812,,,,2.4427091392222046e-05,,
train_step,107,33,5015,1600,2.352226734161377,2.2416753443804653,,,,2.4427091392222046e-05,,
train_step,107,34,5016,1601,2.504122734069824,2.249394385253682,,,,2.4419112255720976e-05,,
train_step,107,35,5017,1601,2.6227898597717285,2.260062827382769,,,,2.4419112255720976e-05,,
train_step,107,36,5018,1602,2.301372528076172,2.261210319068697,,,,2.4411128772152935e-05,,
train_step,107,37,5019,1602,2.370892286300659,2.2641746965614526,,,,2.4411128772152935e-05,,
train_step,107,38,5020,1603,2.023242235183716,2.2578343686304594,,,,2.440314094540899e-05,,
train_step,107,39,5021,1603,1.8578001260757446,2.2475770803598256,,,,2.440314094540899e-05,,
train_step,107,40,5022,1604,2.1412739753723145,2.244919502735138,,,,2.4395148779382304e-05,,
train_step,107,41,5023,1604,2.225694179534912,2.2444505924131812,,,,2.4395148779382304e-05,,
train_step,107,42,5024,1605,2.064396858215332,2.240163598741804,,,,2.438715227796816e-05,,
train_step,107,43,5025,1605,2.0199217796325684,2.235041695971822,,,,2.438715227796816e-05,,
train_step,107,44,5026,1606,1.9710450172424316,2.2290417714552446,,,,2.437915144506396e-05,,
train_step,107,45,5027,1606,2.3088717460632324,2.2308157708909775,,,,2.437915144506396e-05,,
train_step,107,46,5028,1607,1.864755392074585,2.2228579365688823,,,,2.437114628456921e-05,,
train_step,107,47,5029,1608,2.415884494781494,2.226964884615959,,,,2.436313680038553e-05,,
epoch_summary,107,47,5029,1608,,,2.226964884615959,nan,nan,2.436313680038553e-05,9.25455379486084,0.21612232079767607
train_step,108,1,5030,1608,2.058540105819702,2.058540105819702,,,,2.436313680038553e-05,,
train_step,108,2,5031,1609,2.1406733989715576,2.09960675239563,,,,2.4355122996416644e-05,,
train_step,108,3,5032,1609,2.0629467964172363,2.0873867670694985,,,,2.4355122996416644e-05,,
train_step,108,4,5033,1610,1.8614706993103027,2.0309077501296997,,,,2.4347104876568383e-05,,
train_step,108,5,5034,1610,2.2955689430236816,2.083839988708496,,,,2.4347104876568383e-05,,
train_step,108,6,5035,1611,1.4923131465911865,1.9852521816889446,,,,2.4339082444748675e-05,,
train_step,108,7,5036,1611,2.301060438156128,2.0303676468985423,,,,2.4339082444748675e-05,,
train_step,108,8,5037,1612,2.4316635131835938,2.0805296301841736,,,,2.433105570486757e-05,,
train_step,108,9,5038,1612,2.0421414375305176,2.0762642754448786,,,,2.433105570486757e-05,,
train_step,108,10,5039,1613,2.022566795349121,2.0708945274353026,,,,2.432302466083719e-05,,
train_step,108,11,5040,1613,1.824278712272644,2.048474907875061,,,,2.432302466083719e-05,,
train_step,108,12,5041,1614,2.351323127746582,2.073712259531021,,,,2.431498931657178e-05,,
train_step,108,13,5042,1614,2.2831478118896484,2.089822686635531,,,,2.431498931657178e-05,,
train_step,108,14,5043,1615,2.6277010440826416,2.1282425693103244,,,,2.4306949675987657e-05,,
train_step,108,15,5044,1615,2.0125551223754883,2.1205300728480023,,,,2.4306949675987657e-05,,
train_step,108,16,5045,1616,2.343369960784912,2.134457565844059,,,,2.4298905743003253e-05,,
train_step,108,17,5046,1616,2.29921293258667,2.144149058005389,,,,2.4298905743003253e-05,,
train_step,108,18,5047,1617,1.9885854721069336,2.135506636566586,,,,2.4290857521539077e-05,,
train_step,108,19,5048,1617,2.3634681701660156,2.1475046120191874,,,,2.4290857521539077e-05,,
train_step,108,20,5049,1618,2.2264246940612793,2.1514506161212923,,,,2.4282805015517743e-05,,
train_step,108,21,5050,1618,2.3344063758850098,2.1601627951576594,,,,2.4282805015517743e-05,,
train_step,108,22,5051,1619,2.2738795280456543,2.1653317375616594,,,,2.4274748228863933e-05,,
train_step,108,23,5052,1619,2.87296199798584,2.19609827062358,,,,2.4274748228863933e-05,,
train_step,108,24,5053,1620,1.9081087112426758,2.184098705649376,,,,2.4266687165504438e-05,,
train_step,108,25,5054,1620,2.172846794128418,2.1836486291885375,,,,2.4266687165504438e-05,,
train_step,108,26,5055,1621,2.6227197647094727,2.2005359805547275,,,,2.4258621829368115e-05,,
train_step,108,27,5056,1621,2.509812831878662,2.2119906787519104,,,,2.4258621829368115e-05,,
train_step,108,28,5057,1622,2.108262062072754,2.208286085299083,,,,2.425055222438591e-05,,
train_step,108,29,5058,1622,2.3408403396606445,2.2128569216563783,,,,2.425055222438591e-05,,
train_step,108,30,5059,1623,2.290679931640625,2.2154510219891868,,,,2.424247835449086e-05,,
train_step,108,31,5060,1623,2.5034611225128174,2.2247416703931746,,,,2.424247835449086e-05,,
train_step,108,32,5061,1624,1.8173929452896118,2.2120120227336884,,,,2.423440022361806e-05,,
train_step,108,33,5062,1624,2.2146048545837402,2.212090593395811,,,,2.423440022361806e-05,,
train_step,108,34,5063,1625,2.10237979888916,2.208863805322086,,,,2.4226317835704703e-05,,
train_step,108,35,5064,1625,2.4504220485687256,2.215765469414847,,,,2.4226317835704703e-05,,
train_step,108,36,5065,1626,1.8884748220443726,2.206674062543445,,,,2.4218231194690038e-05,,
train_step,108,37,5066,1626,2.497502326965332,2.2145342859061987,,,,2.4218231194690038e-05,,
train_step,108,38,5067,1627,2.187121868133545,2.213812906491129,,,,2.42101403045154e-05,,
train_step,108,39,5068,1627,2.1257176399230957,2.211554053502205,,,,2.42101403045154e-05,,
train_step,108,40,5069,1628,2.046609878540039,2.207430449128151,,,,2.4202045169124185e-05,,
train_step,108,41,5070,1628,2.0494093894958496,2.2035762769419973,,,,2.4202045169124185e-05,,
train_step,108,42,5071,1629,2.6223177909851074,2.2135463129906428,,,,2.4193945792461872e-05,,
train_step,108,43,5072,1629,2.466151475906372,2.2194208516631018,,,,2.4193945792461872e-05,,
train_step,108,44,5073,1630,2.053199052810669,2.2156430835073646,,,,2.4185842178475994e-05,,
train_step,108,45,5074,1630,1.9224449396133423,2.2091275691986083,,,,2.4185842178475994e-05,,
train_step,108,46,5075,1631,1.7699127197265625,2.199579420297042,,,,2.417773433111616e-05,,
train_step,108,47,5076,1632,2.6672558784484863,2.209529983236435,,,,2.4169622254334026e-05,,
epoch_summary,108,47,5076,1632,,,2.209529983236435,nan,nan,2.4169622254334026e-05,9.40816617012024,0.21612232079767607
train_step,109,1,5077,1632,2.377694606781006,2.377694606781006,,,,2.4169622254334026e-05,,
train_step,109,2,5078,1633,2.3105642795562744,2.34412944316864,,,,2.4161505952083328e-05,,
train_step,109,3,5079,1633,2.3727355003356934,2.3536647955576577,,,,2.4161505952083328e-05,,
train_step,109,4,5080,1634,2.1490471363067627,2.302510380744934,,,,2.4153385428319842e-05,,
train_step,109,5,5081,1634,2.027146577835083,2.247437620162964,,,,2.4153385428319842e-05,,
train_step,109,6,5082,1635,2.1989035606384277,2.239348610242208,,,,2.414526068700143e-05,,
train_step,109,7,5083,1635,2.433976173400879,2.2671525478363037,,,,2.414526068700143e-05,,
train_step,109,8,5084,1636,1.7686998844146729,2.2048459649086,,,,2.4137131732087982e-05,,
train_step,109,9,5085,1636,2.1238226890563965,2.1958433787027993,,,,2.4137131732087982e-05,,
train_step,109,10,5086,1637,2.2136425971984863,2.197623300552368,,,,2.412899856754145e-05,,
train_step,109,11,5087,1637,2.0768532752990723,2.186644207347523,,,,2.412899856754145e-05,,
train_step,109,12,5088,1638,2.4362902641296387,2.2074480454126992,,,,2.4120861197325844e-05,,
train_step,109,13,5089,1638,2.0795607566833496,2.197610561664288,,,,2.4120861197325844e-05,,
train_step,109,14,5090,1639,2.1850357055664062,2.1967123576572964,,,,2.4112719625407213e-05,,
train_step,109,15,5091,1639,2.293187141418457,2.20314400990804,,,,2.4112719625407213e-05,,
train_step,109,16,5092,1640,2.3664426803588867,2.2133501768112183,,,,2.4104573855753672e-05,,
train_step,109,17,5093,1640,2.1592600345611572,2.2101684037376854,,,,2.4104573855753672e-05,,
train_step,109,18,5094,1641,2.3286001682281494,2.2167479462093778,,,,2.409642389233536e-05,,
train_step,109,19,5095,1641,2.3217883110046387,2.22227638646176,,,,2.409642389233536e-05,,
train_step,109,20,5096,1642,2.1314377784729004,2.217734456062317,,,,2.4088269739124473e-05,,
train_step,109,21,5097,1642,2.7467334270477295,2.2429248832520985,,,,2.4088269739124473e-05,,
train_step,109,22,5098,1643,2.3467178344726562,2.247642744671215,,,,2.4080111400095247e-05,,
train_step,109,23,5099,1643,2.2162952423095703,2.246279809785926,,,,2.4080111400095247e-05,,
train_step,109,24,5100,1644,2.44937801361084,2.2547422349452972,,,,2.407194887922396e-05,,
train_step,109,25,5101,1644,2.098282814025879,2.2484838581085205,,,,2.407194887922396e-05,,
train_step,109,26,5102,1645,2.5555596351623535,2.2602944649182835,,,,2.406378218048892e-05,,
train_step,109,27,5103,1645,2.149764060974121,2.256200746253685,,,,2.406378218048892e-05,,
train_step,109,28,5104,1646,2.2408108711242676,2.2556511078562056,,,,2.405561130787048e-05,,
train_step,109,29,5105,1646,2.0019028186798096,2.246901166850123,,,,2.405561130787048e-05,,
train_step,109,30,5106,1647,2.46675705909729,2.254229696591695,,,,2.4047436265351022e-05,,
train_step,109,31,5107,1647,2.1534526348114014,2.2509788236310406,,,,2.4047436265351022e-05,,
train_step,109,32,5108,1648,2.4244844913482666,2.256400875747204,,,,2.403925705691496e-05,,
train_step,109,33,5109,1648,2.27829647064209,2.2570643786228066,,,,2.403925705691496e-05,,
train_step,109,34,5110,1649,2.3849868774414062,2.2608268050586475,,,,2.4031073686548753e-05,,
train_step,109,35,5111,1649,2.397691011428833,2.2647372109549386,,,,2.4031073686548753e-05,,
train_step,109,36,5112,1650,2.4886860847473145,2.270958013004727,,,,2.402288615824086e-05,,
train_step,109,37,5113,1650,2.000027894973755,2.263635577382268,,,,2.402288615824086e-05,,
train_step,109,38,5114,1651,1.7195558547973633,2.249317689945823,,,,2.4014694475981795e-05,,
train_step,109,39,5115,1651,2.240077018737793,2.2490807496584377,,,,2.4014694475981795e-05,,
train_step,109,40,5116,1652,2.052367925643921,2.244162929058075,,,,2.400649864376408e-05,,
train_step,109,41,5117,1652,1.7043229341506958,2.2309960999139924,,,,2.400649864376408e-05,,
train_step,109,42,5118,1653,1.985377311706543,2.225148033528101,,,,2.3998298665582262e-05,,
train_step,109,43,5119,1653,1.869849443435669,2.2168852756189747,,,,2.3998298665582262e-05,,
train_step,109,44,5120,1654,2.579735040664673,2.225131861188195,,,,2.3990094545432917e-05,,
train_step,109,45,5121,1654,2.011444330215454,2.2203832493888007,,,,2.3990094545432917e-05,,
train_step,109,46,5122,1655,1.9211403131484985,2.2138779681661855,,,,2.3981886287314626e-05,,
train_step,109,47,5123,1656,2.2532076835632324,2.2147147706214416,,,,2.3973673895227997e-05,,
epoch_summary,109,47,5123,1656,,,2.2147147706214416,nan,nan,2.3973673895227997e-05,9.255301237106323,0.21612232079767607
train_step,110,1,5124,1656,2.346644401550293,2.346644401550293,,,,2.3973673895227997e-05,,
train_step,110,2,5125,1657,2.5973503589630127,2.471997380256653,,,,2.396545737317565e-05,,
train_step,110,3,5126,1657,1.8069437742233276,2.250312844912211,,,,2.396545737317565e-05,,
train_step,110,4,5127,1658,2.3334450721740723,2.2710959017276764,,,,2.3957236725162223e-05,,
train_step,110,5,5128,1658,2.2704269886016846,2.270962119102478,,,,2.3957236725162223e-05,,
train_step,110,6,5129,1659,2.1242737770080566,2.246514062086741,,,,2.3949011955194356e-05,,
train_step,110,7,5130,1659,2.4045939445495605,2.2690969024385725,,,,2.3949011955194356e-05,,
train_step,110,8,5131,1660,1.9837455749511719,2.2334279865026474,,,,2.3940783067280697e-05,,
train_step,110,9,5132,1660,2.590404510498047,2.2730920447243586,,,,2.3940783067280697e-05,,
train_step,110,10,5133,1661,1.9993727207183838,2.245720112323761,,,,2.393255006543191e-05,,
train_step,110,11,5134,1661,1.7570905685424805,2.2012992447072808,,,,2.393255006543191e-05,,
train_step,110,12,5135,1662,2.259023666381836,2.2061096131801605,,,,2.392431295366067e-05,,
train_step,110,13,5136,1662,2.3645925521850586,2.2183006084882297,,,,2.392431295366067e-05,,
train_step,110,14,5137,1663,1.640825629234314,2.1770523956843784,,,,2.391607173598163e-05,,
train_step,110,15,5138,1663,1.9874757528305054,2.1644139528274535,,,,2.391607173598163e-05,,
train_step,110,16,5139,1664,2.54725980758667,2.1883418187499046,,,,2.3907826416411466e-05,,
train_step,110,17,5140,1664,2.407756805419922,2.2012485826716706,,,,2.3907826416411466e-05,,
train_step,110,18,5141,1665,2.3090121746063232,2.207235448890262,,,,2.3899576998968844e-05,,
train_step,110,19,5142,1665,2.064818859100342,2.199739838901319,,,,2.3899576998968844e-05,,
train_step,110,20,5143,1666,2.8225464820861816,2.230880171060562,,,,2.3891323487674434e-05,,
train_step,110,21,5144,1666,2.5192973613739014,2.244614322980245,,,,2.3891323487674434e-05,,
train_step,110,22,5145,1667,2.460555076599121,2.254429811781103,,,,2.3883065886550896e-05,,
train_step,110,23,5146,1667,2.137753963470459,2.249356948811075,,,,2.3883065886550896e-05,,
train_step,110,24,5147,1668,1.8873183727264404,2.234272008140882,,,,2.387480419962288e-05,,
train_step,110,25,5148,1668,2.188936710357666,2.232458596229553,,,,2.387480419962288e-05,,
train_step,110,26,5149,1669,2.261880874633789,2.233590222322024,,,,2.386653843091704e-05,,
train_step,110,27,5150,1669,2.572065830230713,2.2461263559482716,,,,2.386653843091704e-05,,
train_step,110,28,5151,1670,2.275207281112671,2.2471649604184285,,,,2.3858268584462004e-05,,
train_step,110,29,5152,1670,1.8951828479766846,2.2350276461962997,,,,2.3858268584462004e-05,,
train_step,110,30,5153,1671,2.1921441555023193,2.2335981965065,,,,2.3849994664288398e-05,,
train_step,110,31,5154,1671,2.157820463180542,2.2311537534959855,,,,2.3849994664288398e-05,,
train_step,110,32,5155,1672,1.784909725189209,2.2172086276113987,,,,2.384171667442883e-05,,
train_step,110,33,5156,1672,2.2904114723205566,2.219426895632888,,,,2.384171667442883e-05,,
train_step,110,34,5157,1673,2.4292619228363037,2.2255985140800476,,,,2.3833434618917885e-05,,
train_step,110,35,5158,1673,2.497518539428711,2.233367657661438,,,,2.3833434618917885e-05,,
train_step,110,36,5159,1674,2.1211907863616943,2.2302516334586673,,,,2.382514850179215e-05,,
train_step,110,37,5160,1674,2.050884246826172,2.2254038662523836,,,,2.382514850179215e-05,,
train_step,110,38,5161,1675,2.352738857269287,2.228754787068618,,,,2.381685832709017e-05,,
train_step,110,39,5162,1675,2.1194539070129395,2.2259522004005237,,,,2.381685832709017e-05,,
train_step,110,40,5163,1676,1.6886335611343384,2.212519234418869,,,,2.3808564098852474e-05,,
train_step,110,41,5164,1676,1.8541259765625,2.2037779354467624,,,,2.3808564098852474e-05,,
train_step,110,42,5165,1677,2.629599094390869,2.213916534469241,,,,2.380026582112157e-05,,
train_step,110,43,5166,1677,1.8715996742248535,2.2059556772542552,,,,2.380026582112157e-05,,
train_step,110,44,5167,1678,2.3248162269592285,2.208657053383914,,,,2.3791963497941936e-05,,
train_step,110,45,5168,1678,2.085555076599121,2.2059214538998075,,,,2.3791963497941936e-05,,
train_step,110,46,5169,1679,2.166085958480835,2.20505546486896,,,,2.3783657133360025e-05,,
train_step,110,47,5170,1680,2.228410482406616,2.205552380135719,,,,2.3775346731424265e-05,,
epoch_summary,110,47,5170,1680,,,2.205552380135719,2.49654153415135,0.5135978043912176,2.3775346731424265e-05,214.02924752235413,0.21612232079767607
train_step,111,1,5171,1680,1.8917741775512695,1.8917741775512695,,,,2.3775346731424265e-05,,
train_step,111,2,5172,1681,2.0899336338043213,1.9908539056777954,,,,2.376703229618503e-05,,
train_step,111,3,5173,1681,2.5963010787963867,2.192669630050659,,,,2.376703229618503e-05,,
train_step,111,4,5174,1682,2.028627872467041,2.1516591906547546,,,,2.3758713831694684e-05,,
train_step,111,5,5175,1682,2.0809412002563477,2.137515592575073,,,,2.3758713831694684e-05,,
train_step,111,6,5176,1683,2.2674245834350586,2.1591670910517373,,,,2.3750391342007548e-05,,
train_step,111,7,5177,1683,2.064943313598633,2.1457065514155795,,,,2.3750391342007548e-05,,
train_step,111,8,5178,1684,2.7167556285858154,2.217087686061859,,,,2.3742064831179895e-05,,
train_step,111,9,5179,1684,2.3010518550872803,2.2264170381757946,,,,2.3742064831179895e-05,,
train_step,111,10,5180,1685,1.9421191215515137,2.1979872465133665,,,,2.373373430326997e-05,,
train_step,111,11,5181,1685,2.169121503829956,2.195363088087602,,,,2.373373430326997e-05,,
train_step,111,12,5182,1686,1.8723335266113281,2.168443957964579,,,,2.3725399762337973e-05,,
train_step,111,13,5183,1686,2.5399889945983887,2.197024345397949,,,,2.3725399762337973e-05,,
train_step,111,14,5184,1687,2.3991928100585938,2.2114649500165666,,,,2.3717061212446048e-05,,
train_step,111,15,5185,1687,2.3247573375701904,2.219017775853475,,,,2.3717061212446048e-05,,
train_step,111,16,5186,1688,2.1374411582946777,2.21391923725605,,,,2.3708718657658316e-05,,
train_step,111,17,5187,1688,2.41113543510437,2.2255201900706574,,,,2.3708718657658316e-05,,
train_step,111,18,5188,1689,1.7067248821258545,2.196698228518168,,,,2.3700372102040834e-05,,
train_step,111,19,5189,1689,1.951931357383728,2.1838157616163554,,,,2.3700372102040834e-05,,
train_step,111,20,5190,1690,1.9994618892669678,2.174598067998886,,,,2.36920215496616e-05,,
train_step,111,21,5191,1690,1.9908058643341064,2.165846058300563,,,,2.36920215496616e-05,,
train_step,111,22,5192,1691,2.67678165435791,2.189070403575897,,,,2.3683667004590588e-05,,
train_step,111,23,5193,1691,2.59494948387146,2.206717320110487,,,,2.3683667004590588e-05,,
train_step,111,24,5194,1692,2.6723053455352783,2.226116821169853,,,,2.367530847089969e-05,,
train_step,111,25,5195,1692,2.203524589538574,2.225213131904602,,,,2.367530847089969e-05,,
train_step,111,26,5196,1693,2.3944733142852783,2.2317231389192433,,,,2.3666945952662762e-05,,
train_step,111,27,5197,1693,2.1037240028381348,2.226982430175499,,,,2.3666945952662762e-05,,
train_step,111,28,5198,1694,2.1478071212768555,2.2241547405719757,,,,2.3658579453955585e-05,,
train_step,111,29,5199,1694,2.1955246925354004,2.223167497536232,,,,2.3658579453955585e-05,,
train_step,111,30,5200,1695,2.184990406036377,2.22189492781957,,,,2.3650208978855893e-05,,
train_step,111,31,5201,1695,1.884395718574524,2.211007856553601,,,,2.3650208978855893e-05,,
train_step,111,32,5202,1696,1.9756215810775757,2.203652035444975,,,,2.364183453144336e-05,,
train_step,111,33,5203,1696,2.1434898376464844,2.2018289385419902,,,,2.364183453144336e-05,,
train_step,111,34,5204,1697,2.1664204597473145,2.200787512695088,,,,2.363345611579958e-05,,
train_step,111,35,5205,1697,2.206447124481201,2.200949215888977,,,,2.363345611579958e-05,,
train_step,111,36,5206,1698,1.8993538618087769,2.192571567164527,,,,2.3625073736008098e-05,,
train_step,111,37,5207,1698,1.9697976112365723,2.1865506494367444,,,,2.3625073736008098e-05,,
train_step,111,38,5208,1699,2.2369065284729004,2.1878758041482222,,,,2.3616687396154384e-05,,
train_step,111,39,5209,1699,2.2948718070983887,2.1906192914033547,,,,2.3616687396154384e-05,,
train_step,111,40,5210,1700,2.076413154602051,2.187764137983322,,,,2.360829710032583e-05,,
train_step,111,41,5211,1700,2.088463068008423,2.185342160666861,,,,2.360829710032583e-05,,
train_step,111,42,5212,1701,2.308703899383545,2.1882793449220204,,,,2.3599902852611774e-05,,
train_step,111,43,5213,1701,1.9599885940551758,2.182970257692559,,,,2.3599902852611774e-05,,
train_step,111,44,5214,1702,2.4338126182556152,2.1886712204326284,,,,2.3591504657103465e-05,,
train_step,111,45,5215,1702,2.4055588245391846,2.1934909449683295,,,,2.3591504657103465e-05,,
train_step,111,46,5216,1703,1.7425756454467773,2.1836884384569912,,,,2.358310251789408e-05,,
train_step,111,47,5217,1704,2.707515239715576,2.1948336895475995,,,,2.3574696439078728e-05,,
epoch_summary,111,47,5217,1704,,,2.1948336895475995,nan,nan,2.3574696439078728e-05,9.318669557571411,0.21612232079767607
train_step,112,1,5218,1704,2.1193463802337646,2.1193463802337646,,,,2.3574696439078728e-05,,
train_step,112,2,5219,1705,1.9982584714889526,2.0588024258613586,,,,2.3566286424754422e-05,,
train_step,112,3,5220,1705,1.6526494026184082,1.9234180847803752,,,,2.3566286424754422e-05,,
train_step,112,4,5221,1706,2.2659249305725098,2.009044796228409,,,,2.35578724790201e-05,,
train_step,112,5,5222,1706,2.5952444076538086,2.1262847185134888,,,,2.35578724790201e-05,,
train_step,112,6,5223,1707,2.4376375675201416,2.1781768600145974,,,,2.3549454605976623e-05,,
train_step,112,7,5224,1707,2.357991933822632,2.20386472770146,,,,2.3549454605976623e-05,,
train_step,112,8,5225,1708,2.157257080078125,2.198038771748543,,,,2.3541032809726758e-05,,
train_step,112,9,5226,1708,2.1597061157226562,2.1937795877456665,,,,2.3541032809726758e-05,,
train_step,112,10,5227,1709,2.4636390209198,2.22076553106308,,,,2.3532607094375183e-05,,
train_step,112,11,5228,1709,2.3682913780212402,2.2341769716956397,,,,2.3532607094375183e-05,,
train_step,112,12,5229,1710,2.575530529022217,2.2626231014728546,,,,2.352417746402849e-05,,
train_step,112,13,5230,1710,2.087921619415283,2.2491845259299645,,,,2.352417746402849e-05,,
train_step,112,14,5231,1711,2.266641855239868,2.250431478023529,,,,2.3515743922795183e-05,,
train_step,112,15,5232,1711,1.971744418144226,2.231852340698242,,,,2.3515743922795183e-05,,
train_step,112,16,5233,1712,1.9556684494018555,2.214590847492218,,,,2.350730647478566e-05,,
train_step,112,17,5234,1712,2.2445385456085205,2.216352476793177,,,,2.350730647478566e-05,,
train_step,112,18,5235,1713,1.868077278137207,2.197003854645623,,,,2.3498865124112242e-05,,
train_step,112,19,5236,1713,2.4294397830963135,2.2092373245640804,,,,2.3498865124112242e-05,,
train_step,112,20,5237,1714,2.7934539318084717,2.2384481549263002,,,,2.3490419874889127e-05,,
train_step,112,21,5238,1714,2.3068768978118896,2.2417066664922807,,,,2.3490419874889127e-05,,
train_step,112,22,5239,1715,1.5222797393798828,2.209005442532626,,,,2.3481970731232438e-05,,
train_step,112,23,5240,1715,2.1931703090667725,2.208316958468893,,,,2.3481970731232438e-05,,
train_step,112,24,5241,1716,2.550112724304199,2.222558448712031,,,,2.347351769726018e-05,,
train_step,112,25,5242,1716,2.1880996227264404,2.2211800956726075,,,,2.347351769726018e-05,,
train_step,112,26,5243,1717,2.375108242034912,2.2271004089942346,,,,2.3465060777092255e-05,,
train_step,112,27,5244,1717,2.3008837699890137,2.2298331260681152,,,,2.3465060777092255e-05,,
train_step,112,28,5245,1718,2.3434674739837646,2.233891495636531,,,,2.3456599974850475e-05,,
train_step,112,29,5246,1718,1.8296644687652588,2.21995263264097,,,,2.3456599974850475e-05,,
train_step,112,30,5247,1719,1.826364517211914,2.206833028793335,,,,2.344813529465852e-05,,
train_step,112,31,5248,1719,2.576385736465454,2.2187540838795323,,,,2.344813529465852e-05,,
train_step,112,32,5249,1720,2.1393914222717285,2.2162740007042885,,,,2.343966674064198e-05,,
train_step,112,33,5250,1720,2.1897432804107666,2.2154700394832725,,,,2.343966674064198e-05,,
train_step,112,34,5251,1721,1.6792205572128296,2.199697995887083,,,,2.343119431692832e-05,,
train_step,112,35,5252,1721,2.1683554649353027,2.1988024950027465,,,,2.343119431692832e-05,,
train_step,112,36,5253,1722,2.0064492225646973,2.193459348546134,,,,2.3422718027646902e-05,,
train_step,112,37,5254,1722,2.26361083984375,2.195355334797421,,,,2.3422718027646902e-05,,
train_step,112,38,5255,1723,2.1130335330963135,2.1931889715947603,,,,2.3414237876928963e-05,,
train_step,112,39,5256,1723,1.9752367734909058,2.1876004536946616,,,,2.3414237876928963e-05,,
train_step,112,40,5257,1724,2.284829616546631,2.190031182765961,,,,2.3405753868907628e-05,,
train_step,112,41,5258,1724,3.021010398864746,2.2102989685244676,,,,2.3405753868907628e-05,,
train_step,112,42,5259,1725,1.8182557821273804,2.2009646069435846,,,,2.3397266007717894e-05,,
train_step,112,43,5260,1725,2.0627925395965576,2.1977513030517932,,,,2.3397266007717894e-05,,
train_step,112,44,5261,1726,1.922624111175537,2.191498412327333,,,,2.3388774297496644e-05,,
train_step,112,45,5262,1726,2.1483564376831055,2.1905397017796835,,,,2.3388774297496644e-05,,
train_step,112,46,5263,1727,1.913569688796997,2.1845186145409294,,,,2.338027874238264e-05,,
train_step,112,47,5264,1728,1.9573416709899902,2.179685062550484,,,,2.3371779346516504e-05,,
epoch_summary,112,47,5264,1728,,,2.179685062550484,nan,nan,2.3371779346516504e-05,9.23427438735962,0.21612232079767607
train_step,113,1,5265,1728,2.14451003074646,2.14451003074646,,,,2.3371779346516504e-05,,
train_step,113,2,5266,1729,2.3068807125091553,2.2256953716278076,,,,2.3363276114040743e-05,,
train_step,113,3,5267,1729,1.8478281497955322,2.0997396310170493,,,,2.3363276114040743e-05,,
train_step,113,4,5268,1730,2.088948965072632,2.097041964530945,,,,2.335476904909973e-05,,
train_step,113,5,5269,1730,1.9051803350448608,2.058669638633728,,,,2.335476904909973e-05,,
train_step,113,6,5270,1731,2.4293015003204346,2.1204416155815125,,,,2.33462581558397e-05,,
train_step,113,7,5271,1731,2.4979562759399414,2.174372281347002,,,,2.33462581558397e-05,,
train_step,113,8,5272,1732,2.054762840270996,2.1594211012125015,,,,2.3337743438408762e-05,,
train_step,113,9,5273,1732,2.3287386894226074,2.17823416656918,,,,2.3337743438408762e-05,,
train_step,113,10,5274,1733,2.4624953269958496,2.206660282611847,,,,2.3329224900956893e-05,,
train_step,113,11,5275,1733,2.0028600692749023,2.1881329904903066,,,,2.3329224900956893e-05,,
train_step,113,12,5276,1734,2.0778961181640625,2.1789465844631195,,,,2.3320702547635912e-05,,
train_step,113,13,5277,1734,2.5917038917541504,2.2106971465624294,,,,2.3320702547635912e-05,,
train_step,113,14,5278,1735,2.2705864906311035,2.214974956853049,,,,2.3312176382599515e-05,,
train_step,113,15,5279,1735,2.309776544570923,2.2212950627009076,,,,2.3312176382599515e-05,,
train_step,113,16,5280,1736,1.9749925136566162,2.205901153385639,,,,2.3303646410003253e-05,,
train_step,113,17,5281,1736,2.271253824234009,2.2097454281414257,,,,2.3303646410003253e-05,,
train_step,113,18,5282,1737,2.4052000045776367,2.2206040157212152,,,,2.3295112634004533e-05,,
train_step,113,19,5283,1737,1.8563287258148193,2.201431632041931,,,,2.3295112634004533e-05,,
train_step,113,20,5284,1738,2.2549664974212646,2.2041083753108976,,,,2.3286575058762612e-05,,
train_step,113,21,5285,1738,2.413785457611084,2.2140929982775734,,,,2.3286575058762612e-05,,
train_step,113,22,5286,1739,2.2053167819976807,2.21369407935576,,,,2.3278033688438598e-05,,
train_step,113,23,5287,1739,2.1261396408081055,2.209887364636297,,,,2.3278033688438598e-05,,
train_step,113,24,5288,1740,2.208998203277588,2.2098503162463508,,,,2.326948852719545e-05,,
train_step,113,25,5289,1740,1.9128634929656982,2.1979708433151246,,,,2.326948852719545e-05,,
train_step,113,26,5290,1741,2.22361421585083,2.1989571268741903,,,,2.326093957919798e-05,,
train_step,113,27,5291,1741,2.0083742141723633,2.191898500477826,,,,2.326093957919798e-05,,
train_step,113,28,5292,1742,2.0995969772338867,2.188602017504828,,,,2.3252386848612843e-05,,
train_step,113,29,5293,1742,2.3658556938171387,2.1947142132397355,,,,2.3252386848612843e-05,,
train_step,113,30,5294,1743,1.4360830783843994,2.1694265087445577,,,,2.3243830339608534e-05,,
train_step,113,31,5295,1743,1.816115379333496,2.1580293755377493,,,,2.3243830339608534e-05,,
train_step,113,32,5296,1744,2.4829728603363037,2.168183859437704,,,,2.323527005635539e-05,,
train_step,113,33,5297,1744,1.9762804508209229,2.162368604631135,,,,2.323527005635539e-05,,
train_step,113,34,5298,1745,2.7447054386138916,2.1794961585718045,,,,2.3226706003025584e-05,,
train_step,113,35,5299,1745,1.909515380859375,2.1717824220657347,,,,2.3226706003025584e-05,,
train_step,113,36,5300,1746,2.241611957550049,2.1737221313847437,,,,2.3218138183793144e-05,,
train_step,113,37,5301,1746,2.2600979804992676,2.176056613793244,,,,2.3218138183793144e-05,,
train_step,113,38,5302,1747,2.156994342803955,2.1755549750829997,,,,2.320956660283391e-05,,
train_step,113,39,5303,1747,2.102098226547241,2.173671468710288,,,,2.320956660283391e-05,,
train_step,113,40,5304,1748,1.9677863121032715,2.1685243397951126,,,,2.320099126432557e-05,,
train_step,113,41,5305,1748,2.190664291381836,2.169064338614301,,,,2.320099126432557e-05,,
train_step,113,42,5306,1749,2.188870429992676,2.169535912218548,,,,2.3192412172447646e-05,,
train_step,113,43,5307,1749,2.2333080768585205,2.1710189858148263,,,,2.3192412172447646e-05,,
train_step,113,44,5308,1750,1.899479627609253,2.1648476367646996,,,,2.318382933138147e-05,,
train_step,113,45,5309,1750,2.628697633743286,2.175155414475335,,,,2.318382933138147e-05,,
train_step,113,46,5310,1751,1.8708196878433228,2.168539420418117,,,,2.3175242745310233e-05,,
train_step,113,47,5311,1752,2.0256576538085938,2.1654993828306806,,,,2.316665241841891e-05,,
epoch_summary,113,47,5311,1752,,,2.1654993828306806,nan,nan,2.316665241841891e-05,9.119464874267578,0.21612232079767607
train_step,114,1,5312,1752,2.3464622497558594,2.3464622497558594,,,,2.316665241841891e-05,,
train_step,114,2,5313,1753,1.8587782382965088,2.102620244026184,,,,2.315805835489434e-05,,
train_step,114,3,5314,1753,1.9055931568145752,2.036944548288981,,,,2.315805835489434e-05,,
train_step,114,4,5315,1754,2.2578539848327637,2.0921719074249268,,,,2.3149460558925156e-05,,
train_step,114,5,5316,1754,2.0358903408050537,2.080915594100952,,,,2.3149460558925156e-05,,
train_step,114,6,5317,1755,1.8602643013000488,2.044140378634135,,,,2.3140859034701827e-05,,
train_step,114,7,5318,1755,1.877721905708313,2.0203663110733032,,,,2.3140859034701827e-05,,
train_step,114,8,5319,1756,1.976662278175354,2.0149033069610596,,,,2.313225378641662e-05,,
train_step,114,9,5320,1756,2.166529417037964,2.03175065252516,,,,2.313225378641662e-05,,
train_step,114,10,5321,1757,2.325436592102051,2.061119246482849,,,,2.3123644818263643e-05,,
train_step,114,11,5322,1757,2.138197660446167,2.0681263750249688,,,,2.3123644818263643e-05,,
train_step,114,12,5323,1758,2.8243913650512695,2.1311484575271606,,,,2.311503213443879e-05,,
train_step,114,13,5324,1758,2.2368106842041016,2.1392763211176944,,,,2.311503213443879e-05,,
train_step,114,14,5325,1759,2.027103900909424,2.1312640053885326,,,,2.3106415739139778e-05,,
train_step,114,15,5326,1759,1.9484537839889526,2.119076657295227,,,,2.3106415739139778e-05,,
train_step,114,16,5327,1760,2.3316195011138916,2.1323605850338936,,,,2.3097795636566152e-05,,
train_step,114,17,5328,1760,1.9284558296203613,2.120366187656627,,,,2.3097795636566152e-05,,
train_step,114,18,5329,1761,1.9151971340179443,2.1089679068989224,,,,2.3089171830919223e-05,,
train_step,114,19,5330,1761,1.949217438697815,2.1005599875199166,,,,2.3089171830919223e-05,,
train_step,114,20,5331,1762,1.9144818782806396,2.091256082057953,,,,2.3080544326402134e-05,,
train_step,114,21,5332,1762,2.1754355430603027,2.0952646278199696,,,,2.3080544326402134e-05,,
train_step,114,22,5333,1763,2.2942404747009277,2.104308984496377,,,,2.3071913127219836e-05,,
train_step,114,23,5334,1763,1.8218861818313599,2.0920297322065933,,,,2.3071913127219836e-05,,
train_step,114,24,5335,1764,2.2446117401123047,2.0983873158693314,,,,2.3063278237579064e-05,,
train_step,114,25,5336,1764,1.990079402923584,2.0940549993515014,,,,2.3063278237579064e-05,,
train_step,114,26,5337,1765,2.102539539337158,2.094381327812488,,,,2.305463966168836e-05,,
train_step,114,27,5338,1765,2.115814685821533,2.0951751558868974,,,,2.305463966168836e-05,,
train_step,114,28,5339,1766,2.2952232360839844,2.1023197301796506,,,,2.3045997403758056e-05,,
train_step,114,29,5340,1766,2.4940078258514404,2.1158262162372985,,,,2.3045997403758056e-05,,
train_step,114,30,5341,1767,1.8245129585266113,2.1061157743136087,,,,2.3037351468000286e-05,,
train_step,114,31,5342,1767,2.3599915504455566,2.1143053154791556,,,,2.3037351468000286e-05,,
train_step,114,32,5343,1768,1.9813165664672852,2.1101494170725346,,,,2.3028701858628982e-05,,
train_step,114,33,5344,1768,2.1139986515045166,2.1102660605401704,,,,2.3028701858628982e-05,,
train_step,114,34,5345,1769,2.086982250213623,2.1095812425893894,,,,2.3020048579859844e-05,,
train_step,114,35,5346,1769,2.014420986175537,2.1068623781204225,,,,2.3020048579859844e-05,,
train_step,114,36,5347,1770,2.2234694957733154,2.1101014647218914,,,,2.301139163591039e-05,,
train_step,114,37,5348,1770,2.5598154067993164,2.122255895588849,,,,2.301139163591039e-05,,
train_step,114,38,5349,1771,2.5732312202453613,2.134123667290336,,,,2.30027310309999e-05,,
train_step,114,39,5350,1771,2.193787097930908,2.1356534988452225,,,,2.30027310309999e-05,,
train_step,114,40,5351,1772,1.9941043853759766,2.1321147710084913,,,,2.2994066769349446e-05,,
train_step,114,41,5352,1772,1.982279896736145,2.128460261879898,,,,2.2994066769349446e-05,,
train_step,114,42,5353,1773,2.235280990600586,2.1310036125637235,,,,2.298539885518189e-05,,
train_step,114,43,5354,1773,2.0288820266723633,2.128628691961599,,,,2.298539885518189e-05,,
train_step,114,44,5355,1774,2.3820998668670654,2.1343894004821777,,,,2.2976727292721868e-05,,
train_step,114,45,5356,1774,2.12103533744812,2.1340926435258654,,,,2.2976727292721868e-05,,
train_step,114,46,5357,1775,2.636141061782837,2.14500673957493,,,,2.2968052086195787e-05,,
train_step,114,47,5358,1776,2.3726513385772705,2.1498502416813627,,,,2.2959373239831845e-05,,
epoch_summary,114,47,5358,1776,,,2.1498502416813627,nan,nan,2.2959373239831845e-05,9.32691216468811,0.21612232079767607
train_step,115,1,5359,1776,2.646669387817383,2.646669387817383,,,,2.2959373239831845e-05,,
train_step,115,2,5360,1777,1.9548287391662598,2.3007490634918213,,,,2.2950690757860005e-05,,
train_step,115,3,5361,1777,2.0544753074645996,2.2186578114827475,,,,2.2950690757860005e-05,,
train_step,115,4,5362,1778,2.3462204933166504,2.250548481941223,,,,2.2942004644511997e-05,,
train_step,115,5,5363,1778,1.519411563873291,2.104321098327637,,,,2.2942004644511997e-05,,
train_step,115,6,5364,1779,1.9776151180267334,2.083203434944153,,,,2.2933314904021335e-05,,
train_step,115,7,5365,1779,1.7125681638717651,2.030255539076669,,,,2.2933314904021335e-05,,
train_step,115,8,5366,1780,2.066470146179199,2.034782364964485,,,,2.2924621540623286e-05,,
train_step,115,9,5367,1780,2.014554262161255,2.0325347979863486,,,,2.2924621540623286e-05,,
train_step,115,10,5368,1781,2.176945447921753,2.046975862979889,,,,2.29159245585549e-05,,
train_step,115,11,5369,1781,2.1024980545043945,2.052023334936662,,,,2.29159245585549e-05,,
train_step,115,12,5370,1782,2.343902111053467,2.0763465662797294,,,,2.290722396205497e-05,,
train_step,115,13,5371,1782,2.3918938636779785,2.1006194353103638,,,,2.290722396205497e-05,,
train_step,115,14,5372,1783,2.197899341583252,2.1075680000441417,,,,2.2898519755364067e-05,,
train_step,115,15,5373,1783,2.314676284790039,2.1213752190272013,,,,2.2898519755364067e-05,,
train_step,115,16,5374,1784,2.5343213081359863,2.1471843495965004,,,,2.2889811942724508e-05,,
train_step,115,17,5375,1784,1.9601218700408936,2.1361806743285237,,,,2.2889811942724508e-05,,
train_step,115,18,5376,1785,2.469959020614624,2.1547239157888622,,,,2.2881100528380386e-05,,
train_step,115,19,5377,1785,2.068679094314575,2.1501952409744263,,,,2.2881100528380386e-05,,
train_step,115,20,5378,1786,1.924957513809204,2.138933354616165,,,,2.287238551657753e-05,,
train_step,115,21,5379,1786,2.2978568077087402,2.146501138096764,,,,2.287238551657753e-05,,
train_step,115,22,5380,1787,2.4267685413360596,2.159240565516732,,,,2.2863666911563535e-05,,
train_step,115,23,5381,1787,1.850886344909668,2.1458338602729468,,,,2.2863666911563535e-05,,
train_step,115,24,5382,1788,1.8397011756896973,2.1330783317486444,,,,2.2854944717587743e-05,,
train_step,115,25,5383,1788,2.2595672607421875,2.1381378889083864,,,,2.2854944717587743e-05,,
train_step,115,26,5384,1789,2.572035789489746,2.154826269699977,,,,2.2846218938901244e-05,,
train_step,115,27,5385,1789,2.4594264030456543,2.166107756120187,,,,2.2846218938901244e-05,,
train_step,115,28,5386,1790,2.1578683853149414,2.1658134928771426,,,,2.2837489579756874e-05,,
train_step,115,29,5387,1790,1.7837574481964111,2.1526391465088417,,,,2.2837489579756874e-05,,
train_step,115,30,5388,1791,2.4132933616638184,2.161327620347341,,,,2.282875664440923e-05,,
train_step,115,31,5389,1791,2.2866461277008057,2.165370152842614,,,,2.282875664440923e-05,,
train_step,115,32,5390,1792,2.411501884460449,2.1730617694556713,,,,2.2820020137114617e-05,,
train_step,115,33,5391,1792,1.9842183589935303,2.1673392418659096,,,,2.2820020137114617e-05,,
train_step,115,34,5392,1793,2.5519158840179443,2.1786503195762634,,,,2.281128006213112e-05,,
train_step,115,35,5393,1793,2.002706289291382,2.1736233472824096,,,,2.281128006213112e-05,,
train_step,115,36,5394,1794,1.7684720754623413,2.162369145287408,,,,2.2802536423718534e-05,,
train_step,115,37,5395,1794,2.1614737510681152,2.162344945443643,,,,2.2802536423718534e-05,,
train_step,115,38,5396,1795,2.166651487350464,2.1624582754938224,,,,2.2793789226138412e-05,,
train_step,115,39,5397,1795,1.9402339458465576,2.1567602157592773,,,,2.2793789226138412e-05,,
train_step,115,40,5398,1796,2.1006999015808105,2.1553587079048158,,,,2.278503847365402e-05,,
train_step,115,41,5399,1796,2.123300552368164,2.1545768016722144,,,,2.278503847365402e-05,,
train_step,115,42,5400,1797,1.705625295639038,2.143887480099996,,,,2.2776284170530382e-05,,
train_step,115,43,5401,1797,2.2583396434783936,2.146549158318098,,,,2.2776284170530382e-05,,
train_step,115,44,5402,1798,1.9472708702087402,2.142020106315613,,,,2.276752632103423e-05,,
train_step,115,45,5403,1798,2.3531479835510254,2.146711836920844,,,,2.276752632103423e-05,,
train_step,115,46,5404,1799,2.160433292388916,2.1470101294310195,,,,2.2758764929434038e-05,,
train_step,115,47,5405,1800,1.960188627243042,2.143035203852552,,,,2.275e-05,,
epoch_summary,115,47,5405,1800,,,2.143035203852552,nan,nan,2.275e-05,9.177506685256958,0.21612232079767607
train_step,116,1,5406,1800,1.783818244934082,1.783818244934082,,,,2.275e-05,,
train_step,116,2,5407,1801,2.2338790893554688,2.0088486671447754,,,,2.2741231537004038e-05,,
train_step,116,3,5408,1801,2.3660755157470703,2.1279242833455405,,,,2.2741231537004038e-05,,
train_step,116,4,5409,1802,1.8873107433319092,2.0677708983421326,,,,2.2732459544719788e-05,,
train_step,116,5,5410,1802,2.35122013092041,2.124460744857788,,,,2.2732459544719788e-05,,
train_step,116,6,5411,1803,2.1282799243927,2.1250972747802734,,,,2.2723684027422617e-05,,
train_step,116,7,5412,1803,2.663057327270508,2.201948710850307,,,,2.2723684027422617e-05,,
train_step,116,8,5413,1804,2.242539644241333,2.207022577524185,,,,2.2714904989389607e-05,,
train_step,116,9,5414,1804,2.425239324569702,2.231268882751465,,,,2.2714904989389607e-05,,
train_step,116,10,5415,1805,2.4814701080322266,2.256289005279541,,,,2.2706122434899556e-05,,
train_step,116,11,5416,1805,2.1717991828918457,2.248608112335205,,,,2.2706122434899556e-05,,
train_step,116,12,5417,1806,1.975106954574585,2.2258163491884866,,,,2.2697336368232966e-05,,
train_step,116,13,5418,1806,2.3772530555725098,2.2374653266026425,,,,2.2697336368232966e-05,,
train_step,116,14,5419,1807,2.2446515560150146,2.237978628703526,,,,2.2688546793672064e-05,,
train_step,116,15,5420,1807,2.041513204574585,2.2248809337615967,,,,2.2688546793672064e-05,,
train_step,116,16,5421,1808,1.9435937404632568,2.2073004841804504,,,,2.2679753715500783e-05,,
train_step,116,17,5422,1808,1.936282753944397,2.1913582647548004,,,,2.2679753715500783e-05,,
train_step,116,18,5423,1809,2.26406192779541,2.195397357145945,,,,2.2670957138004767e-05,,
train_step,116,19,5424,1809,2.1573665142059326,2.193395733833313,,,,2.2670957138004767e-05,,
train_step,116,20,5425,1810,2.0824270248413086,2.187847298383713,,,,2.266215706547135e-05,,
train_step,116,21,5426,1810,2.034893035888672,2.180563762074425,,,,2.266215706547135e-05,,
train_step,116,22,5427,1811,2.1678762435913086,2.179987056688829,,,,2.2653353502189585e-05,,
train_step,116,23,5428,1811,2.344727039337158,2.1871496646300606,,,,2.2653353502189585e-05,,
train_step,116,24,5429,1812,2.2551841735839844,2.189984435836474,,,,2.2644546452450227e-05,,
train_step,116,25,5430,1812,2.2150204181671143,2.1909858751297,,,,2.2644546452450227e-05,,
train_step,116,26,5431,1813,1.765622615814209,2.1746257497714114,,,,2.263573592054572e-05,,
train_step,116,27,5432,1813,1.895082950592041,2.1642723127647683,,,,2.263573592054572e-05,,
train_step,116,28,5433,1814,2.1269373893737793,2.1629389226436615,,,,2.262692191077021e-05,,
train_step,116,29,5434,1814,2.135843515396118,2.162004598255815,,,,2.262692191077021e-05,,
train_step,116,30,5435,1815,2.094247579574585,2.1597460309664407,,,,2.2618104427419544e-05,,
train_step,116,31,5436,1815,1.6558330059051514,2.143490772093496,,,,2.2618104427419544e-05,,
train_step,116,32,5437,1816,2.1196138858795166,2.142744619399309,,,,2.2609283474791244e-05,,
train_step,116,33,5438,1816,2.417357921600342,2.1510662346175224,,,,2.2609283474791244e-05,,
train_step,116,34,5439,1817,2.197645664215088,2.15243621784098,,,,2.2600459057184552e-05,,
train_step,116,35,5440,1817,1.705526351928711,2.139667364529201,,,,2.2600459057184552e-05,,
train_step,116,36,5441,1818,2.657212734222412,2.1540436247984567,,,,2.259163117890037e-05,,
train_step,116,37,5442,1818,1.9953148365020752,2.1497536575472034,,,,2.259163117890037e-05,,
train_step,116,38,5443,1819,1.9739229679107666,2.145126534135718,,,,2.2582799844241297e-05,,
train_step,116,39,5444,1819,2.074474334716797,2.143314939278823,,,,2.2582799844241297e-05,,
train_step,116,40,5445,1820,1.9842119216918945,2.1393373638391493,,,,2.2573965057511625e-05,,
train_step,116,41,5446,1820,1.7051141262054443,2.128746553165157,,,,2.2573965057511625e-05,,
train_step,116,42,5447,1821,2.2538225650787354,2.131724553448813,,,,2.256512682301732e-05,,
train_step,116,43,5448,1821,2.1655125617980957,2.132510321084843,,,,2.256512682301732e-05,,
train_step,116,44,5449,1822,2.2381978034973145,2.13491230932149,,,,2.2556285145066032e-05,,
train_step,116,45,5450,1822,1.7881709337234497,2.1272069454193114,,,,2.2556285145066032e-05,,
train_step,116,46,5451,1823,2.3637843132019043,2.132349931675455,,,,2.254744002796708e-05,,
train_step,116,47,5452,1824,1.891989827156067,2.1272358868984464,,,,2.2538591476031473e-05,,
epoch_summary,116,47,5452,1824,,,2.1272358868984464,nan,nan,2.2538591476031473e-05,9.333676815032959,0.21612232079767607
train_step,117,1,5453,1824,1.820042371749878,1.820042371749878,,,,2.2538591476031473e-05,,
train_step,117,2,5454,1825,2.224480152130127,2.0222612619400024,,,,2.252973949357189e-05,,
train_step,117,3,5455,1825,2.422947883605957,2.1558234691619873,,,,2.252973949357189e-05,,
train_step,117,4,5456,1826,2.209113121032715,2.169145882129669,,,,2.2520884084902672e-05,,
train_step,117,5,5457,1826,1.7705589532852173,2.089428496360779,,,,2.2520884084902672e-05,,
train_step,117,6,5458,1827,2.0301060676574707,2.0795414249102273,,,,2.2512025254339842e-05,,
train_step,117,7,5459,1827,2.298578977584839,2.1108325038637434,,,,2.2512025254339842e-05,,
train_step,117,8,5460,1828,1.8976171016693115,2.0841805785894394,,,,2.2503163006201085e-05,,
train_step,117,9,5461,1828,1.6894294023513794,2.0403193367852106,,,,2.2503163006201085e-05,,
train_step,117,10,5462,1829,2.037860870361328,2.0400734901428224,,,,2.249429734480576e-05,,
train_step,117,11,5463,1829,1.9917608499526978,2.03568143194372,,,,2.249429734480576e-05,,
train_step,117,12,5464,1830,1.9846601486206055,2.0314296583334603,,,,2.248542827447487e-05,,
train_step,117,13,5465,1830,2.2418508529663086,2.0476159040744486,,,,2.248542827447487e-05,,
train_step,117,14,5466,1831,2.1151528358459473,2.052439970629556,,,,2.2476555799531107e-05,,
train_step,117,15,5467,1831,2.5607001781463623,2.0863239844640096,,,,2.2476555799531107e-05,,
train_step,117,16,5468,1832,2.2135024070739746,2.0942726358771324,,,,2.2467679924298792e-05,,
train_step,117,17,5469,1832,2.3212060928344727,2.107621662756976,,,,2.2467679924298792e-05,,
train_step,117,18,5470,1833,2.0078465938568115,2.1020786033736334,,,,2.245880065310393e-05,,
train_step,117,19,5471,1833,2.0376944541931152,2.09868996394308,,,,2.245880065310393e-05,,
train_step,117,20,5472,1834,1.7632992267608643,2.0819204270839693,,,,2.2449917990274164e-05,,
train_step,117,21,5473,1834,2.2284488677978516,2.0888979718798684,,,,2.2449917990274164e-05,,
train_step,117,22,5474,1835,2.1958932876586914,2.09376139532436,,,,2.24410319401388e-05,,
train_step,117,23,5475,1835,2.265887498855591,2.101245138956153,,,,2.24410319401388e-05,,
train_step,117,24,5476,1836,1.7508432865142822,2.086645061771075,,,,2.243214250702879e-05,,
train_step,117,25,5477,1836,2.160017251968384,2.089579949378967,,,,2.243214250702879e-05,,
train_step,117,26,5478,1837,2.1610941886901855,2.0923304970447836,,,,2.242324969527673e-05,,
train_step,117,27,5479,1837,2.2458255290985107,2.0980154982319585,,,,2.242324969527673e-05,,
train_step,117,28,5480,1838,1.9777038097381592,2.093718652214323,,,,2.2414353509216873e-05,,
train_step,117,29,5481,1838,2.295091152191162,2.100662531523869,,,,2.2414353509216873e-05,,
train_step,117,30,5482,1839,2.086599826812744,2.100193774700165,,,,2.2405453953185118e-05,,
train_step,117,31,5483,1839,1.8357276916503906,2.0916626107308174,,,,2.2405453953185118e-05,,
train_step,117,32,5484,1840,2.0836503505706787,2.091412227600813,,,,2.2396551031518995e-05,,
train_step,117,33,5485,1840,2.0110273361206055,2.0889763217983823,,,,2.2396551031518995e-05,,
train_step,117,34,5486,1841,2.1480000019073486,2.0907123123898224,,,,2.2387644748557672e-05,,
train_step,117,35,5487,1841,2.110551357269287,2.0912791422435215,,,,2.2387644748557672e-05,,
train_step,117,36,5488,1842,2.1963043212890625,2.0941965083281198,,,,2.2378735108641973e-05,,
train_step,117,37,5489,1842,2.2535130977630615,2.0985023620966317,,,,2.2378735108641973e-05,,
train_step,117,38,5490,1843,2.273782730102539,2.103115003359945,,,,2.236982211611435e-05,,
train_step,117,39,5491,1843,2.100304126739502,2.1030429296004467,,,,2.236982211611435e-05,,
train_step,117,40,5492,1844,2.2552695274353027,2.1068485945463182,,,,2.236090577531888e-05,,
train_step,117,41,5493,1844,2.4671154022216797,2.115635589855473,,,,2.236090577531888e-05,,
train_step,117,42,5494,1845,2.181558609008789,2.1172051855496,,,,2.2351986090601284e-05,,
train_step,117,43,5495,1845,2.1480276584625244,2.117921987245249,,,,2.2351986090601284e-05,,
train_step,117,44,5496,1846,2.5080738067626953,2.1267890740524638,,,,2.234306306630891e-05,,
train_step,117,45,5497,1846,1.8065412044525146,2.1196724547280206,,,,2.234306306630891e-05,,
train_step,117,46,5498,1847,2.1213860511779785,2.1197097068247586,,,,2.2334136706790717e-05,,
train_step,117,47,5499,1848,2.1180639266967773,2.119674690226291,,,,2.2325207016397325e-05,,
epoch_summary,117,47,5499,1848,,,2.119674690226291,nan,nan,2.2325207016397325e-05,9.254773139953613,0.21612232079767607
train_step,118,1,5500,1848,1.8972864151000977,1.8972864151000977,,,,2.2325207016397325e-05,,
train_step,118,2,5501,1849,1.7077248096466064,1.802505612373352,,,,2.2316273999480942e-05,,
train_step,118,3,5502,1849,2.227797031402588,1.9442694187164307,,,,2.2316273999480942e-05,,
train_step,118,4,5503,1850,2.122140884399414,1.9887372851371765,,,,2.2307337660395418e-05,,
train_step,118,5,5504,1850,2.275831699371338,2.046156167984009,,,,2.2307337660395418e-05,,
train_step,118,6,5505,1851,1.9403597116470337,2.0285234252611795,,,,2.2298398003496214e-05,,
train_step,118,7,5506,1851,2.208721160888672,2.05426595892225,,,,2.2298398003496214e-05,,
train_step,118,8,5507,1852,2.1121764183044434,2.061504766345024,,,,2.228945503314041e-05,,
train_step,118,9,5508,1852,2.2588393688201904,2.0834308332867093,,,,2.228945503314041e-05,,
train_step,118,10,5509,1853,1.9771978855133057,2.0728075385093687,,,,2.2280508753686708e-05,,
train_step,118,11,5510,1853,2.483858346939087,2.1101757938211616,,,,2.2280508753686708e-05,,
train_step,118,12,5511,1854,2.8267464637756348,2.1698900163173676,,,,2.2271559169495406e-05,,
train_step,118,13,5512,1854,2.073734998703003,2.162493476500878,,,,2.2271559169495406e-05,,
train_step,118,14,5513,1855,2.394137382507324,2.1790394697870528,,,,2.2262606284928425e-05,,
train_step,118,15,5514,1855,2.1835272312164307,2.1793386538823447,,,,2.2262606284928425e-05,,
train_step,118,16,5515,1856,1.7610970735549927,2.153198555111885,,,,2.2253650104349292e-05,,
train_step,118,17,5516,1856,1.775086760520935,2.1309566848418293,,,,2.2253650104349292e-05,,
train_step,118,18,5517,1857,2.2314090728759766,2.1365373730659485,,,,2.2244690632123148e-05,,
train_step,118,19,5518,1857,1.9518444538116455,2.1268166931051957,,,,2.2244690632123148e-05,,
train_step,118,20,5519,1858,1.6923911571502686,2.1050954163074493,,,,2.2235727872616725e-05,,
train_step,118,21,5520,1858,2.1252126693725586,2.1060533807391213,,,,2.2235727872616725e-05,,
train_step,118,22,5521,1859,2.1049304008483887,2.1060023361986335,,,,2.2226761830198356e-05,,
train_step,118,23,5522,1859,2.2333953380584717,2.1115411623664526,,,,2.2226761830198356e-05,,
train_step,118,24,5523,1860,1.818729281425476,2.0993406673272452,,,,2.2217792509237998e-05,,
train_step,118,25,5524,1860,1.9034144878387451,2.091503620147705,,,,2.2217792509237998e-05,,
train_step,118,26,5525,1861,2.0111660957336426,2.088413715362549,,,,2.220881991410717e-05,,
train_step,118,27,5526,1861,2.470046043395996,2.1025482460304543,,,,2.220881991410717e-05,,
train_step,118,28,5527,1862,1.9993058443069458,2.0988610173974718,,,,2.219984404917903e-05,,
train_step,118,29,5528,1862,2.5031514167785645,2.112802065651992,,,,2.219984404917903e-05,,
train_step,118,30,5529,1863,2.2351551055908203,2.11688050031662,,,,2.2190864918828276e-05,,
train_step,118,31,5530,1863,2.06076979637146,2.1150704776087115,,,,2.2190864918828276e-05,,
train_step,118,32,5531,1864,1.8863283395767212,2.107922285795212,,,,2.218188252743125e-05,,
train_step,118,33,5532,1864,2.0086121559143066,2.1049128879200327,,,,2.218188252743125e-05,,
train_step,118,34,5533,1865,1.9541702270507812,2.100479280247408,,,,2.217289687936585e-05,,
train_step,118,35,5534,1865,2.1798226833343506,2.1027462346213204,,,,2.217289687936585e-05,,
train_step,118,36,5535,1866,2.0081400871276855,2.1001182860798306,,,,2.216390797901158e-05,,
train_step,118,37,5536,1866,2.0180883407592773,2.0979012605306266,,,,2.216390797901158e-05,,
train_step,118,38,5537,1867,2.4956040382385254,2.108367123101887,,,,2.2154915830749506e-05,,
train_step,118,39,5538,1867,1.6938328742980957,2.097738039799226,,,,2.2154915830749506e-05,,
train_step,118,40,5539,1868,1.9311234951019287,2.093572676181793,,,,2.21459204389623e-05,,
train_step,118,41,5540,1868,2.3141136169433594,2.098951723517441,,,,2.21459204389623e-05,,
train_step,118,42,5541,1869,1.9271138906478882,2.0948603465443565,,,,2.2136921808034214e-05,,
train_step,118,43,5542,1869,2.255341053009033,2.0985924559970233,,,,2.2136921808034214e-05,,
train_step,118,44,5543,1870,2.021193027496338,2.0968333780765533,,,,2.212791994235107e-05,,
train_step,118,45,5544,1870,1.9927505254745483,2.094520425796509,,,,2.212791994235107e-05,,
train_step,118,46,5545,1871,2.257730007171631,2.098068460174229,,,,2.2118914846300255e-05,,
train_step,118,47,5546,1872,2.2596893310546875,2.1015072021078556,,,,2.2109906524270754e-05,,
epoch_summary,118,47,5546,1872,,,2.1015072021078556,nan,nan,2.2109906524270754e-05,9.339234828948975,0.21612232079767607
train_step,119,1,5547,1872,2.5288772583007812,2.5288772583007812,,,,2.2109906524270754e-05,,
train_step,119,2,5548,1873,2.0929369926452637,2.3109071254730225,,,,2.2100894980653104e-05,,
train_step,119,3,5549,1873,1.7886805534362793,2.136831601460775,,,,2.2100894980653104e-05,,
train_step,119,4,5550,1874,2.255979537963867,2.166618585586548,,,,2.209188021983944e-05,,
train_step,119,5,5551,1874,2.555644989013672,2.2444238662719727,,,,2.209188021983944e-05,,
train_step,119,6,5552,1875,2.2853188514709473,2.2512396971384683,,,,2.208286224622343e-05,,
train_step,119,7,5553,1875,2.3609838485717773,2.2669174330575124,,,,2.208286224622343e-05,,
train_step,119,8,5554,1876,2.283165454864502,2.2689484357833862,,,,2.207384106420033e-05,,
train_step,119,9,5555,1876,2.1175026893615723,2.2521211306254068,,,,2.207384106420033e-05,,
train_step,119,10,5556,1877,2.2902169227600098,2.255930709838867,,,,2.206481667816696e-05,,
train_step,119,11,5557,1877,1.9812582731246948,2.230960488319397,,,,2.206481667816696e-05,,
train_step,119,12,5558,1878,2.392359495162964,2.2444104055563607,,,,2.2055789092521686e-05,,
train_step,119,13,5559,1878,1.818904995918274,2.211679220199585,,,,2.2055789092521686e-05,,
train_step,119,14,5560,1879,2.357715606689453,2.222110390663147,,,,2.2046758311664454e-05,,
train_step,119,15,5561,1879,1.8722975254058838,2.198789532979329,,,,2.2046758311664454e-05,,
train_step,119,16,5562,1880,2.257112979888916,2.2024347484111786,,,,2.2037724339996748e-05,,
train_step,119,17,5563,1880,1.9385523796081543,2.1869122561286476,,,,2.2037724339996748e-05,,
train_step,119,18,5564,1881,1.8191540241241455,2.1664812432395086,,,,2.202868718192162e-05,,
train_step,119,19,5565,1881,2.3438730239868164,2.175817652752525,,,,2.202868718192162e-05,,
train_step,119,20,5566,1882,2.264842987060547,2.180268919467926,,,,2.2019646841843672e-05,,
train_step,119,21,5567,1882,2.0981316566467285,2.176357621238345,,,,2.2019646841843672e-05,,
train_step,119,22,5568,1883,2.105721950531006,2.1731469089334663,,,,2.2010603324169054e-05,,
train_step,119,23,5569,1883,2.163111686706543,2.1727105949236,,,,2.2010603324169054e-05,,
train_step,119,24,5570,1884,2.005286455154419,2.165734589099884,,,,2.2001556633305473e-05,,
train_step,119,25,5571,1884,2.020402193069458,2.159921293258667,,,,2.2001556633305473e-05,,
train_step,119,26,5572,1885,2.1676785945892334,2.1602196510021505,,,,2.199250677366216e-05,,
train_step,119,27,5573,1885,1.972696304321289,2.153274341865822,,,,2.199250677366216e-05,,
train_step,119,28,5574,1886,1.743214726448059,2.138629355600902,,,,2.1983453749649924e-05,,
train_step,119,29,5575,1886,2.2095890045166016,2.141076240046271,,,,2.1983453749649924e-05,,
train_step,119,30,5576,1887,2.197291135787964,2.1429500699043276,,,,2.197439756568109e-05,,
train_step,119,31,5577,1887,1.8513119220733643,2.133542387716232,,,,2.197439756568109e-05,,
train_step,119,32,5578,1888,1.6693775653839111,2.119037237018347,,,,2.1965338226169542e-05,,
train_step,119,33,5579,1888,2.1286725997924805,2.119329217708472,,,,2.1965338226169542e-05,,
train_step,119,34,5580,1889,2.1294467449188232,2.119626792038188,,,,2.1956275735530675e-05,,
train_step,119,35,5581,1889,1.8375914096832275,2.111568638256618,,,,2.1956275735530675e-05,,
train_step,119,36,5582,1890,2.5573883056640625,2.1239525179068246,,,,2.194721009818145e-05,,
train_step,119,37,5583,1890,1.6184704303741455,2.110290839865401,,,,2.194721009818145e-05,,
train_step,119,38,5584,1891,1.9975597858428955,2.107324233180598,,,,2.1938141318540345e-05,,
train_step,119,39,5585,1891,1.8820340633392334,2.1015475621590247,,,,2.1938141318540345e-05,,
train_step,119,40,5586,1892,2.079779863357544,2.101003369688988,,,,2.1929069401027368e-05,,
train_step,119,41,5587,1892,1.9132325649261475,2.0964235939630647,,,,2.1929069401027368e-05,,
train_step,119,42,5588,1893,1.684319019317627,2.0866115802810308,,,,2.1919994350064077e-05,,
train_step,119,43,5589,1893,2.236311912536621,2.090092983356742,,,,2.1919994350064077e-05,,
train_step,119,44,5590,1894,1.9775502681732178,2.0875351943752984,,,,2.1910916170073517e-05,,
train_step,119,45,5591,1894,2.294477939605713,2.0921339220470854,,,,2.1910916170073517e-05,,
train_step,119,46,5592,1895,2.126983165740967,2.0928915143013,,,,2.1901834865480306e-05,,
train_step,119,47,5593,1896,2.2385263442993164,2.0959901277055133,,,,2.1892750440710553e-05,,
epoch_summary,119,47,5593,1896,,,2.0959901277055133,nan,nan,2.1892750440710553e-05,9.043103218078613,0.21612232079767607
train_step,120,1,5594,1896,2.1234982013702393,2.1234982013702393,,,,2.1892750440710553e-05,,
train_step,120,2,5595,1897,2.2202072143554688,2.171852707862854,,,,2.188366290019189e-05,,
train_step,120,3,5596,1897,1.862165093421936,2.068623503049215,,,,2.188366290019189e-05,,
train_step,120,4,5597,1898,1.8009692430496216,2.0017099380493164,,,,2.1874572248353478e-05,,
train_step,120,5,5598,1898,2.0501177310943604,2.0113914966583253,,,,2.1874572248353478e-05,,
train_step,120,6,5599,1899,2.2210845947265625,2.0463403463363647,,,,2.1865478489625995e-05,,
train_step,120,7,5600,1899,2.179414987564087,2.0653510093688965,,,,2.1865478489625995e-05,,
train_step,120,8,5601,1900,2.23469877243042,2.086519479751587,,,,2.1856381628441622e-05,,
train_step,120,9,5602,1900,2.276639699935913,2.1076439486609564,,,,2.1856381628441622e-05,,
train_step,120,10,5603,1901,2.1552348136901855,2.1124030351638794,,,,2.1847281669234065e-05,,
train_step,120,11,5604,1901,2.5039143562316895,2.147994973442771,,,,2.1847281669234065e-05,,
train_step,120,12,5605,1902,1.8506903648376465,2.123219589392344,,,,2.1838178616438528e-05,,
train_step,120,13,5606,1902,2.2431092262268066,2.1324418691488414,,,,2.1838178616438528e-05,,
train_step,120,14,5607,1903,1.9733022451400757,2.121074753148215,,,,2.1829072474491734e-05,,
train_step,120,15,5608,1903,1.8395328521728516,2.102305293083191,,,,2.1829072474491734e-05,,
train_step,120,16,5609,1904,2.124856948852539,2.103714771568775,,,,2.1819963247831896e-05,,
train_step,120,17,5610,1904,1.8220444917678833,2.0871459315804874,,,,2.1819963247831896e-05,,
train_step,120,18,5611,1905,2.032729148864746,2.0841227769851685,,,,2.181085094089875e-05,,
train_step,120,19,5612,1905,1.7605316638946533,2.0670916657698784,,,,2.181085094089875e-05,,
train_step,120,20,5613,1906,2.1200077533721924,2.069737470149994,,,,2.180173555813352e-05,,
train_step,120,21,5614,1906,1.9434927701950073,2.063725817771185,,,,2.180173555813352e-05,,
train_step,120,22,5615,1907,2.1492421627044678,2.0676129243590613,,,,2.1792617103978934e-05,,
train_step,120,23,5616,1907,2.3187875747680664,2.078533561333366,,,,2.1792617103978934e-05,,
train_step,120,24,5617,1908,1.9246256351470947,2.072120731075605,,,,2.1783495582879216e-05,,
train_step,120,25,5618,1908,1.878332495689392,2.0643692016601562,,,,2.1783495582879216e-05,,
train_step,120,26,5619,1909,2.4265904426574707,2.0783007878523607,,,,2.177437099928008e-05,,
train_step,120,27,5620,1909,2.1958279609680176,2.0826536461159035,,,,2.177437099928008e-05,,
train_step,120,28,5621,1910,2.450222969055176,2.0957811219351634,,,,2.1765243357628746e-05,,
train_step,120,29,5622,1910,2.2081685066223145,2.099656548993341,,,,2.1765243357628746e-05,,
train_step,120,30,5623,1911,1.9824161529541016,2.095748535792033,,,,2.1756112662373906e-05,,
train_step,120,31,5624,1911,2.2418081760406494,2.1004601370903755,,,,2.1756112662373906e-05,,
train_step,120,32,5625,1912,2.1042628288269043,2.100578971207142,,,,2.174697891796576e-05,,
train_step,120,33,5626,1912,2.21773099899292,2.104129032655196,,,,2.174697891796576e-05,,
train_step,120,34,5627,1913,1.6801462173461914,2.0916589498519897,,,,2.173784212885597e-05,,
train_step,120,35,5628,1913,2.2217884063720703,2.095376934323992,,,,2.173784212885597e-05,,
train_step,120,36,5629,1914,2.16788387298584,2.097391015953488,,,,2.172870229949771e-05,,
train_step,120,37,5630,1914,1.9825634956359863,2.0942875694584204,,,,2.172870229949771e-05,,
train_step,120,38,5631,1915,1.8422534465789795,2.0876550925405404,,,,2.1719559434345616e-05,,
train_step,120,39,5632,1915,2.3774590492248535,2.0950859632247534,,,,2.1719559434345616e-05,,
train_step,120,40,5633,1916,2.106788158416748,2.0953785181045532,,,,2.171041353785581e-05,,
train_step,120,41,5634,1916,1.5894837379455566,2.0830396210275044,,,,2.171041353785581e-05,,
train_step,120,42,5635,1917,2.128725290298462,2.0841273750577654,,,,2.1701264614485893e-05,,
train_step,120,43,5636,1917,2.0476112365722656,2.083278162534847,,,,2.1701264614485893e-05,,
train_step,120,44,5637,1918,1.974907636642456,2.0808151960372925,,,,2.169211266869493e-05,,
train_step,120,45,5638,1918,2.238809585571289,2.0843261824713815,,,,2.169211266869493e-05,,
train_step,120,46,5639,1919,1.8871428966522217,2.0800395893013994,,,,2.1682957704943483e-05,,
train_step,120,47,5640,1920,2.1655542850494385,2.08185905091306,,,,2.1673799727693553e-05,,
epoch_summary,120,47,5640,1920,,,2.08185905091306,2.0909488882337297,0.3721307385229541,2.1673799727693553e-05,167.9994080066681,0.21612232079767607
train_step,121,1,5641,1920,1.898190975189209,1.898190975189209,,,,2.1673799727693553e-05,,
train_step,121,2,5642,1921,2.2007575035095215,2.0494742393493652,,,,2.1664638741408643e-05,,
train_step,121,3,5643,1921,2.2081093788146973,2.1023526191711426,,,,2.1664638741408643e-05,,
train_step,121,4,5644,1922,1.3970789909362793,1.9260342121124268,,,,2.1655474750553698e-05,,
train_step,121,5,5645,1922,1.993643879890442,1.9395561456680297,,,,2.1655474750553698e-05,,
train_step,121,6,5646,1923,1.9590845108032227,1.942810873190562,,,,2.1646307759595134e-05,,
train_step,121,7,5647,1923,2.516753673553467,2.024802701813834,,,,2.1646307759595134e-05,,
train_step,121,8,5648,1924,2.21077299118042,2.0480489879846573,,,,2.163713777300084e-05,,
train_step,121,9,5649,1924,2.1018362045288086,2.054025345378452,,,,2.163713777300084e-05,,
train_step,121,10,5650,1925,2.048854112625122,2.053508222103119,,,,2.1627964795240144e-05,,
train_step,121,11,5651,1925,1.9124400615692139,2.0406838438727637,,,,2.1627964795240144e-05,,
train_step,121,12,5652,1926,2.189225435256958,2.053062309821447,,,,2.1618788830783854e-05,,
train_step,121,13,5653,1926,1.8993971347808838,2.0412419117414036,,,,2.1618788830783854e-05,,
train_step,121,14,5654,1927,2.0327658653259277,2.0406364798545837,,,,2.1609609884104217e-05,,
train_step,121,15,5655,1927,2.30118465423584,2.0580063581466677,,,,2.1609609884104217e-05,,
train_step,121,16,5656,1928,2.13401460647583,2.06275687366724,,,,2.1600427959674944e-05,,
train_step,121,17,5657,1928,2.4753975868225098,2.087029856794021,,,,2.1600427959674944e-05,,
train_step,121,18,5658,1929,2.0103654861450195,2.0827707250912986,,,,2.1591243061971196e-05,,
train_step,121,19,5659,1929,2.007317066192627,2.078799479886105,,,,2.1591243061971196e-05,,
train_step,121,20,5660,1930,2.0467305183410645,2.077196031808853,,,,2.158205519546957e-05,,
train_step,121,21,5661,1930,1.899082064628601,2.0687144143240794,,,,2.158205519546957e-05,,
train_step,121,22,5662,1931,2.4373254776000977,2.085469462654807,,,,2.1572864364648127e-05,,
train_step,121,23,5663,1931,1.883713722229004,2.076697473940642,,,,2.1572864364648127e-05,,
train_step,121,24,5664,1932,1.995951771736145,2.0733330696821213,,,,2.156367057398637e-05,,
train_step,121,25,5665,1932,2.2726151943206787,2.0813043546676635,,,,2.156367057398637e-05,,
train_step,121,26,5666,1933,2.0611836910247803,2.080530482989091,,,,2.1554473827965244e-05,,
train_step,121,27,5667,1933,1.7885966300964355,2.069718118067141,,,,2.1554473827965244e-05,,
train_step,121,28,5668,1934,1.852776288986206,2.0619701955999648,,,,2.1545274131067118e-05,,
train_step,121,29,5669,1934,1.6648657321929932,2.0482769382411035,,,,2.1545274131067118e-05,,
train_step,121,30,5670,1935,2.6143484115600586,2.0671459873517355,,,,2.1536071487775818e-05,,
train_step,121,31,5671,1935,1.7868025302886963,2.0581026500271213,,,,2.1536071487775818e-05,,
train_step,121,32,5672,1936,2.0010948181152344,2.056321155279875,,,,2.1526865902576604e-05,,
train_step,121,33,5673,1936,1.8984603881835938,2.0515374956708965,,,,2.1526865902576604e-05,,
train_step,121,34,5674,1937,2.082577705383301,2.052450443015379,,,,2.1517657379956166e-05,,
train_step,121,35,5675,1937,2.326066493988037,2.0602680444717407,,,,2.1517657379956166e-05,,
train_step,121,36,5676,1938,2.0300559997558594,2.0594288210074105,,,,2.1508445924402623e-05,,
train_step,121,37,5677,1938,2.150900363922119,2.0619010248699703,,,,2.1508445924402623e-05,,
train_step,121,38,5678,1939,1.848312258720398,2.0562802678660344,,,,2.1499231540405527e-05,,
train_step,121,39,5679,1939,2.1072449684143066,2.05758705505958,,,,2.1499231540405527e-05,,
train_step,121,40,5680,1940,2.047079086303711,2.057324355840683,,,,2.1490014232455857e-05,,
train_step,121,41,5681,1940,1.8960851430892944,2.0533916921150395,,,,2.1490014232455857e-05,,
train_step,121,42,5682,1941,2.24573016166687,2.057971179485321,,,,2.148079400504602e-05,,
train_step,121,43,5683,1941,2.13311767578125,2.0597187724224355,,,,2.148079400504602e-05,,
train_step,121,44,5684,1942,1.9165191650390625,2.0564642358909953,,,,2.1471570862669837e-05,,
train_step,121,45,5685,1942,2.343364715576172,2.0628398021062213,,,,2.1471570862669837e-05,,
train_step,121,46,5686,1943,1.9779736995697021,2.0609948868336887,,,,2.1462344809822563e-05,,
train_step,121,47,5687,1944,2.445733070373535,2.0691808056324086,,,,2.1453115851000857e-05,,
epoch_summary,121,47,5687,1944,,,2.0691808056324086,nan,nan,2.1453115851000857e-05,9.318787097930908,0.21612232079767607
train_step,122,1,5688,1944,1.8988242149353027,1.8988242149353027,,,,2.1453115851000857e-05,,
train_step,122,2,5689,1945,1.7301476001739502,1.8144859075546265,,,,2.1443883990702803e-05,,
train_step,122,3,5690,1945,2.2451071739196777,1.9580263296763103,,,,2.1443883990702803e-05,,
train_step,122,4,5691,1946,2.193296194076538,2.016843795776367,,,,2.1434649233427905e-05,,
train_step,122,5,5692,1946,1.9555814266204834,2.0045913219451905,,,,2.1434649233427905e-05,,
train_step,122,6,5693,1947,2.228267192840576,2.041870633761088,,,,2.1425411583677065e-05,,
train_step,122,7,5694,1947,2.174661159515381,2.0608407088688443,,,,2.1425411583677065e-05,,
train_step,122,8,5695,1948,2.4134864807128906,2.10492143034935,,,,2.14161710459526e-05,,
train_step,122,9,5696,1948,2.1418166160583496,2.1090208954281278,,,,2.14161710459526e-05,,
train_step,122,10,5697,1949,2.117323875427246,2.1098511934280397,,,,2.140692762475823e-05,,
train_step,122,11,5698,1949,1.8289755582809448,2.0843170447783037,,,,2.140692762475823e-05,,
train_step,122,12,5699,1950,2.5541043281555176,2.123465985059738,,,,2.1397681324599107e-05,,
train_step,122,13,5700,1950,1.9229470491409302,2.108041451527522,,,,2.1397681324599107e-05,,
train_step,122,14,5701,1951,2.187769889831543,2.1137363399778093,,,,2.1388432149981743e-05,,
train_step,122,15,5702,1951,1.7370178699493408,2.0886217753092446,,,,2.1388432149981743e-05,,
train_step,122,16,5703,1952,2.061412811279297,2.086921215057373,,,,2.1379180105414086e-05,,
train_step,122,17,5704,1952,2.35469913482666,2.102672857396743,,,,2.1379180105414086e-05,,
train_step,122,18,5705,1953,1.7349226474761963,2.0822422901789346,,,,2.1369925195405465e-05,,
train_step,122,19,5706,1953,1.9056947231292725,2.0729503129657947,,,,2.1369925195405465e-05,,
train_step,122,20,5707,1954,1.8495068550109863,2.0617781400680544,,,,2.136066742446661e-05,,
train_step,122,21,5708,1954,1.9372868537902832,2.0558499835786366,,,,2.136066742446661e-05,,
train_step,122,22,5709,1955,2.027873992919922,2.054578347639604,,,,2.135140679710966e-05,,
train_step,122,23,5710,1955,1.7079999446868896,2.0395097214242686,,,,2.135140679710966e-05,,
train_step,122,24,5711,1956,2.1317028999328613,2.043351103862127,,,,2.134214331784811e-05,,
train_step,122,25,5712,1956,2.38832950592041,2.057150239944458,,,,2.134214331784811e-05,,
train_step,122,26,5713,1957,1.957564353942871,2.0533200135597816,,,,2.1332876991196882e-05,,
train_step,122,27,5714,1957,2.0843605995178223,2.054469664891561,,,,2.1332876991196882e-05,,
train_step,122,28,5715,1958,2.4170820713043213,2.067420107977731,,,,2.1323607821672265e-05,,
train_step,122,29,5716,1958,2.057234287261963,2.0670688727806352,,,,2.1323607821672265e-05,,
train_step,122,30,5717,1959,2.3544137477874756,2.0766470352808635,,,,2.131433581379194e-05,,
train_step,122,31,5718,1959,1.9294893741607666,2.0719000139544086,,,,2.131433581379194e-05,,
train_step,122,32,5719,1960,2.1454267501831055,2.0741977244615555,,,,2.130506097207498e-05,,
train_step,122,33,5720,1960,2.1117944717407227,2.0753370198336514,,,,2.130506097207498e-05,,
train_step,122,34,5721,1961,1.726464867591858,2.065076074179481,,,,2.1295783301041815e-05,,
train_step,122,35,5722,1961,1.88058602809906,2.059804930005755,,,,2.1295783301041815e-05,,
train_step,122,36,5723,1962,2.5676441192626953,2.073911574151781,,,,2.1286502805214283e-05,,
train_step,122,37,5724,1962,2.0824549198150635,2.0741424753859237,,,,2.1286502805214283e-05,,
train_step,122,38,5725,1963,2.0158629417419434,2.072608803447924,,,,2.1277219489115573e-05,,
train_step,122,39,5726,1963,2.105724811553955,2.0734579318608994,,,,2.1277219489115573e-05,,
train_step,122,40,5727,1964,1.8416047096252441,2.0676616013050078,,,,2.1267933357270275e-05,,
train_step,122,41,5728,1964,2.0787229537963867,2.0679313903901635,,,,2.1267933357270275e-05,,
train_step,122,42,5729,1965,1.983168601989746,2.0659132287615822,,,,2.125864441420432e-05,,
train_step,122,43,5730,1965,2.3735404014587402,2.0730673490568647,,,,2.125864441420432e-05,,
train_step,122,44,5731,1966,2.149437427520752,2.0748030326583167,,,,2.1249352664445037e-05,,
train_step,122,45,5732,1966,1.7589269876480103,2.067783564991421,,,,2.1249352664445037e-05,,
train_step,122,46,5733,1967,1.9204422235488892,2.064580492351366,,,,2.124005811252111e-05,,
train_step,122,47,5734,1968,1.9669896364212036,2.0625040911613626,,,,2.123076076296259e-05,,
epoch_summary,122,47,5734,1968,,,2.0625040911613626,nan,nan,2.123076076296259e-05,9.083096981048584,0.21612232079767607
train_step,123,1,5735,1968,1.9597772359848022,1.9597772359848022,,,,2.123076076296259e-05,,
train_step,123,2,5736,1969,2.0197553634643555,1.9897662997245789,,,,2.1221460620300893e-05,,
train_step,123,3,5737,1969,2.207871198654175,2.062467932701111,,,,2.1221460620300893e-05,,
train_step,123,4,5738,1970,2.563694477081299,2.187774568796158,,,,2.1212157689068793e-05,,
train_step,123,5,5739,1970,2.323535919189453,2.214926838874817,,,,2.1212157689068793e-05,,
train_step,123,6,5740,1971,1.595559000968933,2.111698865890503,,,,2.1202851973800426e-05,,
train_step,123,7,5741,1971,1.9172065258026123,2.083914245877947,,,,2.1202851973800426e-05,,
train_step,123,8,5742,1972,1.79094398021698,2.0472929626703262,,,,2.1193543479031288e-05,,
train_step,123,9,5743,1972,1.9179770946502686,2.03292453289032,,,,2.1193543479031288e-05,,
train_step,123,10,5744,1973,2.14760422706604,2.044392502307892,,,,2.1184232209298227e-05,,
train_step,123,11,5745,1973,1.8673959970474243,2.0283019109205767,,,,2.1184232209298227e-05,,
train_step,123,12,5746,1974,1.7715001106262207,2.006901760896047,,,,2.1174918169139437e-05,,
train_step,123,13,5747,1974,1.9214361906051636,2.0003274862582865,,,,2.1174918169139437e-05,,
train_step,123,14,5748,1975,1.6096305847167969,1.972420564719609,,,,2.1165601363094468e-05,,
train_step,123,15,5749,1975,2.0781471729278564,1.9794690052668253,,,,2.1165601363094468e-05,,
train_step,123,16,5750,1976,2.2491021156311035,1.9963210746645927,,,,2.1156281795704225e-05,,
train_step,123,17,5751,1976,1.773041009902954,1.9831869532080257,,,,2.1156281795704225e-05,,
train_step,123,18,5752,1977,2.503479480743408,2.012092093626658,,,,2.114695947151095e-05,,
train_step,123,19,5753,1977,2.573233127593994,2.0416258322565177,,,,2.114695947151095e-05,,
train_step,123,20,5754,1978,2.1758852005004883,2.0483388006687164,,,,2.1137634395058225e-05,,
train_step,123,21,5755,1978,2.4347333908081055,2.0667385430563066,,,,2.1137634395058225e-05,,
train_step,123,22,5756,1979,2.393838405609131,2.0816067186268894,,,,2.1128306570890986e-05,,
train_step,123,23,5757,1979,1.9990705251693726,2.0780181884765625,,,,2.1128306570890986e-05,,
train_step,123,24,5758,1980,2.4901914596557617,2.095192074775696,,,,2.1118976003555492e-05,,
train_step,123,25,5759,1980,2.20151686668396,2.0994450664520263,,,,2.1118976003555492e-05,,
train_step,123,26,5760,1981,2.05196475982666,2.097618900812589,,,,2.1109642697599364e-05,,
train_step,123,27,5761,1981,2.428643226623535,2.1098790610278093,,,,2.1109642697599364e-05,,
train_step,123,28,5762,1982,2.196755886077881,2.1129818047795976,,,,2.110030665757152e-05,,
train_step,123,29,5763,1982,1.995361089706421,2.1089259180529365,,,,2.110030665757152e-05,,
train_step,123,30,5764,1983,1.9141079187393188,2.1024319847424824,,,,2.1090967888022252e-05,,
train_step,123,31,5765,1983,2.1518287658691406,2.104025429294955,,,,2.1090967888022252e-05,,
train_step,123,32,5766,1984,1.7660317420959473,2.0934631265699863,,,,2.1081626393503155e-05,,
train_step,123,33,5767,1984,1.9053208827972412,2.0877618464556607,,,,2.1081626393503155e-05,,
train_step,123,34,5768,1985,1.969437837600708,2.084281728548162,,,,2.107228217856715e-05,,
train_step,123,35,5769,1985,1.759303331375122,2.074996631486075,,,,2.107228217856715e-05,,
train_step,123,36,5770,1986,1.9958817958831787,2.0727989971637726,,,,2.1062935247768518e-05,,
train_step,123,37,5771,1986,2.269660472869873,2.0781195775882617,,,,2.1062935247768518e-05,,
train_step,123,38,5772,1987,2.1444005966186523,2.079863814931167,,,,2.105358560566282e-05,,
train_step,123,39,5773,1987,2.3021037578582764,2.085562275006221,,,,2.105358560566282e-05,,
train_step,123,40,5774,1988,1.9075881242752075,2.0811129212379456,,,,2.104423325680696e-05,,
train_step,123,41,5775,1988,2.086367130279541,2.0812410726779844,,,,2.104423325680696e-05,,
train_step,123,42,5776,1989,1.7060174942016602,2.0723071779523576,,,,2.1034878205759167e-05,,
train_step,123,43,5777,1989,1.950878620147705,2.0694832580034124,,,,2.1034878205759167e-05,,
train_step,123,44,5778,1990,1.517486810684204,2.056937884200703,,,,2.1025520457078977e-05,,
train_step,123,45,5779,1990,2.020047664642334,2.0561181015438503,,,,2.1025520457078977e-05,,
train_step,123,46,5780,1991,1.9364418983459473,2.053516444952592,,,,2.101616001532724e-05,,
train_step,123,47,5781,1992,2.2912003993988037,2.058573550366341,,,,2.100679688506612e-05,,
epoch_summary,123,47,5781,1992,,,2.058573550366341,nan,nan,2.100679688506612e-05,9.160208940505981,0.21612232079767607
train_step,124,1,5782,1992,1.997593879699707,1.997593879699707,,,,2.100679688506612e-05,,
train_step,124,2,5783,1993,1.8232779502868652,1.9104359149932861,,,,2.099743107085909e-05,,
train_step,124,3,5784,1993,1.6210697889328003,1.8139805396397908,,,,2.099743107085909e-05,,
train_step,124,4,5785,1994,1.9446182250976562,1.8466399610042572,,,,2.0988062577270947e-05,,
train_step,124,5,5786,1994,2.345555305480957,1.9464230298995973,,,,2.0988062577270947e-05,,
train_step,124,6,5787,1995,1.803916573524475,1.922671953837077,,,,2.0978691408867776e-05,,
train_step,124,7,5788,1995,1.9436920881271362,1.9256748301642281,,,,2.0978691408867776e-05,,
train_step,124,8,5789,1996,2.163722515106201,1.9554307907819748,,,,2.096931757021696e-05,,
train_step,124,9,5790,1996,2.140073299407959,1.9759466250737507,,,,2.096931757021696e-05,,
train_step,124,10,5791,1997,1.7761965990066528,1.955971622467041,,,,2.095994106588721e-05,,
train_step,124,11,5792,1997,1.6585562229156494,1.92893385887146,,,,2.095994106588721e-05,,
train_step,124,12,5793,1998,2.536240577697754,1.9795427521069844,,,,2.0950561900448507e-05,,
train_step,124,13,5794,1998,1.8802248239517212,1.9719029114796565,,,,2.0950561900448507e-05,,
train_step,124,14,5795,1999,2.0574417114257812,1.9780128257615226,,,,2.0941180078472152e-05,,
train_step,124,15,5796,1999,2.079680919647217,1.9847906986872355,,,,2.0941180078472152e-05,,
train_step,124,16,5797,2000,1.7576172351837158,1.9705923572182655,,,,2.0931795604530726e-05,,
train_step,124,17,5798,2000,2.3111038208007812,1.9906224433113546,,,,2.0931795604530726e-05,,
train_step,124,18,5799,2001,2.090364456176758,1.9961636662483215,,,,2.0922408483198103e-05,,
train_step,124,19,5800,2001,2.082092046737671,2.000686212589866,,,,2.0922408483198103e-05,,
train_step,124,20,5801,2002,2.0623576641082764,2.0037697851657867,,,,2.0913018719049468e-05,,
train_step,124,21,5802,2002,1.8042030334472656,1.9942666065125239,,,,2.0913018719049468e-05,,
train_step,124,22,5803,2003,1.9528639316558838,1.992384666746313,,,,2.090362631666126e-05,,
train_step,124,23,5804,2003,1.8646690845489502,1.9868318153464275,,,,2.090362631666126e-05,,
train_step,124,24,5805,2004,1.929646611213684,1.9844490985075633,,,,2.0894231280611233e-05,,
train_step,124,25,5806,2004,2.101175546646118,1.9891181564331055,,,,2.0894231280611233e-05,,
train_step,124,26,5807,2005,2.349266290664673,2.0029700077497044,,,,2.088483361547841e-05,,
train_step,124,27,5808,2005,2.0896050930023193,2.006178714610912,,,,2.088483361547841e-05,,
train_step,124,28,5809,2006,1.8771653175354004,2.001571093286787,,,,2.087543332584309e-05,,
train_step,124,29,5810,2006,2.1469807624816895,2.006585219810749,,,,2.087543332584309e-05,,
train_step,124,30,5811,2007,2.497868537902832,2.0229613304138185,,,,2.0866030416286877e-05,,
train_step,124,31,5812,2007,2.5870542526245117,2.0411578762915825,,,,2.0866030416286877e-05,,
train_step,124,32,5813,2008,1.5585683584213257,2.026076953858137,,,,2.0856624891392624e-05,,
train_step,124,33,5814,2008,2.120497941970825,2.028938195922158,,,,2.0856624891392624e-05,,
train_step,124,34,5815,2009,2.174018621444702,2.0332052672610565,,,,2.0847216755744472e-05,,
train_step,124,35,5816,2009,1.831755518913269,2.0274495601654055,,,,2.0847216755744472e-05,,
train_step,124,36,5817,2010,1.866292119026184,2.0229729645782046,,,,2.0837806013927833e-05,,
train_step,124,37,5818,2010,1.9085569381713867,2.0198806395401827,,,,2.0837806013927833e-05,,
train_step,124,38,5819,2011,1.9629088640213013,2.018381382289686,,,,2.0828392670529384e-05,,
train_step,124,39,5820,2011,1.964598536491394,2.0170023349615245,,,,2.0828392670529384e-05,,
train_step,124,40,5821,2012,2.0938587188720703,2.018923744559288,,,,2.081897673013708e-05,,
train_step,124,41,5822,2012,2.017376661300659,2.0188860108212725,,,,2.081897673013708e-05,,
train_step,124,42,5823,2013,2.2696852684020996,2.0248574217160544,,,,2.0809558197340133e-05,,
train_step,124,43,5824,2013,2.310804843902588,2.031507361766904,,,,2.0809558197340133e-05,,
train_step,124,44,5825,2014,2.1099934577941895,2.033291136676615,,,,2.080013707672902e-05,,
train_step,124,45,5826,2014,2.0994043350219727,2.0347603188620673,,,,2.080013707672902e-05,,
train_step,124,46,5827,2015,2.1909401416778564,2.038155532401541,,,,2.0790713372895484e-05,,
train_step,124,47,5828,2016,2.6225032806396484,2.0505884632151177,,,,2.0781287090432525e-05,,
epoch_summary,124,47,5828,2016,,,2.0505884632151177,nan,nan,2.0781287090432525e-05,9.132234334945679,0.21612232079767607
train_step,125,1,5829,2016,2.360126495361328,2.360126495361328,,,,2.0781287090432525e-05,,
train_step,125,2,5830,2017,2.07479190826416,2.217459201812744,,,,2.0771858233934395e-05,,
train_step,125,3,5831,2017,1.9422352313995361,2.125717878341675,,,,2.0771858233934395e-05,,
train_step,125,4,5832,2018,1.9012820720672607,2.0696089267730713,,,,2.07624268079966e-05,,
train_step,125,5,5833,2018,2.3758339881896973,2.1308539390563963,,,,2.07624268079966e-05,,
train_step,125,6,5834,2019,1.6650362014770508,2.053217649459839,,,,2.0752992817215914e-05,,
train_step,125,7,5835,2019,1.640012264251709,1.9941883087158203,,,,2.0752992817215914e-05,,
train_step,125,8,5836,2020,2.04803466796875,2.0009191036224365,,,,2.0743556266190338e-05,,
train_step,125,9,5837,2020,2.1302900314331055,2.0152936511569552,,,,2.0743556266190338e-05,,
train_step,125,10,5838,2021,1.4307409524917603,1.9568383812904357,,,,2.0734117159519142e-05,,
train_step,125,11,5839,2021,1.9381413459777832,1.9551386508074673,,,,2.0734117159519142e-05,,
train_step,125,12,5840,2022,2.3399338722229004,1.9872049192587535,,,,2.0724675501802826e-05,,
train_step,125,13,5841,2022,1.8799127340316772,1.978951674241286,,,,2.0724675501802826e-05,,
train_step,125,14,5842,2023,2.2301766872406006,1.9968963180269514,,,,2.071523129764314e-05,,
train_step,125,15,5843,2023,2.124173641204834,2.005381472905477,,,,2.071523129764314e-05,,
train_step,125,16,5844,2024,2.161715507507324,2.0151523500680923,,,,2.0705784551643072e-05,,
train_step,125,17,5845,2024,2.1600184440612793,2.023673885008868,,,,2.0705784551643072e-05,,
train_step,125,18,5846,2025,1.8512176275253296,2.014092981815338,,,,2.069633526840685e-05,,
train_step,125,19,5847,2025,2.461966037750244,2.0376652479171753,,,,2.069633526840685e-05,,
train_step,125,20,5848,2026,1.5255670547485352,2.012060338258743,,,,2.0686883452539956e-05,,
train_step,125,21,5849,2026,2.199941396713257,2.0210070553280057,,,,2.0686883452539956e-05,,
train_step,125,22,5850,2027,2.0160622596740723,2.0207822918891907,,,,2.067742910864907e-05,,
train_step,125,23,5851,2027,2.106858730316162,2.024524745733842,,,,2.067742910864907e-05,,
train_step,125,24,5852,2028,2.3501477241516113,2.038092369834582,,,,2.0667972241342136e-05,,
train_step,125,25,5853,2028,2.0050454139709473,2.0367704916000364,,,,2.0667972241342136e-05,,
train_step,125,26,5854,2029,1.951942801475525,2.0335078881337094,,,,2.065851285522831e-05,,
train_step,125,27,5855,2029,1.6596449613571167,2.0196611130679094,,,,2.065851285522831e-05,,
train_step,125,28,5856,2030,2.127837896347046,2.023524569613593,,,,2.0649050954917987e-05,,
train_step,125,29,5857,2030,2.2249863147735596,2.030471526343247,,,,2.0649050954917987e-05,,
train_step,125,30,5858,2031,1.967963457107544,2.0283879240353904,,,,2.063958654502278e-05,,
train_step,125,31,5859,2031,2.0602731704711914,2.029416480372029,,,,2.063958654502278e-05,,
train_step,125,32,5860,2032,2.0737998485565186,2.0308034606277943,,,,2.0630119630155527e-05,,
train_step,125,33,5861,2032,1.7151579856872559,2.0212384462356567,,,,2.0630119630155527e-05,,
train_step,125,34,5862,2033,2.0471253395080566,2.021999825449551,,,,2.0620650214930288e-05,,
train_step,125,35,5863,2033,2.2032766342163086,2.0271791628428866,,,,2.0620650214930288e-05,,
train_step,125,36,5864,2034,2.0201504230499268,2.02698392007086,,,,2.061117830396234e-05,,
train_step,125,37,5865,2034,1.8463592529296875,2.022102172310288,,,,2.061117830396234e-05,,
train_step,125,38,5866,2035,2.2237234115600586,2.027407994395808,,,,2.0601703901868178e-05,,
train_step,125,39,5867,2035,2.0023951530456543,2.026766639489394,,,,2.0601703901868178e-05,,
train_step,125,40,5868,2036,2.1456751823425293,2.029739353060722,,,,2.059222701326551e-05,,
train_step,125,41,5869,2036,1.891906976699829,2.026377587783627,,,,2.059222701326551e-05,,
train_step,125,42,5870,2037,1.9385247230529785,2.024285852909088,,,,2.0582747642773257e-05,,
train_step,125,43,5871,2037,1.5378437042236328,2.012973244800124,,,,2.0582747642773257e-05,,
train_step,125,44,5872,2038,2.1019234657287598,2.01499484073032,,,,2.057326579501155e-05,,
train_step,125,45,5873,2038,2.032656669616699,2.0153873258166843,,,,2.057326579501155e-05,,
train_step,125,46,5874,2039,2.041764974594116,2.0159607529640198,,,,2.0563781474601724e-05,,
train_step,125,47,5875,2040,2.483022451400757,2.0258982359094824,,,,2.055429468616632e-05,,
epoch_summary,125,47,5875,2040,,,2.0258982359094824,nan,nan,2.055429468616632e-05,8.986019849777222,0.21612232079767607
train_step,126,1,5876,2040,2.86381196975708,2.86381196975708,,,,2.055429468616632e-05,,
train_step,126,2,5877,2041,1.7808592319488525,2.3223356008529663,,,,2.054480543432909e-05,,
train_step,126,3,5878,2041,1.739972710609436,2.128214637438456,,,,2.054480543432909e-05,,
train_step,126,4,5879,2042,1.8275355100631714,2.053044855594635,,,,2.0535313723714974e-05,,
train_step,126,5,5880,2042,1.801295280456543,2.0026949405670167,,,,2.0535313723714974e-05,,
train_step,126,6,5881,2043,2.0367727279663086,2.008374571800232,,,,2.0525819558950128e-05,,
train_step,126,7,5882,2043,1.8046499490737915,1.9792710542678833,,,,2.0525819558950128e-05,,
train_step,126,8,5883,2044,2.01094913482666,1.9832308143377304,,,,2.0516322944661872e-05,,
train_step,126,9,5884,2044,1.9203870296478271,1.9762481715944078,,,,2.0516322944661872e-05,,
train_step,126,10,5885,2045,1.8537185192108154,1.9639952063560486,,,,2.0506823885478754e-05,,
train_step,126,11,5886,2045,1.8574678897857666,1.9543109048496594,,,,2.0506823885478754e-05,,
train_step,126,12,5887,2046,2.4155304431915283,1.9927458663781483,,,,2.0497322386030496e-05,,
train_step,126,13,5888,2046,2.0995566844940186,2.0009620831562924,,,,2.0497322386030496e-05,,
train_step,126,14,5889,2047,2.040071964263916,2.003755646092551,,,,2.0487818450948018e-05,,
train_step,126,15,5890,2047,2.037811756134033,2.00602605342865,,,,2.0487818450948018e-05,,
train_step,126,16,5891,2048,1.8461761474609375,1.9960354343056679,,,,2.0478312084863424e-05,,
train_step,126,17,5892,2048,2.041247844696045,1.998694987858043,,,,2.0478312084863424e-05,,
train_step,126,18,5893,2049,2.2804858684539795,2.0143500367800393,,,,2.046880329240999e-05,,
train_step,126,19,5894,2049,1.6132301092147827,1.993238461645026,,,,2.046880329240999e-05,,
train_step,126,20,5895,2050,1.886523962020874,1.9879027366638184,,,,2.04592920782222e-05,,
train_step,126,21,5896,2050,2.133068323135376,1.9948153836386544,,,,2.04592920782222e-05,,
train_step,126,22,5897,2051,1.9073443412780762,1.990839427167719,,,,2.044977844693569e-05,,
train_step,126,23,5898,2051,2.032834529876709,1.9926653011985447,,,,2.044977844693569e-05,,
train_step,126,24,5899,2052,2.0282785892486572,1.9941491882006328,,,,2.0440262403187304e-05,,
train_step,126,25,5900,2052,2.3152618408203125,2.00699369430542,,,,2.0440262403187304e-05,,
train_step,126,26,5901,2053,1.8524113893508911,2.001048221037938,,,,2.043074395161503e-05,,
train_step,126,27,5902,2053,2.2423980236053467,2.0099871026145086,,,,2.043074395161503e-05,,
train_step,126,28,5903,2054,1.7656630277633667,2.0012612427983965,,,,2.042122309685805e-05,,
train_step,126,29,5904,2054,2.553079605102539,2.0202894621881944,,,,2.042122309685805e-05,,
train_step,126,30,5905,2055,2.3292198181152344,2.030587140719096,,,,2.0411699843556728e-05,,
train_step,126,31,5906,2055,2.3167338371276855,2.0398176793129212,,,,2.0411699843556728e-05,,
train_step,126,32,5907,2056,1.962329626083374,2.037396177649498,,,,2.0402174196352562e-05,,
train_step,126,33,5908,2056,1.6749846935272217,2.0264140114639746,,,,2.0402174196352562e-05,,
train_step,126,34,5909,2057,1.9866394996643066,2.0252441728816315,,,,2.039264615988825e-05,,
train_step,126,35,5910,2057,2.1589303016662598,2.029063776561192,,,,2.039264615988825e-05,,
train_step,126,36,5911,2058,2.2342422008514404,2.0347631772359214,,,,2.038311573880763e-05,,
train_step,126,37,5912,2058,2.0718305110931396,2.0357649970699,,,,2.038311573880763e-05,,
train_step,126,38,5913,2059,2.1682612895965576,2.0392517416100753,,,,2.0373582937755724e-05,,
train_step,126,39,5914,2059,1.6898975372314453,2.0302939414978027,,,,2.0373582937755724e-05,,
train_step,126,40,5915,2060,1.8738850355148315,2.0263837188482285,,,,2.03640477613787e-05,,
train_step,126,41,5916,2060,1.8877630233764648,2.0230027262757466,,,,2.03640477613787e-05,,
train_step,126,42,5917,2061,2.1388304233551025,2.02576052858716,,,,2.0354510214323883e-05,,
train_step,126,43,5918,2061,2.272796630859375,2.0315055542213973,,,,2.0354510214323883e-05,,
train_step,126,44,5919,2062,1.9365648031234741,2.0293478098782627,,,,2.0344970301239763e-05,,
train_step,126,45,5920,2062,2.1506476402282715,2.0320433616638183,,,,2.0344970301239763e-05,,
train_step,126,46,5921,2063,2.0668320655822754,2.0327996378359585,,,,2.0335428026775974e-05,,
train_step,126,47,5922,2064,2.1913819313049316,2.036173729186362,,,,2.0325883395583307e-05,,
epoch_summary,126,47,5922,2064,,,2.036173729186362,nan,nan,2.0325883395583307e-05,9.120811462402344,0.21612232079767607
train_step,127,1,5923,2064,2.549264430999756,2.549264430999756,,,,2.0325883395583307e-05,,
train_step,127,2,5924,2065,1.856573224067688,2.202918827533722,,,,2.0316336412313696e-05,,
train_step,127,3,5925,2065,1.8266499042510986,2.0774958531061807,,,,2.0316336412313696e-05,,
train_step,127,4,5926,2066,2.0273032188415527,2.064947694540024,,,,2.0306787081620235e-05,,
train_step,127,5,5927,2066,2.0410170555114746,2.060161566734314,,,,2.0306787081620235e-05,,
train_step,127,6,5928,2067,1.6194456815719604,1.9867089192072551,,,,2.0297235408157136e-05,,
train_step,127,7,5929,2067,2.132683753967285,2.0075624670301164,,,,2.0297235408157136e-05,,
train_step,127,8,5930,2068,2.0455150604248047,2.0123065412044525,,,,2.0287681396579776e-05,,
train_step,127,9,5931,2068,1.858673095703125,1.9952361583709717,,,,2.0287681396579776e-05,,
train_step,127,10,5932,2069,2.298251152038574,2.0255376577377318,,,,2.027812505154467e-05,,
train_step,127,11,5933,2069,1.8814082145690918,2.0124349810860376,,,,2.027812505154467e-05,,
train_step,127,12,5934,2070,2.197178363800049,2.027830262978872,,,,2.026856637770946e-05,,
train_step,127,13,5935,2070,1.9565802812576294,2.0223494951541605,,,,2.026856637770946e-05,,
train_step,127,14,5936,2071,1.9311407804489136,2.0158345869609287,,,,2.0259005379732925e-05,,
train_step,127,15,5937,2071,2.3303990364074707,2.0368055502573648,,,,2.0259005379732925e-05,,
train_step,127,16,5938,2072,1.7051527500152588,2.0160772502422333,,,,2.0249442062274975e-05,,
train_step,127,17,5939,2072,1.898972988128662,2.0091887642355526,,,,2.0249442062274975e-05,,
train_step,127,18,5940,2073,1.577512264251709,1.9852067364586725,,,,2.0239876429996665e-05,,
train_step,127,19,5941,2073,1.9215741157531738,1.981857651158383,,,,2.0239876429996665e-05,,
train_step,127,20,5942,2074,2.381711959838867,2.0018503665924072,,,,2.0230308487560168e-05,,
train_step,127,21,5943,2074,2.219599962234497,2.012219394956316,,,,2.0230308487560168e-05,,
train_step,127,22,5944,2075,1.3972198963165283,1.9842648722908713,,,,2.0220738239628773e-05,,
train_step,127,23,5945,2075,1.9040497541427612,1.9807772584583447,,,,2.0220738239628773e-05,,
train_step,127,24,5946,2076,2.237992286682129,1.9914945513010025,,,,2.021116569086691e-05,,
train_step,127,25,5947,2076,2.0996291637420654,1.995819935798645,,,,2.021116569086691e-05,,
train_step,127,26,5948,2077,1.6479241847991943,1.982439329990974,,,,2.0201590845940118e-05,,
train_step,127,27,5949,2077,2.0275909900665283,1.984111613697476,,,,2.0201590845940118e-05,,
train_step,127,28,5950,2078,1.9119099378585815,1.9815329824175154,,,,2.019201370951507e-05,,
train_step,127,29,5951,2078,2.0075039863586426,1.9824285342775543,,,,2.019201370951507e-05,,
train_step,127,30,5952,2079,2.6999597549438477,2.0063462416330973,,,,2.0182434286259536e-05,,
train_step,127,31,5953,2079,1.7457640171051025,1.9979403634225168,,,,2.0182434286259536e-05,,
train_step,127,32,5954,2080,1.9765493869781494,1.9972718954086304,,,,2.017285258084241e-05,,
train_step,127,33,5955,2080,1.8628754615783691,1.9931992762016528,,,,2.017285258084241e-05,,
train_step,127,34,5956,2081,1.7692677974700928,1.98661305623896,,,,2.016326859793371e-05,,
train_step,127,35,5957,2081,1.6243908405303955,1.976263850075858,,,,2.016326859793371e-05,,
train_step,127,36,5958,2082,1.9103554487228394,1.9744330611493852,,,,2.0153682342204537e-05,,
train_step,127,37,5959,2082,2.8220479488372803,1.9973415716274365,,,,2.0153682342204537e-05,,
train_step,127,38,5960,2083,2.184177875518799,2.002258316466683,,,,2.014409381832713e-05,,
train_step,127,39,5961,2083,2.3612372875213623,2.011462905468085,,,,2.014409381832713e-05,,
train_step,127,40,5962,2084,2.1251864433288574,2.014305993914604,,,,2.013450303097481e-05,,
train_step,127,41,5963,2084,1.9817326068878174,2.0135115210602925,,,,2.013450303097481e-05,,
train_step,127,42,5964,2085,2.536125421524048,2.025954709166572,,,,2.0124909984822015e-05,,
train_step,127,43,5965,2085,1.8025944232940674,2.0207602839137233,,,,2.0124909984822015e-05,,
train_step,127,44,5966,2086,2.103097915649414,2.022631593725898,,,,2.0115314684544278e-05,,
train_step,127,45,5967,2086,1.9599924087524414,2.021239611837599,,,,2.0115314684544278e-05,,
train_step,127,46,5968,2087,1.711200475692749,2.014499630617059,,,,2.0105717134818226e-05,,
train_step,127,47,5969,2088,2.0281198024749756,2.0147894215076527,,,,2.0096117340321604e-05,,
epoch_summary,127,47,5969,2088,,,2.0147894215076527,nan,nan,2.0096117340321604e-05,8.979084491729736,0.21612232079767607
train_step,128,1,5970,2088,1.9995412826538086,1.9995412826538086,,,,2.0096117340321604e-05,,
train_step,128,2,5971,2089,2.2216320037841797,2.110586643218994,,,,2.0086515305733214e-05,,
train_step,128,3,5972,2089,2.2178072929382324,2.1463268597920737,,,,2.0086515305733214e-05,,
train_step,128,4,5973,2090,1.6692895889282227,2.027067542076111,,,,2.0076911035732987e-05,,
train_step,128,5,5974,2090,1.6645731925964355,1.9545686721801758,,,,2.0076911035732987e-05,,
train_step,128,6,5975,2091,2.0558409690856934,1.9714473883310955,,,,2.006730453500192e-05,,
train_step,128,7,5976,2091,1.8714739084243774,1.9571654626301356,,,,2.006730453500192e-05,,
train_step,128,8,5977,2092,2.4413468837738037,2.017688140273094,,,,2.005769580822211e-05,,
train_step,128,9,5978,2092,1.9567171335220337,2.0109135839674206,,,,2.005769580822211e-05,,
train_step,128,10,5979,2093,2.3786652088165283,2.0476887464523315,,,,2.0048084860076728e-05,,
train_step,128,11,5980,2093,2.553966999053955,2.093714042143388,,,,2.0048084860076728e-05,,
train_step,128,12,5981,2094,2.1292505264282227,2.0966754158337912,,,,2.0038471695250032e-05,,
train_step,128,13,5982,2094,2.3039581775665283,2.112620243659386,,,,2.0038471695250032e-05,,
train_step,128,14,5983,2095,1.8388829231262207,2.0930675779070174,,,,2.0028856318427373e-05,,
train_step,128,15,5984,2095,1.952772617340088,2.0837145805358888,,,,2.0028856318427373e-05,,
train_step,128,16,5985,2096,2.047546625137329,2.0814540833234787,,,,2.0019238734295156e-05,,
train_step,128,17,5986,2096,2.0652880668640137,2.0805031411788044,,,,2.0019238734295156e-05,,
train_step,128,18,5987,2097,2.3638205528259277,2.096242997381422,,,,2.000961894754089e-05,,
train_step,128,19,5988,2097,1.798032522201538,2.08054770921406,,,,2.000961894754089e-05,,
train_step,128,20,5989,2098,1.8306126594543457,2.0680509567260743,,,,1.999999696285312e-05,,
train_step,128,21,5990,2098,1.773424506187439,2.054021125748044,,,,1.999999696285312e-05,,
train_step,128,22,5991,2099,2.652223587036133,2.0812121467156843,,,,1.9990372784921503e-05,,
train_step,128,23,5992,2099,2.0349228382110596,2.0791995680850484,,,,1.9990372784921503e-05,,
train_step,128,24,5993,2100,1.589815616607666,2.0588085701068244,,,,1.9980746418436738e-05,,
train_step,128,25,5994,2100,1.9737187623977661,2.055404977798462,,,,1.9980746418436738e-05,,
train_step,128,26,5995,2101,1.9105596542358398,2.0498340038152842,,,,1.9971117868090602e-05,,
train_step,128,27,5996,2101,1.861924171447754,2.0428743803942644,,,,1.9971117868090602e-05,,
train_step,128,28,5997,2102,2.3861303329467773,2.0551335215568542,,,,1.9961487138575938e-05,,
train_step,128,29,5998,2102,2.0624840259552,2.055386987225763,,,,1.9961487138575938e-05,,
train_step,128,30,5999,2103,2.2274980545043945,2.061124022801717,,,,1.9951854234586634e-05,,
train_step,128,31,6000,2103,1.6140886545181274,2.0467035270506337,,,,1.9951854234586634e-05,,
train_step,128,32,6001,2104,1.7285544872283936,2.0367613695561886,,,,1.994221916081766e-05,,
train_step,128,33,6002,2104,1.3909804821014404,2.0171922517545298,,,,1.994221916081766e-05,,
train_step,128,34,6003,2105,1.7476584911346436,2.009264788206886,,,,1.9932581921965033e-05,,
train_step,128,35,6004,2105,1.7218784093856812,2.0010537488119944,,,,1.9932581921965033e-05,,
train_step,128,36,6005,2106,1.8933708667755127,1.9980625576443143,,,,1.9922942522725828e-05,,
train_step,128,37,6006,2106,2.4361629486083984,2.009903108751452,,,,1.9922942522725828e-05,,
train_step,128,38,6007,2107,1.5970590114593506,1.9990387904016595,,,,1.9913300967798163e-05,,
train_step,128,39,6008,2107,2.353292942047119,2.0081222301874404,,,,1.9913300967798163e-05,,
train_step,128,40,6009,2108,2.0796117782592773,2.0099094688892363,,,,1.9903657261881218e-05,,
train_step,128,41,6010,2108,1.8456826210021973,2.005903936013943,,,,1.9903657261881218e-05,,
train_step,128,42,6011,2109,2.27120041847229,2.0122205189296176,,,,1.9894011409675223e-05,,
train_step,128,43,6012,2109,2.1565864086151123,2.0155778652013736,,,,1.9894011409675223e-05,,
train_step,128,44,6013,2110,2.0015501976013184,2.0152590545740994,,,,1.988436341588145e-05,,
train_step,128,45,6014,2110,2.1073384284973145,2.017305262883504,,,,1.988436341588145e-05,,
train_step,128,46,6015,2111,1.7848149538040161,2.0122511257296023,,,,1.98747132852022e-05,,
train_step,128,47,6016,2112,1.652658224105835,2.0046002129290965,,,,1.986506102234085e-05,,
epoch_summary,128,47,6016,2112,,,2.0046002129290965,nan,nan,1.986506102234085e-05,9.164467096328735,0.21612232079767607
train_step,129,1,6017,2112,1.9092857837677002,1.9092857837677002,,,,1.986506102234085e-05,,
train_step,129,2,6018,2113,2.086608409881592,1.997947096824646,,,,1.9855406632001775e-05,,
train_step,129,3,6019,2113,2.045625686645508,2.0138399600982666,,,,1.9855406632001775e-05,,
train_step,129,4,6020,2114,1.8584003448486328,1.9749800562858582,,,,1.9845750118890428e-05,,
train_step,129,5,6021,2114,2.1073005199432373,2.001444149017334,,,,1.9845750118890428e-05,,
train_step,129,6,6022,2115,2.0938098430633545,2.0168384313583374,,,,1.9836091487713257e-05,,
train_step,129,7,6023,2115,2.370138168334961,2.0673098223549977,,,,1.9836091487713257e-05,,
train_step,129,8,6024,2116,1.890988826751709,2.045269697904587,,,,1.9826430743177776e-05,,
train_step,129,9,6025,2116,1.7298591136932373,2.010224077436659,,,,1.9826430743177776e-05,,
train_step,129,10,6026,2117,1.6170790195465088,1.9709095716476441,,,,1.9816767889992503e-05,,
train_step,129,11,6027,2117,1.9495635032653809,1.9689690199765293,,,,1.9816767889992503e-05,,
train_step,129,12,6028,2118,2.24035906791687,1.9915848573048909,,,,1.9807102932867005e-05,,
train_step,129,13,6029,2118,1.871826171875,1.9823726507333608,,,,1.9807102932867005e-05,,
train_step,129,14,6030,2119,1.9152591228485107,1.9775788273130144,,,,1.9797435876511866e-05,,
train_step,129,15,6031,2119,2.1205406188964844,1.987109613418579,,,,1.9797435876511866e-05,,
train_step,129,16,6032,2120,1.9419338703155518,1.98428612947464,,,,1.978776672563868e-05,,
train_step,129,17,6033,2120,1.4396450519561768,1.9522484190323774,,,,1.978776672563868e-05,,
train_step,129,18,6034,2121,2.3154048919677734,1.9724237786398993,,,,1.977809548496008e-05,,
train_step,129,19,6035,2121,1.8904625177383423,1.9681100280661332,,,,1.977809548496008e-05,,
train_step,129,20,6036,2122,2.106328010559082,1.9750209271907806,,,,1.976842215918971e-05,,
train_step,129,21,6037,2122,1.8200325965881348,1.9676405304954165,,,,1.976842215918971e-05,,
train_step,129,22,6038,2123,2.001818895339966,1.9691940925338052,,,,1.975874675304224e-05,,
train_step,129,23,6039,2123,2.0154590606689453,1.9712056128875068,,,,1.975874675304224e-05,,
train_step,129,24,6040,2124,1.8977117538452148,1.9681433687607448,,,,1.9749069271233332e-05,,
train_step,129,25,6041,2124,1.9141074419021606,1.9659819316864013,,,,1.9749069271233332e-05,,
train_step,129,26,6042,2125,2.173107862472534,1.9739483136397142,,,,1.9739389718479685e-05,,
train_step,129,27,6043,2125,2.202669143676758,1.982419455492938,,,,1.9739389718479685e-05,,
train_step,129,28,6044,2126,2.757906198501587,2.0101154106003896,,,,1.9729708099498985e-05,,
train_step,129,29,6045,2126,1.4139684438705444,1.9895586186441883,,,,1.9729708099498985e-05,,
train_step,129,30,6046,2127,2.154590368270874,1.9950596769650777,,,,1.972002441900994e-05,,
train_step,129,31,6047,2127,1.7621212005615234,1.9875455325649631,,,,1.972002441900994e-05,,
train_step,129,32,6048,2128,2.028918504714966,1.9888384379446507,,,,1.9710338681732266e-05,,
train_step,129,33,6049,2128,1.8538845777511597,1.9847489270296963,,,,1.9710338681732266e-05,,
train_step,129,34,6050,2129,2.0366764068603516,1.986276205848245,,,,1.9700650892386658e-05,,
train_step,129,35,6051,2129,2.166623592376709,1.991428988320487,,,,1.9700650892386658e-05,,
train_step,129,36,6052,2130,1.9575181007385254,1.990487019220988,,,,1.9690961055694837e-05,,
train_step,129,37,6053,2130,1.8420767784118652,1.9864759316315521,,,,1.9690961055694837e-05,,
train_step,129,38,6054,2131,2.2626140117645264,1.9937427232139988,,,,1.9681269176379513e-05,,
train_step,129,39,6055,2131,2.0308241844177246,1.9946935299115303,,,,1.9681269176379513e-05,,
train_step,129,40,6056,2132,2.4008586406707764,2.0048476576805117,,,,1.967157525916439e-05,,
train_step,129,41,6057,2132,1.834829330444336,2.0007008692113364,,,,1.967157525916439e-05,,
train_step,129,42,6058,2133,1.6932283639907837,1.9933800952775138,,,,1.9661879308774153e-05,,
train_step,129,43,6059,2133,1.705870270729065,1.9866938202880149,,,,1.9661879308774153e-05,,
train_step,129,44,6060,2134,2.029508590698242,1.9876668832518838,,,,1.9652181329934504e-05,,
train_step,129,45,6061,2134,2.008187770843506,1.988122902976142,,,,1.9652181329934504e-05,,
train_step,129,46,6062,2135,2.0305819511413574,1.9890459257623423,,,,1.9642481327372117e-05,,
train_step,129,47,6063,2136,2.381751298904419,1.9974013592334503,,,,1.9632779305814654e-05,,
epoch_summary,129,47,6063,2136,,,1.9974013592334503,nan,nan,1.9632779305814654e-05,9.284289121627808,0.21612232079767607
train_step,130,1,6064,2136,2.5802154541015625,2.5802154541015625,,,,1.9632779305814654e-05,,
train_step,130,2,6065,2137,2.1598734855651855,2.370044469833374,,,,1.9623075269990766e-05,,
train_step,130,3,6066,2137,1.9630941152572632,2.234394351641337,,,,1.9623075269990766e-05,,
train_step,130,4,6067,2138,2.0432379245758057,2.1866052448749542,,,,1.9613369224630074e-05,,
train_step,130,5,6068,2138,1.9287769794464111,2.1350395917892455,,,,1.9613369224630074e-05,,
train_step,130,6,6069,2139,1.9774339199066162,2.1087719798088074,,,,1.9603661174463193e-05,,
train_step,130,7,6070,2139,2.154015064239502,2.115235277584621,,,,1.9603661174463193e-05,,
train_step,130,8,6071,2140,1.7709479331970215,2.072199359536171,,,,1.959395112422171e-05,,
train_step,130,9,6072,2140,2.1966161727905273,2.086023449897766,,,,1.959395112422171e-05,,
train_step,130,10,6073,2141,1.8741438388824463,2.064835488796234,,,,1.958423907863818e-05,,
train_step,130,11,6074,2141,2.130880832672119,2.070839610966769,,,,1.958423907863818e-05,,
train_step,130,12,6075,2142,1.9113349914550781,2.057547559340795,,,,1.957452504244614e-05,,
train_step,130,13,6076,2142,2.1134777069091797,2.0618498783845167,,,,1.957452504244614e-05,,
train_step,130,14,6077,2143,1.9315500259399414,2.052542746067047,,,,1.9564809020380098e-05,,
train_step,130,15,6078,2143,1.663506031036377,2.0266069650650023,,,,1.9564809020380098e-05,,
train_step,130,16,6079,2144,1.943566083908081,2.021416909992695,,,,1.955509101717551e-05,,
train_step,130,17,6080,2144,2.1021852493286133,2.0261679887771606,,,,1.955509101717551e-05,,
train_step,130,18,6081,2145,2.0792019367218018,2.0291143192185297,,,,1.9545371037568827e-05,,
train_step,130,19,6082,2145,2.2725350856781006,2.0419259385058752,,,,1.9545371037568827e-05,,
train_step,130,20,6083,2146,2.240583658218384,2.051858824491501,,,,1.9535649086297442e-05,,
train_step,130,21,6084,2146,1.9742164611816406,2.048161569095793,,,,1.9535649086297442e-05,,
train_step,130,22,6085,2147,2.1882123947143555,2.0545275157148186,,,,1.952592516809972e-05,,
train_step,130,23,6086,2147,2.018714189529419,2.0529704145763232,,,,1.952592516809972e-05,,
train_step,130,24,6087,2148,1.967517614364624,2.049409881234169,,,,1.9516199287714973e-05,,
train_step,130,25,6088,2148,2.145272731781006,2.0532443952560424,,,,1.9516199287714973e-05,,
train_step,130,26,6089,2149,1.9588208198547363,2.049612719279069,,,,1.950647144988349e-05,,
train_step,130,27,6090,2149,1.868177056312561,2.0428928799099393,,,,1.950647144988349e-05,,
train_step,130,28,6091,2150,1.6557705402374268,2.0290670820644925,,,,1.9496741659346487e-05,,
train_step,130,29,6092,2150,1.7227656841278076,2.018504964894262,,,,1.9496741659346487e-05,,
train_step,130,30,6093,2151,2.2051734924316406,2.0247272491455077,,,,1.948700992084616e-05,,
train_step,130,31,6094,2151,2.2556262016296387,2.0321756024514475,,,,1.948700992084616e-05,,
train_step,130,32,6095,2152,1.5807900428771973,2.018069803714752,,,,1.947727623912563e-05,,
train_step,130,33,6096,2152,1.948540210723877,2.0159628463513926,,,,1.947727623912563e-05,,
train_step,130,34,6097,2153,1.7559070587158203,2.008314146715052,,,,1.946754061892897e-05,,
train_step,130,35,6098,2153,1.9364848136901855,2.0062618800571985,,,,1.946754061892897e-05,,
train_step,130,36,6099,2154,1.6380902528762817,1.9960348904132843,,,,1.9457803065001217e-05,,
train_step,130,37,6100,2154,2.072294235229492,1.9980959537866954,,,,1.9457803065001217e-05,,
train_step,130,38,6101,2155,1.8550801277160645,1.9943323794164156,,,,1.944806358208833e-05,,
train_step,130,39,6102,2155,1.929194450378418,1.992662176107749,,,,1.944806358208833e-05,,
train_step,130,40,6103,2156,2.075101613998413,1.9947231620550157,,,,1.9438322174937213e-05,,
train_step,130,41,6104,2156,2.04319167137146,1.9959053208188313,,,,1.9438322174937213e-05,,
train_step,130,42,6105,2157,2.239118814468384,2.0016961182866777,,,,1.9428578848295713e-05,,
train_step,130,43,6106,2157,1.5932973623275757,1.9921984727992568,,,,1.9428578848295713e-05,,
train_step,130,44,6107,2158,1.9010637998580933,1.9901272302324122,,,,1.9418833606912603e-05,,
train_step,130,45,6108,2158,2.2005550861358643,1.9948034048080445,,,,1.9418833606912603e-05,,
train_step,130,46,6109,2159,1.8439359664916992,1.9915236778881238,,,,1.9409086455537604e-05,,
train_step,130,47,6110,2160,1.6767473220825195,1.9848263086156641,,,,1.939933739892135e-05,,
epoch_summary,130,47,6110,2160,,,1.9848263086156641,2.472543239593506,0.467689620758483,1.939933739892135e-05,214.33117532730103,0.21612232079767607
train_step,131,1,6111,2160,1.6674085855484009,1.6674085855484009,,,,1.939933739892135e-05,,
train_step,131,2,6112,2161,2.1825780868530273,1.9249933362007141,,,,1.9389586441815424e-05,,
train_step,131,3,6113,2161,2.2319321632385254,2.0273062785466514,,,,1.9389586441815424e-05,,
train_step,131,4,6114,2162,2.259056329727173,2.0852437913417816,,,,1.9379833588972312e-05,,
train_step,131,5,6115,2162,1.9674063920974731,2.0616763114929197,,,,1.9379833588972312e-05,,
train_step,131,6,6116,2163,2.1908516883850098,2.083205540974935,,,,1.937007884514545e-05,,
train_step,131,7,6117,2163,1.7254655361175537,2.032099825995309,,,,1.937007884514545e-05,,
train_step,131,8,6118,2164,1.9832267761230469,2.0259906947612762,,,,1.9360322215089165e-05,,
train_step,131,9,6119,2164,2.43052339553833,2.0709387726253934,,,,1.9360322215089165e-05,,
train_step,131,10,6120,2165,1.525673270225525,2.0164122223854064,,,,1.935056370355873e-05,,
train_step,131,11,6121,2165,1.8726882934570312,2.003346410664645,,,,1.935056370355873e-05,,
train_step,131,12,6122,2166,2.152907371520996,2.015809824069341,,,,1.934080331531032e-05,,
train_step,131,13,6123,2166,2.1755173206329346,2.0280950161126943,,,,1.934080331531032e-05,,
train_step,131,14,6124,2167,2.2444143295288086,2.0435463956424167,,,,1.9331041055101035e-05,,
train_step,131,15,6125,2167,2.055260181427002,2.0443273146947223,,,,1.9331041055101035e-05,,
train_step,131,16,6126,2168,1.878051996231079,2.033935107290745,,,,1.9321276927688887e-05,,
train_step,131,17,6127,2168,2.0963382720947266,2.037605881690979,,,,1.9321276927688887e-05,,
train_step,131,18,6128,2169,2.02871036529541,2.0371116863356695,,,,1.9311510937832776e-05,,
train_step,131,19,6129,2169,1.682629108428955,2.0184547085511055,,,,1.9311510937832776e-05,,
train_step,131,20,6130,2170,1.712317705154419,2.003147858381271,,,,1.930174309029254e-05,,
train_step,131,21,6131,2170,1.8340752124786377,1.9950967800049555,,,,1.930174309029254e-05,,
train_step,131,22,6132,2171,1.7445069551467896,1.9837063334204934,,,,1.9291973389828903e-05,,
train_step,131,23,6133,2171,1.6689077615737915,1.970019438992376,,,,1.9291973389828903e-05,,
train_step,131,24,6134,2172,2.1621861457824707,1.97802638510863,,,,1.9282201841203506e-05,,
train_step,131,25,6135,2172,2.1884145736694336,1.986441912651062,,,,1.9282201841203506e-05,,
train_step,131,26,6136,2173,1.6525253057479858,1.9735989662317128,,,,1.9272428449178877e-05,,
train_step,131,27,6137,2173,2.0126070976257324,1.9750437118388988,,,,1.9272428449178877e-05,,
train_step,131,28,6138,2174,1.753110408782959,1.9671175224440438,,,,1.9262653218518447e-05,,
train_step,131,29,6139,2174,2.2940783500671387,1.9783920337413918,,,,1.9262653218518447e-05,,
train_step,131,30,6140,2175,1.8530720472335815,1.9742147008577982,,,,1.9252876153986552e-05,,
train_step,131,31,6141,2175,2.1692628860473633,1.980506577799397,,,,1.9252876153986552e-05,,
train_step,131,32,6142,2176,1.8837791681289673,1.9774838462471962,,,,1.9243097260348408e-05,,
train_step,131,33,6143,2176,1.8369207382202148,1.9732243581251665,,,,1.9243097260348408e-05,,
train_step,131,34,6144,2177,1.525784969329834,1.9600643761017744,,,,1.9233316542370132e-05,,
train_step,131,35,6145,2177,1.999154806137085,1.9611812455313546,,,,1.9233316542370132e-05,,
train_step,131,36,6146,2178,2.34704327583313,1.9718996352619595,,,,1.9223534004818723e-05,,
train_step,131,37,6147,2178,1.5086537599563599,1.9593794764699162,,,,1.9223534004818723e-05,,
train_step,131,38,6148,2179,1.996608853340149,1.9603591969138698,,,,1.9213749652462076e-05,,
train_step,131,39,6149,2179,1.8209246397018433,1.956783951857151,,,,1.9213749652462076e-05,,
train_step,131,40,6150,2180,1.8207285404205322,1.9533825665712357,,,,1.9203963490068963e-05,,
train_step,131,41,6151,2180,1.682939052581787,1.9467863833032004,,,,1.9203963490068963e-05,,
train_step,131,42,6152,2181,2.207916259765625,1.9530037613142104,,,,1.9194175522409042e-05,,
train_step,131,43,6153,2181,2.2709031105041504,1.9603967694349067,,,,1.9194175522409042e-05,,
train_step,131,44,6154,2182,2.1595277786254883,1.9649224741892382,,,,1.918438575425285e-05,,
train_step,131,45,6155,2182,1.887297511100769,1.9631974750094943,,,,1.918438575425285e-05,,
train_step,131,46,6156,2183,1.991321086883545,1.9638088578763215,,,,1.9174594190371795e-05,,
train_step,131,47,6157,2184,2.123756170272827,1.96721199218263,,,,1.9164800835538175e-05,,
epoch_summary,131,47,6157,2184,,,1.96721199218263,nan,nan,1.9164800835538175e-05,9.27078127861023,0.21612232079767607
train_step,132,1,6158,2184,2.0922279357910156,2.0922279357910156,,,,1.9164800835538175e-05,,
train_step,132,2,6159,2185,2.139958620071411,2.1160932779312134,,,,1.9155005694525152e-05,,
train_step,132,3,6160,2185,1.7552152872085571,1.9958006143569946,,,,1.9155005694525152e-05,,
train_step,132,4,6161,2186,1.8211272954940796,1.9521322846412659,,,,1.9145208772106747e-05,,
train_step,132,5,6162,2186,1.726022720336914,1.9069103717803955,,,,1.9145208772106747e-05,,
train_step,132,6,6163,2187,2.0803351402282715,1.9358144998550415,,,,1.9135410073057873e-05,,
train_step,132,7,6164,2187,1.6603071689605713,1.89645630972726,,,,1.9135410073057873e-05,,
train_step,132,8,6165,2188,1.5422947406768799,1.8521861135959625,,,,1.9125609602154292e-05,,
train_step,132,9,6166,2188,1.956816554069519,1.8638117180930243,,,,1.9125609602154292e-05,,
train_step,132,10,6167,2189,2.775644540786743,1.9549950003623962,,,,1.9115807364172634e-05,,
train_step,132,11,6168,2189,1.9420262575149536,1.9538160237399014,,,,1.9115807364172634e-05,,
train_step,132,12,6169,2190,2.026008367538452,1.9598320523897808,,,,1.91060033638904e-05,,
train_step,132,13,6170,2190,2.160983085632324,1.9753052087930532,,,,1.91060033638904e-05,,
train_step,132,14,6171,2191,1.952324390411377,1.9736637217657906,,,,1.909619760608592e-05,,
train_step,132,15,6172,2191,1.4662683010101318,1.93983736038208,,,,1.909619760608592e-05,,
train_step,132,16,6173,2192,2.663757801055908,1.9850823879241943,,,,1.908639009553842e-05,,
train_step,132,17,6174,2192,1.6550371646881104,1.965667963027954,,,,1.908639009553842e-05,,
train_step,132,18,6175,2193,2.0456461906433105,1.970111197895474,,,,1.9076580837027958e-05,,
train_step,132,19,6176,2193,1.7392578125,1.9579610197167647,,,,1.9076580837027958e-05,,
train_step,132,20,6177,2194,1.9033045768737793,1.9552281975746155,,,,1.9066769835335443e-05,,
train_step,132,21,6178,2194,1.671141266822815,1.9417002484911965,,,,1.9066769835335443e-05,,
train_step,132,22,6179,2195,1.9215065240859985,1.9407823519273237,,,,1.9056957095242637e-05,,
train_step,132,23,6180,2195,1.6566433906555176,1.928428484045941,,,,1.9056957095242637e-05,,
train_step,132,24,6181,2196,2.0180416107177734,1.9321623643239338,,,,1.9047142621532157e-05,,
train_step,132,25,6182,2196,1.8418676853179932,1.9285505771636964,,,,1.9047142621532157e-05,,
train_step,132,26,6183,2197,1.8736282587051392,1.9264381802999055,,,,1.9037326418987452e-05,,
train_step,132,27,6184,2197,1.693730115890503,1.9178193630995575,,,,1.9037326418987452e-05,,
train_step,132,28,6185,2198,1.7920997142791748,1.9133293756416865,,,,1.9027508492392824e-05,,
train_step,132,29,6186,2198,2.1579747200012207,1.921765421998912,,,,1.9027508492392824e-05,,
train_step,132,30,6187,2199,2.2631289958953857,1.933144207795461,,,,1.9017688846533408e-05,,
train_step,132,31,6188,2199,2.1398043632507324,1.9398106644230504,,,,1.9017688846533408e-05,,
train_step,132,32,6189,2200,1.8201346397399902,1.9360707886517048,,,,1.900786748619518e-05,,
train_step,132,33,6190,2200,2.1581220626831055,1.9427996151375049,,,,1.900786748619518e-05,,
train_step,132,34,6191,2201,2.123854160308838,1.9481247488190145,,,,1.8998044416164957e-05,,
train_step,132,35,6192,2201,2.3178086280822754,1.9586871453693935,,,,1.8998044416164957e-05,,
train_step,132,36,6193,2202,2.0743746757507324,1.9619006878799863,,,,1.898821964123038e-05,,
train_step,132,37,6194,2202,1.7542681694030762,1.956288998191421,,,,1.898821964123038e-05,,
train_step,132,38,6195,2203,2.486135959625244,1.9702323392817849,,,,1.8978393166179928e-05,,
train_step,132,39,6196,2203,2.037278652191162,1.9719514755102305,,,,1.8978393166179928e-05,,
train_step,132,40,6197,2204,1.7546732425689697,1.966519519686699,,,,1.89685649958029e-05,,
train_step,132,41,6198,2204,1.9467185735702515,1.9660365697814197,,,,1.89685649958029e-05,,
train_step,132,42,6199,2205,1.8407344818115234,1.9630531867345173,,,,1.8958735134889425e-05,,
train_step,132,43,6200,2205,1.7726480960845947,1.9586251613705656,,,,1.8958735134889425e-05,,
train_step,132,44,6201,2206,2.2427926063537598,1.9650835123929111,,,,1.8948903588230466e-05,,
train_step,132,45,6202,2206,1.9921916723251343,1.9656859159469604,,,,1.8948903588230466e-05,,
train_step,132,46,6203,2207,1.7411227226257324,1.960804107396499,,,,1.8939070360617797e-05,,
train_step,132,47,6204,2208,2.0679643154144287,1.9630841118224123,,,,1.892923545684401e-05,,
epoch_summary,132,47,6204,2208,,,1.9630841118224123,nan,nan,1.892923545684401e-05,9.2510826587677,0.21612232079767607
train_step,133,1,6205,2208,1.8155536651611328,1.8155536651611328,,,,1.892923545684401e-05,,
train_step,133,2,6206,2209,1.785945177078247,1.80074942111969,,,,1.8919398881702522e-05,,
train_step,133,3,6207,2209,2.2194228172302246,1.9403072198232014,,,,1.8919398881702522e-05,,
train_step,133,4,6208,2210,1.9144210815429688,1.9338356852531433,,,,1.8909560639987554e-05,,
train_step,133,5,6209,2210,1.9284929037094116,1.932767128944397,,,,1.8909560639987554e-05,,
train_step,133,6,6210,2211,1.5459706783294678,1.8683010538419087,,,,1.8899720736494154e-05,,
train_step,133,7,6211,2211,1.6311209201812744,1.8344181776046753,,,,1.8899720736494154e-05,,
train_step,133,8,6212,2212,1.8850995302200317,1.8407533466815948,,,,1.888987917601817e-05,,
train_step,133,9,6213,2212,1.9086192846298218,1.84829400645362,,,,1.888987917601817e-05,,
train_step,133,10,6214,2213,1.7718217372894287,1.840646779537201,,,,1.8880035963356254e-05,,
train_step,133,11,6215,2213,1.7493259906768799,1.832344889640808,,,,1.8880035963356254e-05,,
train_step,133,12,6216,2214,2.1225738525390625,1.856530636548996,,,,1.887019110330587e-05,,
train_step,133,13,6217,2214,2.041717767715454,1.8707758004848773,,,,1.887019110330587e-05,,
train_step,133,14,6218,2215,1.9426171779632568,1.8759073274476188,,,,1.886034460066528e-05,,
train_step,133,15,6219,2215,1.8388525247573853,1.8734370072682698,,,,1.886034460066528e-05,,
train_step,133,16,6220,2216,1.8957221508026123,1.8748298287391663,,,,1.8850496460233564e-05,,
train_step,133,17,6221,2216,2.3568308353424072,1.9031828291275923,,,,1.8850496460233564e-05,,
train_step,133,18,6222,2217,2.0839123725891113,1.9132233593198988,,,,1.8840646686810566e-05,,
train_step,133,19,6223,2217,2.287158489227295,1.9329041556308144,,,,1.8840646686810566e-05,,
train_step,133,20,6224,2218,1.7199578285217285,1.92225683927536,,,,1.8830795285196958e-05,,
train_step,133,21,6225,2218,1.8766847848892212,1.9200867414474487,,,,1.8830795285196958e-05,,
train_step,133,22,6226,2219,2.6457953453063965,1.95307349616831,,,,1.8820942260194193e-05,,
train_step,133,23,6227,2219,2.075068235397339,1.9583776152652244,,,,1.8820942260194193e-05,,
train_step,133,24,6228,2220,2.3108105659484863,1.9730623215436935,,,,1.881108761660451e-05,,
train_step,133,25,6229,2220,2.0925068855285645,1.9778401041030884,,,,1.881108761660451e-05,,
train_step,133,26,6230,2221,1.9871058464050293,1.9781964788070092,,,,1.880123135923095e-05,,
train_step,133,27,6231,2221,1.8217536211013794,1.9724022988919858,,,,1.880123135923095e-05,,
train_step,133,28,6232,2222,1.9889006614685059,1.9729915261268616,,,,1.8791373492877326e-05,,
train_step,133,29,6233,2222,1.979759693145752,1.9732249111964786,,,,1.8791373492877326e-05,,
train_step,133,30,6234,2223,2.290506362915039,1.9838009595870971,,,,1.8781514022348247e-05,,
train_step,133,31,6235,2223,1.8603214025497437,1.9798177480697632,,,,1.8781514022348247e-05,,
train_step,133,32,6236,2224,1.8326964378356934,1.9752202071249485,,,,1.8771652952449095e-05,,
train_step,133,33,6237,2224,1.7019997835159302,1.9669408003489177,,,,1.8771652952449095e-05,,
train_step,133,34,6238,2225,2.067263126373291,1.9698914569966934,,,,1.8761790287986045e-05,,
train_step,133,35,6239,2225,1.5003011226654053,1.9564745903015137,,,,1.8761790287986045e-05,,
train_step,133,36,6240,2226,1.857640266418457,1.9537291924158733,,,,1.875192603376603e-05,,
train_step,133,37,6241,2226,2.0859575271606445,1.957302931192759,,,,1.875192603376603e-05,,
train_step,133,38,6242,2227,2.403428554534912,1.9690430791754472,,,,1.874206019459677e-05,,
train_step,133,39,6243,2227,2.1785144805908203,1.9744141407502003,,,,1.874206019459677e-05,,
train_step,133,40,6244,2228,2.0088367462158203,1.9752747058868407,,,,1.8732192775286758e-05,,
train_step,133,41,6245,2228,1.8963477611541748,1.9733496584543369,,,,1.8732192775286758e-05,,
train_step,133,42,6246,2229,1.718682050704956,1.9672861439841134,,,,1.872232378064525e-05,,
train_step,133,43,6247,2229,2.2938857078552246,1.9748814826787904,,,,1.872232378064525e-05,,
train_step,133,44,6248,2230,2.17787504196167,1.9794949726624922,,,,1.871245321548228e-05,,
train_step,133,45,6249,2230,1.9223828315734863,1.9782258139716253,,,,1.871245321548228e-05,,
train_step,133,46,6250,2231,1.5901846885681152,1.9697901373324187,,,,1.870258108460863e-05,,
train_step,133,47,6251,2232,1.8983243703842163,1.9682695890994781,,,,1.8692707392835874e-05,,
epoch_summary,133,47,6251,2232,,,1.9682695890994781,nan,nan,1.8692707392835874e-05,9.077245712280273,0.21612232079767607
train_step,134,1,6252,2232,1.6589868068695068,1.6589868068695068,,,,1.8692707392835874e-05,,
train_step,134,2,6253,2233,2.161851644515991,1.910419225692749,,,,1.8682832144976317e-05,,
train_step,134,3,6254,2233,1.6465632915496826,1.8224672476450603,,,,1.8682832144976317e-05,,
train_step,134,4,6255,2234,2.0742669105529785,1.8854171633720398,,,,1.8672955345843037e-05,,
train_step,134,5,6256,2234,1.7116258144378662,1.850658893585205,,,,1.8672955345843037e-05,,
train_step,134,6,6257,2235,2.229698419570923,1.913832147916158,,,,1.866307700024987e-05,,
train_step,134,7,6258,2235,2.0429086685180664,1.9322716508592879,,,,1.866307700024987e-05,,
train_step,134,8,6259,2236,1.638441801071167,1.8955429196357727,,,,1.8653197113011395e-05,,
train_step,134,9,6260,2236,2.1210315227508545,1.920597208870782,,,,1.8653197113011395e-05,,
train_step,134,10,6261,2237,2.124887704849243,1.941026258468628,,,,1.8643315688942954e-05,,
train_step,134,11,6262,2237,2.0502548217773438,1.9509561278603293,,,,1.8643315688942954e-05,,
train_step,134,12,6263,2238,1.8718355894088745,1.9443627496560414,,,,1.8633432732860632e-05,,
train_step,134,13,6264,2238,2.5300657749176025,1.9894168285223155,,,,1.8633432732860632e-05,,
train_step,134,14,6265,2239,1.7394335269927979,1.971560878413064,,,,1.862354824958126e-05,,
train_step,134,15,6266,2239,2.1846652030944824,1.9857678333918254,,,,1.862354824958126e-05,,
train_step,134,16,6267,2240,1.7609999179840088,1.9717198386788368,,,,1.861366224392242e-05,,
train_step,134,17,6268,2240,1.8107349872589111,1.9622501415364884,,,,1.861366224392242e-05,,
train_step,134,18,6269,2241,1.9903464317321777,1.96381104654736,,,,1.860377472070242e-05,,
train_step,134,19,6270,2241,2.1806893348693848,1.9752256933011507,,,,1.860377472070242e-05,,
train_step,134,20,6271,2242,1.7482041120529175,1.963874614238739,,,,1.8593885684740334e-05,,
train_step,134,21,6272,2242,1.914660930633545,1.9615311054956346,,,,1.8593885684740334e-05,,
train_step,134,22,6273,2243,1.6502492427825928,1.947381929917769,,,,1.8583995140855948e-05,,
train_step,134,23,6274,2243,1.9596326351165771,1.947914569274239,,,,1.8583995140855948e-05,,
train_step,134,24,6275,2244,1.748664379119873,1.939612478017807,,,,1.8574103093869798e-05,,
train_step,134,25,6276,2244,1.6384536027908325,1.927566123008728,,,,1.8574103093869798e-05,,
train_step,134,26,6277,2245,2.23557710647583,1.9394126992959242,,,,1.8564209548603137e-05,,
train_step,134,27,6278,2245,2.0470266342163086,1.943398400589272,,,,1.8564209548603137e-05,,
train_step,134,28,6279,2246,2.0907914638519287,1.948662438562938,,,,1.855431450987797e-05,,
train_step,134,29,6280,2246,1.7568529844284058,1.9420483194548508,,,,1.855431450987797e-05,,
train_step,134,30,6281,2247,1.842079997062683,1.9387160420417786,,,,1.854441798251702e-05,,
train_step,134,31,6282,2247,2.144257068634033,1.945346397738303,,,,1.854441798251702e-05,,
train_step,134,32,6283,2248,2.174058437347412,1.9524936489760876,,,,1.853451997134372e-05,,
train_step,134,33,6284,2248,2.146726608276367,1.958379496227611,,,,1.853451997134372e-05,,
train_step,134,34,6285,2249,2.2774834632873535,1.967764907023486,,,,1.8524620481182257e-05,,
train_step,134,35,6286,2249,1.9705836772918701,1.9678454433168684,,,,1.8524620481182257e-05,,
train_step,134,36,6287,2250,1.8986068964004517,1.965922150346968,,,,1.8514719516857508e-05,,
train_step,134,37,6288,2250,1.6593737602233887,1.9576370587220062,,,,1.8514719516857508e-05,,
train_step,134,38,6289,2251,1.7307465076446533,1.9516662547462864,,,,1.8504817083195094e-05,,
train_step,134,39,6290,2251,1.6175110340118408,1.943098172163352,,,,1.8504817083195094e-05,,
train_step,134,40,6291,2252,2.1666505336761475,1.9486869812011718,,,,1.849491318502134e-05,,
train_step,134,41,6292,2252,2.2114055156707764,1.9550947503345768,,,,1.849491318502134e-05,,
train_step,134,42,6293,2253,1.6821810007095337,1.948596803914933,,,,1.848500782716328e-05,,
train_step,134,43,6294,2253,1.9777823686599731,1.9492755379787712,,,,1.848500782716328e-05,,
train_step,134,44,6295,2254,1.8396542072296143,1.9467841440981084,,,,1.8475101014448666e-05,,
train_step,134,45,6296,2254,2.02164888381958,1.9484478049808078,,,,1.8475101014448666e-05,,
train_step,134,46,6297,2255,2.5392541885375977,1.9612914220146511,,,,1.8465192751705957e-05,,
train_step,134,47,6298,2256,1.8498656749725342,1.958920661439287,,,,1.8455283043764332e-05,,
epoch_summary,134,47,6298,2256,,,1.958920661439287,nan,nan,1.8455283043764332e-05,9.113362312316895,0.21612232079767607
train_step,135,1,6299,2256,1.8920526504516602,1.8920526504516602,,,,1.8455283043764332e-05,,
train_step,135,2,6300,2257,1.8797965049743652,1.8859245777130127,,,,1.8445371895453642e-05,,
train_step,135,3,6301,2257,2.234508752822876,2.002119302749634,,,,1.8445371895453642e-05,,
train_step,135,4,6302,2258,2.1191225051879883,2.0313701033592224,,,,1.843545931160448e-05,,
train_step,135,5,6303,2258,1.826736330986023,1.9904433488845825,,,,1.843545931160448e-05,,
train_step,135,6,6304,2259,1.7454514503479004,1.9496113657951355,,,,1.8425545297048103e-05,,
train_step,135,7,6305,2259,2.1693882942199707,1.9810080698558263,,,,1.8425545297048103e-05,,
train_step,135,8,6306,2260,2.2118046283721924,2.009857639670372,,,,1.841562985661649e-05,,
train_step,135,9,6307,2260,1.7421181201934814,1.9801088041729398,,,,1.841562985661649e-05,,
train_step,135,10,6308,2261,1.792051076889038,1.9613030314445496,,,,1.8405712995142305e-05,,
train_step,135,11,6309,2261,2.3287272453308105,1.994705232706937,,,,1.8405712995142305e-05,,
train_step,135,12,6310,2262,1.908671259880066,1.9875357349713643,,,,1.83957947174589e-05,,
train_step,135,13,6311,2262,2.246342658996582,2.007443959896381,,,,1.83957947174589e-05,,
train_step,135,14,6312,2263,1.9914201498031616,2.0062994020325795,,,,1.8385875028400335e-05,,
train_step,135,15,6313,2263,2.397820234298706,2.0324007908503217,,,,1.8385875028400335e-05,,
train_step,135,16,6314,2264,1.6285383701324463,2.0071593895554543,,,,1.8375953932801338e-05,,
train_step,135,17,6315,2264,2.1807217597961426,2.017368940746083,,,,1.8375953932801338e-05,,
train_step,135,18,6316,2265,1.6888394355773926,1.9991173015700445,,,,1.836603143549733e-05,,
train_step,135,19,6317,2265,1.9183868169784546,1.994868328696803,,,,1.836603143549733e-05,,
train_step,135,20,6318,2266,1.711896300315857,1.9807197272777557,,,,1.8356107541324423e-05,,
train_step,135,21,6319,2266,1.7871686220169067,1.97150300797962,,,,1.8356107541324423e-05,,
train_step,135,22,6320,2267,1.8921971321105957,1.967898195440119,,,,1.8346182255119386e-05,,
train_step,135,23,6321,2267,2.3348543643951416,1.9838528114816416,,,,1.8346182255119386e-05,,
train_step,135,24,6322,2268,1.9089210033416748,1.980730652809143,,,,1.83362555817197e-05,,
train_step,135,25,6323,2268,1.8226381540298462,1.9744069528579713,,,,1.83362555817197e-05,,
train_step,135,26,6324,2269,1.64328134059906,1.9616713523864746,,,,1.8326327525963497e-05,,
train_step,135,27,6325,2269,2.1679325103759766,1.969310654534234,,,,1.8326327525963497e-05,,
train_step,135,28,6326,2270,1.8912608623504639,1.9665231619562422,,,,1.8316398092689593e-05,,
train_step,135,29,6327,2270,1.8345742225646973,1.9619731985289475,,,,1.8316398092689593e-05,,
train_step,135,30,6328,2271,1.8566362857818604,1.9584619681040445,,,,1.8306467286737476e-05,,
train_step,135,31,6329,2271,1.6821569204330444,1.9495489020501413,,,,1.8306467286737476e-05,,
train_step,135,32,6330,2272,1.713031530380249,1.9421577341854572,,,,1.829653511294729e-05,,
train_step,135,33,6331,2272,1.7102454900741577,1.9351300904245088,,,,1.829653511294729e-05,,
train_step,135,34,6332,2273,1.8048646450042725,1.9312987537945019,,,,1.828660157615987e-05,,
train_step,135,35,6333,2273,2.100198745727539,1.9361244678497314,,,,1.828660157615987e-05,,
train_step,135,36,6334,2274,1.9787521362304688,1.9373085697491963,,,,1.827666668121669e-05,,
train_step,135,37,6335,2274,1.8742477893829346,1.935604224333892,,,,1.827666668121669e-05,,
train_step,135,38,6336,2275,1.7380974292755127,1.9304066770955135,,,,1.82667304329599e-05,,
train_step,135,39,6337,2275,2.008233070373535,1.932402225641104,,,,1.82667304329599e-05,,
train_step,135,40,6338,2276,2.0357799530029297,1.9349866688251496,,,,1.8256792836232307e-05,,
train_step,135,41,6339,2276,2.2574901580810547,1.9428526075874888,,,,1.8256792836232307e-05,,
train_step,135,42,6340,2277,1.8633155822753906,1.9409588688895816,,,,1.824685389587738e-05,,
train_step,135,43,6341,2277,1.9470062255859375,1.9410995050918225,,,,1.824685389587738e-05,,
train_step,135,44,6342,2278,2.053222179412842,1.9436477476900273,,,,1.8236913616739235e-05,,
train_step,135,45,6343,2278,1.749448299407959,1.9393322043948704,,,,1.8236913616739235e-05,,
train_step,135,46,6344,2279,2.3986291885375977,1.9493169214414514,,,,1.822697200366263e-05,,
train_step,135,47,6345,2280,1.615626335144043,1.9422171217329958,,,,1.821702906149301e-05,,
epoch_summary,135,47,6345,2280,,,1.9422171217329958,nan,nan,1.821702906149301e-05,9.749948024749756,0.21612232079767607
train_step,136,1,6346,2280,1.9443360567092896,1.9443360567092896,,,,1.821702906149301e-05,,
train_step,136,2,6347,2281,2.0082767009735107,1.9763063788414001,,,,1.8207084795076424e-05,,
train_step,136,3,6348,2281,1.8507981300354004,1.934470295906067,,,,1.8207084795076424e-05,,
train_step,136,4,6349,2282,2.0125718116760254,1.9539956748485565,,,,1.8197139209259597e-05,,
train_step,136,5,6350,2282,1.5035629272460938,1.863909125328064,,,,1.8197139209259597e-05,,
train_step,136,6,6351,2283,1.8001315593719482,1.8532795310020447,,,,1.818719230888989e-05,,
train_step,136,7,6352,2283,2.017867088317871,1.87679203919002,,,,1.818719230888989e-05,,
train_step,136,8,6353,2284,2.3397083282470703,1.9346565753221512,,,,1.8177244098815294e-05,,
train_step,136,9,6354,2284,2.1174187660217285,1.954963485399882,,,,1.8177244098815294e-05,,
train_step,136,10,6355,2285,2.2674856185913086,1.9862156987190247,,,,1.8167294583884444e-05,,
train_step,136,11,6356,2285,1.572742223739624,1.9486272009936245,,,,1.8167294583884444e-05,,
train_step,136,12,6357,2286,1.7537847757339478,1.9323903322219849,,,,1.8157343768946617e-05,,
train_step,136,13,6358,2286,1.7659854888916016,1.9195899596581092,,,,1.8157343768946617e-05,,
train_step,136,14,6359,2287,1.7049338817596436,1.9042573826653617,,,,1.8147391658851724e-05,,
train_step,136,15,6360,2287,2.241640329360962,1.926749579111735,,,,1.8147391658851724e-05,,
train_step,136,16,6361,2288,1.879472255706787,1.9237947463989258,,,,1.813743825845029e-05,,
train_step,136,17,6362,2288,1.6665799617767334,1.9086644649505615,,,,1.813743825845029e-05,,
train_step,136,18,6363,2289,1.842344045639038,1.9049799972110324,,,,1.8127483572593492e-05,,
train_step,136,19,6364,2289,2.250122547149658,1.9231453945762234,,,,1.8127483572593492e-05,,
train_step,136,20,6365,2290,1.9835920333862305,1.9261677265167236,,,,1.8117527606133122e-05,,
train_step,136,21,6366,2290,1.7418756484985352,1.9173919132777624,,,,1.8117527606133122e-05,,
train_step,136,22,6367,2291,1.8270456790924072,1.9132852662693371,,,,1.8107570363921594e-05,,
train_step,136,23,6368,2291,1.8050506114959717,1.9085794117139734,,,,1.8107570363921594e-05,,
train_step,136,24,6369,2292,2.0491409301757812,1.914436141649882,,,,1.8097611850811945e-05,,
train_step,136,25,6370,2292,1.87839937210083,1.91299467086792,,,,1.8097611850811945e-05,,
train_step,136,26,6371,2293,1.830783486366272,1.909832702233241,,,,1.8087652071657837e-05,,
train_step,136,27,6372,2293,2.276334762573242,1.9234068526162043,,,,1.8087652071657837e-05,,
train_step,136,28,6373,2294,1.8150386810302734,1.9195365607738495,,,,1.8077691031313544e-05,,
train_step,136,29,6374,2294,2.0032572746276855,1.9224234819412231,,,,1.8077691031313544e-05,,
train_step,136,30,6375,2295,1.7829513549804688,1.9177744110425314,,,,1.8067728734633962e-05,,
train_step,136,31,6376,2295,1.9281761646270752,1.9181099514807425,,,,1.8067728734633962e-05,,
train_step,136,32,6377,2296,2.0821619033813477,1.9232365749776363,,,,1.805776518647458e-05,,
train_step,136,33,6378,2296,1.9885945320129395,1.9252171191302212,,,,1.805776518647458e-05,,
train_step,136,34,6379,2297,1.7427537441253662,1.9198505492771374,,,,1.804780039169152e-05,,
train_step,136,35,6380,2297,1.8290698528289795,1.9172568150929041,,,,1.804780039169152e-05,,
train_step,136,36,6381,2298,1.9298813343048096,1.917607496182124,,,,1.8037834355141506e-05,,
train_step,136,37,6382,2298,2.1259102821350098,1.9232373012078774,,,,1.8037834355141506e-05,,
train_step,136,38,6383,2299,1.6684341430664062,1.9165319549409967,,,,1.802786708168185e-05,,
train_step,136,39,6384,2299,2.15909481048584,1.9227515153395824,,,,1.802786708168185e-05,,
train_step,136,40,6385,2300,1.8131284713745117,1.9200109392404556,,,,1.8017898576170493e-05,,
train_step,136,41,6386,2300,1.8415675163269043,1.918097685023052,,,,1.8017898576170493e-05,,
train_step,136,42,6387,2301,1.8552978038787842,1.9166024497577123,,,,1.8007928843465957e-05,,
train_step,136,43,6388,2301,2.0812549591064453,1.9204315778821013,,,,1.8007928843465957e-05,,
train_step,136,44,6389,2302,2.0589616298675537,1.923579988154498,,,,1.7997957888427365e-05,,
train_step,136,45,6390,2302,2.064584732055664,1.9267134269078572,,,,1.7997957888427365e-05,,
train_step,136,46,6391,2303,1.9430842399597168,1.927069314148115,,,,1.7987985715914443e-05,,
train_step,136,47,6392,2304,2.0579404830932617,1.9298538071043947,,,,1.7978012330787514e-05,,
epoch_summary,136,47,6392,2304,,,1.9298538071043947,nan,nan,1.7978012330787514e-05,9.181861639022827,0.21612232079767607
train_step,137,1,6393,2304,2.1136326789855957,2.1136326789855957,,,,1.7978012330787514e-05,,
train_step,137,2,6394,2305,2.156219482421875,2.1349260807037354,,,,1.7968037737907473e-05,,
train_step,137,3,6395,2305,1.7154678106307983,1.9951066573460896,,,,1.7968037737907473e-05,,
train_step,137,4,6396,2306,2.1889092922210693,2.0435573160648346,,,,1.7958061942135825e-05,,
train_step,137,5,6397,2306,1.9133392572402954,2.017513704299927,,,,1.7958061942135825e-05,,
train_step,137,6,6398,2307,1.882187843322754,1.9949593941370647,,,,1.794808494833464e-05,,
train_step,137,7,6399,2307,1.7791060209274292,1.9641231979642595,,,,1.794808494833464e-05,,
train_step,137,8,6400,2308,1.8393827676773071,1.9485306441783905,,,,1.79381067613666e-05,,
train_step,137,9,6401,2308,2.145000696182251,1.9703606499565973,,,,1.79381067613666e-05,,
train_step,137,10,6402,2309,1.9497939348220825,1.9683039784431458,,,,1.7928127386094937e-05,,
train_step,137,11,6403,2309,1.6921546459197998,1.9431994936682961,,,,1.7928127386094937e-05,,
train_step,137,12,6404,2310,1.8197031021118164,1.9329081277052562,,,,1.7918146827383483e-05,,
train_step,137,13,6405,2310,1.7404011487960815,1.9180998985583966,,,,1.7918146827383483e-05,,
train_step,137,14,6406,2311,1.8750884532928467,1.915027652468,,,,1.7908165090096645e-05,,
train_step,137,15,6407,2311,1.7771364450454712,1.9058349053064982,,,,1.7908165090096645e-05,,
train_step,137,16,6408,2312,1.8698011636734009,1.9035827964544296,,,,1.7898182179099392e-05,,
train_step,137,17,6409,2312,1.9879200458526611,1.9085438111249138,,,,1.7898182179099392e-05,,
train_step,137,18,6410,2313,1.7814435958862305,1.901482688056098,,,,1.7888198099257283e-05,,
train_step,137,19,6411,2313,2.0026774406433105,1.9068087276659513,,,,1.7888198099257283e-05,,
train_step,137,20,6412,2314,2.2850708961486816,1.9257218360900878,,,,1.787821285543643e-05,,
train_step,137,21,6413,2314,1.7499672174453735,1.9173525685355777,,,,1.787821285543643e-05,,
train_step,137,22,6414,2315,1.9684779644012451,1.9196764501658352,,,,1.7868226452503524e-05,,
train_step,137,23,6415,2315,1.8240454196929932,1.9155185792757117,,,,1.7868226452503524e-05,,
train_step,137,24,6416,2316,2.344203233718872,1.93338043987751,,,,1.7858238895325814e-05,,
train_step,137,25,6417,2316,1.8671205043792725,1.9307300424575806,,,,1.7858238895325814e-05,,
train_step,137,26,6418,2317,2.23698353767395,1.9425090230428255,,,,1.784825018877111e-05,,
train_step,137,27,6419,2317,2.1241652965545654,1.94923703317289,,,,1.784825018877111e-05,,
train_step,137,28,6420,2318,2.069765090942383,1.9535416066646576,,,,1.7838260337707803e-05,,
train_step,137,29,6421,2318,2.075674533843994,1.9577530869122208,,,,1.7838260337707803e-05,,
train_step,137,30,6422,2319,1.8188531398773193,1.9531230886777242,,,,1.78282693470048e-05,,
train_step,137,31,6423,2319,1.7590259313583374,1.9468618900545183,,,,1.78282693470048e-05,,
train_step,137,32,6424,2320,1.6440688371658325,1.9373996071517467,,,,1.7818277221531607e-05,,
train_step,137,33,6425,2320,1.7791354656219482,1.9326037240750862,,,,1.7818277221531607e-05,,
train_step,137,34,6426,2321,1.7344582080841064,1.9267759147812338,,,,1.780828396615826e-05,,
train_step,137,35,6427,2321,2.295192003250122,1.9373020887374879,,,,1.780828396615826e-05,,
train_step,137,36,6428,2322,2.057694673538208,1.9406463272041745,,,,1.7798289585755347e-05,,
train_step,137,37,6429,2322,1.4386918544769287,1.9270799901034381,,,,1.7798289585755347e-05,,
train_step,137,38,6430,2323,1.6658785343170166,1.9202062675827427,,,,1.7788294085194012e-05,,
train_step,137,39,6431,2323,2.1003663539886475,1.924825756977766,,,,1.7788294085194012e-05,,
train_step,137,40,6432,2324,1.6337487697601318,1.917548832297325,,,,1.7778297469345934e-05,,
train_step,137,41,6433,2324,1.4540724754333496,1.9062445309103988,,,,1.7778297469345934e-05,,
train_step,137,42,6434,2325,2.08351469039917,1.9104652489934648,,,,1.776829974308335e-05,,
train_step,137,43,6435,2325,2.4304018020629883,1.9225567967392678,,,,1.776829974308335e-05,,
train_step,137,44,6436,2326,1.8538233041763306,1.920994671908292,,,,1.7758300911279023e-05,,
train_step,137,45,6437,2326,1.5835564136505127,1.913496043947008,,,,1.7758300911279023e-05,,
train_step,137,46,6438,2327,2.24114990234375,1.9206189539121545,,,,1.7748300978806274e-05,,
train_step,137,47,6439,2328,2.249523401260376,1.9276169208770102,,,,1.7738299950538933e-05,,
epoch_summary,137,47,6439,2328,,,1.9276169208770102,nan,nan,1.7738299950538933e-05,9.076817035675049,0.21612232079767607
train_step,138,1,6440,2328,1.949297308921814,1.949297308921814,,,,1.7738299950538933e-05,,
train_step,138,2,6441,2329,1.9361995458602905,1.9427484273910522,,,,1.772829783135139e-05,,
train_step,138,3,6442,2329,2.200385093688965,2.028627316157023,,,,1.772829783135139e-05,,
train_step,138,4,6443,2330,2.449974536895752,2.1339641213417053,,,,1.7718294626118555e-05,,
train_step,138,5,6444,2330,2.1864099502563477,2.144453287124634,,,,1.7718294626118555e-05,,
train_step,138,6,6445,2331,1.7813475131988525,2.0839356581370034,,,,1.7708290339715862e-05,,
train_step,138,7,6446,2331,1.839931607246399,2.049077936581203,,,,1.7708290339715862e-05,,
train_step,138,8,6447,2332,1.9898682832717896,2.0416767299175262,,,,1.7698284977019293e-05,,
train_step,138,9,6448,2332,2.3640494346618652,2.077495919333564,,,,1.7698284977019293e-05,,
train_step,138,10,6449,2333,1.8348984718322754,2.053236174583435,,,,1.7688278542905325e-05,,
train_step,138,11,6450,2333,1.8561629056930542,2.035320422866128,,,,1.7688278542905325e-05,,
train_step,138,12,6451,2334,1.6357710361480713,2.002024640639623,,,,1.767827104225098e-05,,
train_step,138,13,6452,2334,1.7875169515609741,1.9855240491720347,,,,1.767827104225098e-05,,
train_step,138,14,6453,2335,1.5767099857330322,1.9563230446406774,,,,1.7668262479933792e-05,,
train_step,138,15,6454,2335,1.8060551881790161,1.9463051875432333,,,,1.7668262479933792e-05,,
train_step,138,16,6455,2336,2.1417698860168457,1.958521731197834,,,,1.7658252860831807e-05,,
train_step,138,17,6456,2336,2.3584189414978027,1.9820450965095968,,,,1.7658252860831807e-05,,
train_step,138,18,6457,2337,1.839964509010315,1.9741517305374146,,,,1.7648242189823603e-05,,
train_step,138,19,6458,2337,2.060750722885132,1.978709572239926,,,,1.7648242189823603e-05,,
train_step,138,20,6459,2338,2.1636219024658203,1.9879551887512208,,,,1.7638230471788246e-05,,
train_step,138,21,6460,2338,2.120561361312866,1.9942697683970134,,,,1.7638230471788246e-05,,
train_step,138,22,6461,2339,1.329143762588501,1.96403676813299,,,,1.7628217711605337e-05,,
train_step,138,23,6462,2339,1.952242136001587,1.9635239580403203,,,,1.7628217711605337e-05,,
train_step,138,24,6463,2340,2.129934310913086,1.9704577227433522,,,,1.761820391415497e-05,,
train_step,138,25,6464,2340,2.09790301322937,1.975555534362793,,,,1.761820391415497e-05,,
train_step,138,26,6465,2341,1.7808585166931152,1.9680671875293438,,,,1.7608189084317748e-05,,
train_step,138,27,6466,2341,2.123783826828003,1.973834470466331,,,,1.7608189084317748e-05,,
train_step,138,28,6467,2342,1.8274517059326172,1.968606514590127,,,,1.7598173226974774e-05,,
train_step,138,29,6468,2342,1.7985715866088867,1.9627432412114636,,,,1.7598173226974774e-05,,
train_step,138,30,6469,2343,1.60201096534729,1.9507188320159912,,,,1.7588156347007655e-05,,
train_step,138,31,6470,2343,1.9273746013641357,1.9499657923175442,,,,1.7588156347007655e-05,,
train_step,138,32,6471,2344,1.7699127197265625,1.944339133799076,,,,1.7578138449298507e-05,,
train_step,138,33,6472,2344,1.941209316253662,1.9442442908431545,,,,1.7578138449298507e-05,,
train_step,138,34,6473,2345,2.0042481422424316,1.9460091100019568,,,,1.7568119538729923e-05,,
train_step,138,35,6474,2345,1.793215274810791,1.9416435718536378,,,,1.7568119538729923e-05,,
train_step,138,36,6475,2346,2.084181308746338,1.9456029534339905,,,,1.7558099620184996e-05,,
train_step,138,37,6476,2346,1.6357357501983643,1.9372281641573519,,,,1.7558099620184996e-05,,
train_step,138,38,6477,2347,1.7236846685409546,1.9316085984832363,,,,1.7548078698547318e-05,,
train_step,138,39,6478,2347,1.6932082176208496,1.9254957682047136,,,,1.7548078698547318e-05,,
train_step,138,40,6479,2348,1.6924620866775513,1.9196699261665344,,,,1.7538056778700957e-05,,
train_step,138,41,6480,2348,1.5379347801208496,1.910359312848347,,,,1.7538056778700957e-05,,
train_step,138,42,6481,2349,1.6962518692016602,1.905261516571045,,,,1.7528033865530493e-05,,
train_step,138,43,6482,2349,2.2142515182495117,1.9124473305635674,,,,1.7528033865530493e-05,,
train_step,138,44,6483,2350,2.0855560302734375,1.9163816191933372,,,,1.7518009963920948e-05,,
train_step,138,45,6484,2350,1.8842835426330566,1.9156683286031086,,,,1.7518009963920948e-05,,
train_step,138,46,6485,2351,1.917529582977295,1.9157087906547214,,,,1.750798507875787e-05,,
train_step,138,47,6486,2352,1.8643794059753418,1.914616676087075,,,,1.749795921492725e-05,,
epoch_summary,138,47,6486,2352,,,1.914616676087075,nan,nan,1.749795921492725e-05,9.162535905838013,0.21612232079767607
train_step,139,1,6487,2352,2.0775198936462402,2.0775198936462402,,,,1.749795921492725e-05,,
train_step,139,2,6488,2353,1.8118422031402588,1.9446810483932495,,,,1.748793237731559e-05,,
train_step,139,3,6489,2353,2.3089241981506348,2.0660954316457114,,,,1.748793237731559e-05,,
train_step,139,4,6490,2354,1.6447796821594238,1.9607664942741394,,,,1.7477904570809833e-05,,
train_step,139,5,6491,2354,1.5991160869598389,1.8884364128112794,,,,1.7477904570809833e-05,,
train_step,139,6,6492,2355,1.5418156385421753,1.8306662837664287,,,,1.7467875800297414e-05,,
train_step,139,7,6493,2355,1.650721788406372,1.8049599272864205,,,,1.7467875800297414e-05,,
train_step,139,8,6494,2356,2.1646785736083984,1.8499247580766678,,,,1.745784607066624e-05,,
train_step,139,9,6495,2356,2.5585169792175293,1.928657227092319,,,,1.745784607066624e-05,,
train_step,139,10,6496,2357,2.0618488788604736,1.9419763922691344,,,,1.744781538680467e-05,,
train_step,139,11,6497,2357,1.9253251552581787,1.9404626434499568,,,,1.744781538680467e-05,,
train_step,139,12,6498,2358,1.9433916807174683,1.940706729888916,,,,1.7437783753601552e-05,,
train_step,139,13,6499,2358,1.660198450088501,1.9191291699042687,,,,1.7437783753601552e-05,,
train_step,139,14,6500,2359,2.1570286750793457,1.9361219917024886,,,,1.7427751175946164e-05,,
train_step,139,15,6501,2359,2.0070297718048096,1.9408491770426433,,,,1.7427751175946164e-05,,
train_step,139,16,6502,2360,1.7392520904541016,1.9282493591308594,,,,1.7417717658728278e-05,,
train_step,139,17,6503,2360,1.737714409828186,1.9170414209365845,,,,1.7417717658728278e-05,,
train_step,139,18,6504,2361,1.766709804534912,1.9086896644698248,,,,1.74076832068381e-05,,
train_step,139,19,6505,2361,1.7602946758270264,1.9008794019096775,,,,1.74076832068381e-05,,
train_step,139,20,6506,2362,1.9070689678192139,1.9011888802051544,,,,1.73976478251663e-05,,
train_step,139,21,6507,2362,1.7469193935394287,1.8938427141734533,,,,1.73976478251663e-05,,
train_step,139,22,6508,2363,2.152099132537842,1.9055816422809253,,,,1.7387611518604002e-05,,
train_step,139,23,6509,2363,2.415421962738037,1.9277486127355825,,,,1.7387611518604002e-05,,
train_step,139,24,6510,2364,1.9664573669433594,1.9293614774942398,,,,1.737757429204278e-05,,
train_step,139,25,6511,2364,1.9502297639846802,1.9301962089538574,,,,1.737757429204278e-05,,
train_step,139,26,6512,2365,2.0882949829101562,1.9362769310290997,,,,1.736753615037466e-05,,
train_step,139,27,6513,2365,1.7987329959869385,1.9311827112127233,,,,1.736753615037466e-05,,
train_step,139,28,6514,2366,1.5765182971954346,1.9185161249978202,,,,1.735749709849211e-05,,
train_step,139,29,6515,2366,1.7359035015106201,1.9122191379810203,,,,1.735749709849211e-05,,
train_step,139,30,6516,2367,1.7645319700241089,1.9072962323824565,,,,1.734745714128804e-05,,
train_step,139,31,6517,2367,2.0062150955200195,1.91048716345141,,,,1.734745714128804e-05,,
train_step,139,32,6518,2368,1.7274481058120728,1.9047671929001808,,,,1.7337416283655794e-05,,
train_step,139,33,6519,2368,1.8167920112609863,1.9021012783050537,,,,1.7337416283655794e-05,,
train_step,139,34,6520,2369,2.0351057052612305,1.9060131732155294,,,,1.7327374530489174e-05,,
train_step,139,35,6521,2369,1.9934648275375366,1.908511791910444,,,,1.7327374530489174e-05,,
train_step,139,36,6522,2370,2.0300140380859375,1.9118868543042078,,,,1.7317331886682413e-05,,
train_step,139,37,6523,2370,2.061969518661499,1.9159431425300804,,,,1.7317331886682413e-05,,
train_step,139,38,6524,2371,1.7678401470184326,1.912045695279774,,,,1.7307288357130168e-05,,
train_step,139,39,6525,2371,1.895243763923645,1.9116148765270526,,,,1.7307288357130168e-05,,
train_step,139,40,6526,2372,1.866877794265747,1.91049644947052,,,,1.7297243946727528e-05,,
train_step,139,41,6527,2372,2.1189234256744385,1.9155800342559814,,,,1.7297243946727528e-05,,
train_step,139,42,6528,2373,2.2169289588928223,1.9227550086520968,,,,1.7287198660370024e-05,,
train_step,139,43,6529,2373,2.067981004714966,1.926132357397745,,,,1.7287198660370024e-05,,
train_step,139,44,6530,2374,1.743678092956543,1.9219856695695356,,,,1.72771525029536e-05,,
train_step,139,45,6531,2374,1.7833762168884277,1.9189054595099555,,,,1.72771525029536e-05,,
train_step,139,46,6532,2375,1.8290767669677734,1.916952661845995,,,,1.7267105479374637e-05,,
train_step,139,47,6533,2376,1.4563409090042114,1.9071524117855316,,,,1.7257057594529936e-05,,
epoch_summary,139,47,6533,2376,,,1.9071524117855316,nan,nan,1.7257057594529936e-05,9.221134901046753,0.21612232079767607
train_step,140,1,6534,2376,2.107515335083008,2.107515335083008,,,,1.7257057594529936e-05,,
train_step,140,2,6535,2377,2.415679454803467,2.2615973949432373,,,,1.7247008853316703e-05,,
train_step,140,3,6536,2377,1.7916187047958374,2.1049378315607705,,,,1.7247008853316703e-05,,
train_step,140,4,6537,2378,2.209773063659668,2.131146639585495,,,,1.7236959260632582e-05,,
train_step,140,5,6538,2378,1.7215726375579834,2.049231839179993,,,,1.7236959260632582e-05,,
train_step,140,6,6539,2379,1.5799427032470703,1.9710169831911724,,,,1.7226908821375612e-05,,
train_step,140,7,6540,2379,2.3262176513671875,2.021759935787746,,,,1.7226908821375612e-05,,
train_step,140,8,6541,2380,1.8676738739013672,2.0024991780519485,,,,1.721685754044427e-05,,
train_step,140,9,6542,2380,1.6016888618469238,1.9579646984736125,,,,1.721685754044427e-05,,
train_step,140,10,6543,2381,1.7517107725143433,1.9373393058776855,,,,1.720680542273741e-05,,
train_step,140,11,6544,2381,1.6304372549057007,1.909439119425687,,,,1.720680542273741e-05,,
train_step,140,12,6545,2382,1.8057794570922852,1.9008008142312367,,,,1.7196752473154325e-05,,
train_step,140,13,6546,2382,1.8323276042938232,1.895533644236051,,,,1.7196752473154325e-05,,
train_step,140,14,6547,2383,1.8696575164794922,1.8936853493962968,,,,1.7186698696594696e-05,,
train_step,140,15,6548,2383,2.0824050903320312,1.9062666654586793,,,,1.7186698696594696e-05,,
train_step,140,16,6549,2384,1.4139407873153687,1.8754962980747223,,,,1.7176644097958616e-05,,
train_step,140,17,6550,2384,1.4150261878967285,1.8484098210054285,,,,1.7176644097958616e-05,,
train_step,140,18,6551,2385,2.2786858081817627,1.872314042515225,,,,1.716658868214657e-05,,
train_step,140,19,6552,2385,1.9490034580230713,1.8763503275419537,,,,1.716658868214657e-05,,
train_step,140,20,6553,2386,1.807503342628479,1.8729079782962799,,,,1.7156532454059443e-05,,
train_step,140,21,6554,2386,1.8859530687332153,1.8735291730789911,,,,1.7156532454059443e-05,,
train_step,140,22,6555,2387,2.046975612640381,1.8814131021499634,,,,1.7146475418598523e-05,,
train_step,140,23,6556,2387,2.0749073028564453,1.8898258934850278,,,,1.7146475418598523e-05,,
train_step,140,24,6557,2388,1.5466442108154297,1.8755266567071278,,,,1.7136417580665484e-05,,
train_step,140,25,6558,2388,1.8668508529663086,1.8751796245574952,,,,1.7136417580665484e-05,,
train_step,140,26,6559,2389,1.7848771810531616,1.8717064536534822,,,,1.71263589451624e-05,,
train_step,140,27,6560,2389,2.104753255844116,1.88033781669758,,,,1.71263589451624e-05,,
train_step,140,28,6561,2390,1.9638334512710571,1.8833198036466325,,,,1.7116299516991717e-05,,
train_step,140,29,6562,2390,2.1522042751312256,1.8925916819736874,,,,1.7116299516991717e-05,,
train_step,140,30,6563,2391,2.015665292739868,1.8966941356658935,,,,1.710623930105629e-05,,
train_step,140,31,6564,2391,1.6139334440231323,1.8875728230322562,,,,1.710623930105629e-05,,
train_step,140,32,6565,2392,1.645446538925171,1.8800063766539097,,,,1.7096178302259344e-05,,
train_step,140,33,6566,2392,1.9984321594238281,1.8835950367378467,,,,1.7096178302259344e-05,,
train_step,140,34,6567,2393,1.7954784631729126,1.8810033728094662,,,,1.7086116525504478e-05,,
train_step,140,35,6568,2393,1.9450628757476807,1.8828336443219866,,,,1.7086116525504478e-05,,
train_step,140,36,6569,2394,1.9495627880096436,1.8846872316466436,,,,1.7076053975695685e-05,,
train_step,140,37,6570,2394,2.1233224868774414,1.891136833139368,,,,1.7076053975695685e-05,,
train_step,140,38,6571,2395,1.759945273399353,1.8876844236725254,,,,1.706599065773733e-05,,
train_step,140,39,6572,2395,1.6482667922973633,1.8815455100475214,,,,1.706599065773733e-05,,
train_step,140,40,6573,2396,2.0270979404449463,1.885184320807457,,,,1.7055926576534156e-05,,
train_step,140,41,6574,2396,1.8451447486877441,1.8842077458777078,,,,1.7055926576534156e-05,,
train_step,140,42,6575,2397,2.2071356773376465,1.8918965061505635,,,,1.704586173699127e-05,,
train_step,140,43,6576,2397,1.977328896522522,1.8938833059266555,,,,1.704586173699127e-05,,
train_step,140,44,6577,2398,1.7894604206085205,1.8915100585330615,,,,1.7035796144014154e-05,,
train_step,140,45,6578,2398,2.115385055541992,1.8964850584665933,,,,1.7035796144014154e-05,,
train_step,140,46,6579,2399,1.8210229873657227,1.8948445786600527,,,,1.702572980250865e-05,,
train_step,140,47,6580,2400,2.090137481689453,1.8989997468096145,,,,1.7015662717380978e-05,,
epoch_summary,140,47,6580,2400,,,1.8989997468096145,2.2206760474613736,0.40469061876247503,1.7015662717380978e-05,150.77844381332397,0.21612232079767607
train_step,141,1,6581,2400,2.125047206878662,2.125047206878662,,,,1.7015662717380978e-05,,
train_step,141,2,6582,2401,1.4552252292633057,1.7901362180709839,,,,1.7005594893537708e-05,,
train_step,141,3,6583,2401,1.6920255422592163,1.7574326594670613,,,,1.7005594893537708e-05,,
train_step,141,4,6584,2402,1.7446486949920654,1.7542366683483124,,,,1.6995526335885777e-05,,
train_step,141,5,6585,2402,1.9805790185928345,1.7995051383972167,,,,1.6995526335885777e-05,,
train_step,141,6,6586,2403,1.9985692501068115,1.832682490348816,,,,1.698545704933248e-05,,
train_step,141,7,6587,2403,1.9468486309051514,1.848991938999721,,,,1.698545704933248e-05,,
train_step,141,8,6588,2404,1.9358274936676025,1.8598463833332062,,,,1.6975387038785464e-05,,
train_step,141,9,6589,2404,2.5211992263793945,1.9333300325605605,,,,1.6975387038785464e-05,,
train_step,141,10,6590,2405,1.7422493696212769,1.914221966266632,,,,1.6965316309152723e-05,,
train_step,141,11,6591,2405,1.8337767124176025,1.9069087613712659,,,,1.6965316309152723e-05,,
train_step,141,12,6592,2406,1.989438533782959,1.9137862424055736,,,,1.6955244865342615e-05,,
train_step,141,13,6593,2406,1.773784875869751,1.9030169065182025,,,,1.6955244865342615e-05,,
train_step,141,14,6594,2407,2.0833377838134766,1.9158969691821508,,,,1.6945172712263844e-05,,
train_step,141,15,6595,2407,1.8056856393814087,1.9085495471954346,,,,1.6945172712263844e-05,,
train_step,141,16,6596,2408,1.9780634641647339,1.9128941670060158,,,,1.6935099854825444e-05,,
train_step,141,17,6597,2408,1.8297996520996094,1.9080062543644625,,,,1.6935099854825444e-05,,
train_step,141,18,6598,2409,1.6020357608795166,1.8910078936152988,,,,1.6925026297936808e-05,,
train_step,141,19,6599,2409,1.8372292518615723,1.8881774387861554,,,,1.6925026297936808e-05,,
train_step,141,20,6600,2410,1.7384591102600098,1.880691522359848,,,,1.6914952046507667e-05,,
train_step,141,21,6601,2410,1.7148547172546387,1.8727945316405523,,,,1.6914952046507667e-05,,
train_step,141,22,6602,2411,1.741208791732788,1.8668133616447449,,,,1.690487710544809e-05,,
train_step,141,23,6603,2411,1.5418188571929932,1.8526831657990166,,,,1.690487710544809e-05,,
train_step,141,24,6604,2412,1.7255624532699585,1.847386469443639,,,,1.689480147966848e-05,,
train_step,141,25,6605,2412,2.0145926475524902,1.8540747165679932,,,,1.689480147966848e-05,,
train_step,141,26,6606,2413,1.9427893161773682,1.8574868165529692,,,,1.6884725174079568e-05,,
train_step,141,27,6607,2413,2.4588513374328613,1.8797595765855577,,,,1.6884725174079568e-05,,
train_step,141,28,6608,2414,1.5107604265213013,1.8665810355118342,,,,1.6874648193592427e-05,,
train_step,141,29,6609,2414,2.0327062606811523,1.8723094915521556,,,,1.6874648193592427e-05,,
train_step,141,30,6610,2415,2.5583951473236084,1.895179013411204,,,,1.686457054311846e-05,,
train_step,141,31,6611,2415,2.1094417572021484,1.902090714823815,,,,1.686457054311846e-05,,
train_step,141,32,6612,2416,2.0712478160858154,1.9073768742382526,,,,1.6854492227569385e-05,,
train_step,141,33,6613,2416,1.7311680316925049,1.902037212342927,,,,1.6854492227569385e-05,,
train_step,141,34,6614,2417,1.812957525253296,1.899417221546173,,,,1.684441325185725e-05,,
train_step,141,35,6615,2417,2.411315441131592,1.9140428849628994,,,,1.684441325185725e-05,,
train_step,141,36,6616,2418,1.961748719215393,1.9153680470254686,,,,1.6834333620894435e-05,,
train_step,141,37,6617,2418,1.7025959491729736,1.909617449786212,,,,1.6834333620894435e-05,,
train_step,141,38,6618,2419,1.9237494468688965,1.9099893444462825,,,,1.6824253339593617e-05,,
train_step,141,39,6619,2419,1.65244460105896,1.9033856330773768,,,,1.6824253339593617e-05,,
train_step,141,40,6620,2420,1.7368543148040771,1.8992223501205445,,,,1.6814172412867815e-05,,
train_step,141,41,6621,2420,2.0400593280792236,1.902657398363439,,,,1.6814172412867815e-05,,
train_step,141,42,6622,2421,2.2419281005859375,1.9107352722258795,,,,1.6804090845630335e-05,,
train_step,141,43,6623,2421,1.6719970703125,1.9051832210185915,,,,1.6804090845630335e-05,,
train_step,141,44,6624,2422,1.7155576944351196,1.9008735499598763,,,,1.679400864279483e-05,,
train_step,141,45,6625,2422,1.6873433589935303,1.8961284346050686,,,,1.679400864279483e-05,,
train_step,141,46,6626,2423,1.8620719909667969,1.8953880771346714,,,,1.6783925809275222e-05,,
train_step,141,47,6627,2424,1.858614444732666,1.8946056594239904,,,,1.677384234998578e-05,,
epoch_summary,141,47,6627,2424,,,1.8946056594239904,nan,nan,1.677384234998578e-05,9.258130073547363,0.21612232079767607
train_step,142,1,6628,2424,1.890445351600647,1.890445351600647,,,,1.677384234998578e-05,,
train_step,142,2,6629,2425,2.2444286346435547,2.067436993122101,,,,1.6763758269841047e-05,,
train_step,142,3,6630,2425,1.5347614288330078,1.889878471692403,,,,1.6763758269841047e-05,,
train_step,142,4,6631,2426,1.3327770233154297,1.7506031095981598,,,,1.6753673573755885e-05,,
train_step,142,5,6632,2426,2.0000579357147217,1.8004940748214722,,,,1.6753673573755885e-05,,
train_step,142,6,6633,2427,1.9202133417129517,1.820447285970052,,,,1.674358826664545e-05,,
train_step,142,7,6634,2427,2.111145257949829,1.861975567681449,,,,1.674358826664545e-05,,
train_step,142,8,6635,2428,1.8846502304077148,1.864809900522232,,,,1.6733502353425206e-05,,
train_step,142,9,6636,2428,1.8821499347686768,1.8667365709940593,,,,1.6733502353425206e-05,,
train_step,142,10,6637,2429,1.6283042430877686,1.8428933382034303,,,,1.6723415839010902e-05,,
train_step,142,11,6638,2429,1.6115200519561768,1.8218594030900435,,,,1.6723415839010902e-05,,
train_step,142,12,6639,2430,1.754825472831726,1.8162732422351837,,,,1.671332872831858e-05,,
train_step,142,13,6640,2430,1.6127623319625854,1.8006185568295991,,,,1.671332872831858e-05,,
train_step,142,14,6641,2431,2.169508457183838,1.8269678354263306,,,,1.670324102626457e-05,,
train_step,142,15,6642,2431,1.9990191459655762,1.8384379227956136,,,,1.670324102626457e-05,,
train_step,142,16,6643,2432,1.575972557067871,1.8220338374376297,,,,1.66931527377655e-05,,
train_step,142,17,6644,2432,1.891785740852356,1.8261368905796724,,,,1.66931527377655e-05,,
train_step,142,18,6645,2433,2.0450057983398438,1.8382962743441265,,,,1.6683063867738287e-05,,
train_step,142,19,6646,2433,2.0820183753967285,1.851123753346895,,,,1.6683063867738287e-05,,
train_step,142,20,6647,2434,1.8175783157348633,1.8494464814662934,,,,1.6672974421100112e-05,,
train_step,142,21,6648,2434,1.8855074644088745,1.8511636711302257,,,,1.6672974421100112e-05,,
train_step,142,22,6649,2435,2.095747947692871,1.8622811382467097,,,,1.666288440276845e-05,,
train_step,142,23,6650,2435,1.9338011741638184,1.8653907050257144,,,,1.666288440276845e-05,,
train_step,142,24,6651,2436,1.806736707687378,1.8629467884699504,,,,1.665279381766107e-05,,
train_step,142,25,6652,2436,1.9778436422348022,1.8675426626205445,,,,1.665279381766107e-05,,
train_step,142,26,6653,2437,1.9231077432632446,1.8696797811068022,,,,1.6642702670695976e-05,,
train_step,142,27,6654,2437,1.2936854362487793,1.8483466572231717,,,,1.6642702670695976e-05,,
train_step,142,28,6655,2438,1.7839787006378174,1.8460478016308375,,,,1.6632610966791488e-05,,
train_step,142,29,6656,2438,2.037396192550659,1.852646022007383,,,,1.6632610966791488e-05,,
train_step,142,30,6657,2439,1.862577199935913,1.8529770612716674,,,,1.662251871086617e-05,,
train_step,142,31,6658,2439,2.0441646575927734,1.8591444030884774,,,,1.662251871086617e-05,,
train_step,142,32,6659,2440,1.757805585861206,1.8559775650501251,,,,1.661242590783887e-05,,
train_step,142,33,6660,2440,1.7663145065307617,1.8532605026707505,,,,1.661242590783887e-05,,
train_step,142,34,6661,2441,1.8705030679702759,1.853767636944266,,,,1.6602332562628695e-05,,
train_step,142,35,6662,2441,2.011815309524536,1.8582832847322737,,,,1.6602332562628695e-05,,
train_step,142,36,6663,2442,2.2257046699523926,1.8684894343217213,,,,1.6592238680155026e-05,,
train_step,142,37,6664,2442,2.1692094802856445,1.8766170031315572,,,,1.6592238680155026e-05,,
train_step,142,38,6665,2443,1.9503872394561768,1.8785583251400997,,,,1.6582144265337488e-05,,
train_step,142,39,6666,2443,2.1200270652770996,1.8847498312974587,,,,1.6582144265337488e-05,,
train_step,142,40,6667,2444,1.6994595527648926,1.8801175743341445,,,,1.6572049323095985e-05,,
train_step,142,41,6668,2444,2.224060297012329,1.8885064212287344,,,,1.6572049323095985e-05,,
train_step,142,42,6669,2445,1.83137845993042,1.8871462316740126,,,,1.656195385835066e-05,,
train_step,142,43,6670,2445,1.9514861106872559,1.8886425079301346,,,,1.656195385835066e-05,,
train_step,142,44,6671,2446,2.0796852111816406,1.892984387549487,,,,1.655185787602193e-05,,
train_step,142,45,6672,2446,1.9813495874404907,1.894948058658176,,,,1.655185787602193e-05,,
train_step,142,46,6673,2447,1.5385794639587402,1.8872009152951448,,,,1.6541761381030448e-05,,
train_step,142,47,6674,2448,1.8571975231170654,1.8865625452488026,,,,1.6531664378297123e-05,,
epoch_summary,142,47,6674,2448,,,1.8865625452488026,nan,nan,1.6531664378297123e-05,9.27873420715332,0.21612232079767607
train_step,143,1,6675,2448,1.8473730087280273,1.8473730087280273,,,,1.6531664378297123e-05,,
train_step,143,2,6676,2449,1.6823514699935913,1.7648622393608093,,,,1.6521566872743113e-05,,
train_step,143,3,6677,2449,1.5392674207687378,1.6896639664967854,,,,1.6521566872743113e-05,,
train_step,143,4,6678,2450,1.5638625621795654,1.6582136154174805,,,,1.6511468869289817e-05,,
train_step,143,5,6679,2450,2.0177807807922363,1.7301270484924316,,,,1.6511468869289817e-05,,
train_step,143,6,6680,2451,1.8545475006103516,1.750863790512085,,,,1.6501370372858888e-05,,
train_step,143,7,6681,2451,2.1791415214538574,1.8120463235037667,,,,1.6501370372858888e-05,,
train_step,143,8,6682,2452,1.9574618339538574,1.830223262310028,,,,1.6491271388372196e-05,,
train_step,143,9,6683,2452,1.912386178970337,1.8393524752722845,,,,1.6491271388372196e-05,,
train_step,143,10,6684,2453,2.1663143634796143,1.8720486640930176,,,,1.648117192075188e-05,,
train_step,143,11,6685,2453,1.6971585750579834,1.8561495650898328,,,,1.648117192075188e-05,,
train_step,143,12,6686,2454,1.5041602849960327,1.826817125082016,,,,1.6471071974920285e-05,,
train_step,143,13,6687,2454,1.5942904949188232,1.8089304612233088,,,,1.6471071974920285e-05,,
train_step,143,14,6688,2455,1.62087082862854,1.7954976303236825,,,,1.6460971555800006e-05,,
train_step,143,15,6689,2455,1.8120324611663818,1.7965999523798624,,,,1.6460971555800006e-05,,
train_step,143,16,6690,2456,2.2134950160980225,1.8226558938622475,,,,1.6450870668313864e-05,,
train_step,143,17,6691,2456,1.9574958086013794,1.8305876535527847,,,,1.6450870668313864e-05,,
train_step,143,18,6692,2457,1.579609990119934,1.8166444500287373,,,,1.6440769317384908e-05,,
train_step,143,19,6693,2457,1.8756331205368042,1.819749116897583,,,,1.6440769317384908e-05,,
train_step,143,20,6694,2458,1.4642095565795898,1.8019721388816834,,,,1.6430667507936417e-05,,
train_step,143,21,6695,2458,1.8237336874008179,1.8030084030968803,,,,1.6430667507936417e-05,,
train_step,143,22,6696,2459,2.000681161880493,1.8119935284961353,,,,1.642056524489189e-05,,
train_step,143,23,6697,2459,1.9402461051940918,1.817569727483003,,,,1.642056524489189e-05,,
train_step,143,24,6698,2460,1.6737217903137207,1.811576063434283,,,,1.6410462533175047e-05,,
train_step,143,25,6699,2460,1.9028853178024292,1.8152284336090088,,,,1.6410462533175047e-05,,
train_step,143,26,6700,2461,1.9269051551818848,1.8195236921310425,,,,1.640035937770982e-05,,
train_step,143,27,6701,2461,1.8482401371002197,1.8205872641669378,,,,1.640035937770982e-05,,
train_step,143,28,6702,2462,1.9124805927276611,1.8238691687583923,,,,1.6390255783420375e-05,,
train_step,143,29,6703,2462,2.3783559799194336,1.8429894036260144,,,,1.6390255783420375e-05,,
train_step,143,30,6704,2463,1.7232513427734375,1.8389981349309286,,,,1.6380151755231075e-05,,
train_step,143,31,6705,2463,1.8564839363098145,1.8395621930399249,,,,1.6380151755231075e-05,,
train_step,143,32,6706,2464,1.9031070470809937,1.8415479697287083,,,,1.6370047298066502e-05,,
train_step,143,33,6707,2464,1.6055783033370972,1.8343973737774473,,,,1.6370047298066502e-05,,
train_step,143,34,6708,2465,1.978645920753479,1.8386399781002718,,,,1.6359942416851446e-05,,
train_step,143,35,6709,2465,2.212376117706299,1.8493181535175869,,,,1.6359942416851446e-05,,
train_step,143,36,6710,2466,1.7319774627685547,1.8460586898856692,,,,1.6349837116510898e-05,,
train_step,143,37,6711,2466,1.629624843597412,1.8402091264724731,,,,1.6349837116510898e-05,,
train_step,143,38,6712,2467,1.7638788223266602,1.8382004342581098,,,,1.633973140197007e-05,,
train_step,143,39,6713,2467,2.065450668334961,1.8440273633370032,,,,1.633973140197007e-05,,
train_step,143,40,6714,2468,2.136475086212158,1.8513385564088822,,,,1.6329625278154356e-05,,
train_step,143,41,6715,2468,2.2605090141296387,1.861318323670364,,,,1.6329625278154356e-05,,
train_step,143,42,6716,2469,2.2730979919433594,1.8711226014863878,,,,1.631951874998936e-05,,
train_step,143,43,6717,2469,1.7460801601409912,1.8682146377341693,,,,1.631951874998936e-05,,
train_step,143,44,6718,2470,1.9249359369277954,1.869503758170388,,,,1.6309411822400877e-05,,
train_step,143,45,6719,2470,1.939561128616333,1.8710605886247422,,,,1.6309411822400877e-05,,
train_step,143,46,6720,2471,2.1756482124328613,1.8776820587075276,,,,1.6299304500314907e-05,,
train_step,143,47,6721,2472,1.8504165410995483,1.877101941311613,,,,1.628919678865763e-05,,
epoch_summary,143,47,6721,2472,,,1.877101941311613,nan,nan,1.628919678865763e-05,9.161613941192627,0.21612232079767607
train_step,144,1,6722,2472,2.2806849479675293,2.2806849479675293,,,,1.628919678865763e-05,,
train_step,144,2,6723,2473,1.907222032546997,2.093953490257263,,,,1.6279088692355433e-05,,
train_step,144,3,6724,2473,1.8565599918365479,2.014822324117025,,,,1.6279088692355433e-05,,
train_step,144,4,6725,2474,1.9413347244262695,1.996450424194336,,,,1.6268980216334866e-05,,
train_step,144,5,6726,2474,1.677039384841919,1.9325682163238525,,,,1.6268980216334866e-05,,
train_step,144,6,6727,2475,2.026254177093506,1.9481825431187947,,,,1.6258871365522688e-05,,
train_step,144,7,6728,2475,1.974664568901062,1.9519656896591187,,,,1.6258871365522688e-05,,
train_step,144,8,6729,2476,1.5187501907348633,1.8978137522935867,,,,1.624876214484582e-05,,
train_step,144,9,6730,2476,2.1323535442352295,1.9238737291759915,,,,1.624876214484582e-05,,
train_step,144,10,6731,2477,2.275378465652466,1.9590242028236389,,,,1.6238652559231382e-05,,
train_step,144,11,6732,2477,1.818864107131958,1.946282375942577,,,,1.6238652559231382e-05,,
train_step,144,12,6733,2478,1.8115803003311157,1.9350572029749553,,,,1.622854261360666e-05,,
train_step,144,13,6734,2478,2.0172135829925537,1.9413769245147705,,,,1.622854261360666e-05,,
train_step,144,14,6735,2479,1.453269362449646,1.906512098652976,,,,1.621843231289912e-05,,
train_step,144,15,6736,2479,1.5462806224822998,1.8824966669082641,,,,1.621843231289912e-05,,
train_step,144,16,6737,2480,1.8860167264938354,1.8827166706323624,,,,1.6208321662036394e-05,,
train_step,144,17,6738,2480,1.8397114276885986,1.8801869504591997,,,,1.6208321662036394e-05,,
train_step,144,18,6739,2481,1.9243817329406738,1.882642216152615,,,,1.6198210665946296e-05,,
train_step,144,19,6740,2481,1.9506677389144897,1.8862225068242926,,,,1.6198210665946296e-05,,
train_step,144,20,6741,2482,1.8434003591537476,1.8840813994407655,,,,1.6188099329556805e-05,,
train_step,144,21,6742,2482,1.6633965969085693,1.8735725993201846,,,,1.6188099329556805e-05,,
train_step,144,22,6743,2483,1.7790486812591553,1.869276057590138,,,,1.6177987657796054e-05,,
train_step,144,23,6744,2483,2.211158037185669,1.8841404914855957,,,,1.6177987657796054e-05,,
train_step,144,24,6745,2484,1.6520106792449951,1.8744684159755707,,,,1.6167875655592357e-05,,
train_step,144,25,6746,2484,2.185689687728882,1.886917266845703,,,,1.6167875655592357e-05,,
train_step,144,26,6747,2485,1.857064962387085,1.8857691012896025,,,,1.6157763327874177e-05,,
train_step,144,27,6748,2485,1.9354872703552246,1.8876105149586995,,,,1.6157763327874177e-05,,
train_step,144,28,6749,2486,1.5166921615600586,1.874363430908748,,,,1.614765067957015e-05,,
train_step,144,29,6750,2486,1.915781021118164,1.87579162367459,,,,1.614765067957015e-05,,
train_step,144,30,6751,2487,1.0826951265335083,1.8493550737698874,,,,1.613753771560904e-05,,
train_step,144,31,6752,2487,1.7493832111358643,1.8461301749752415,,,,1.613753771560904e-05,,
train_step,144,32,6753,2488,2.029642343521118,1.8518649302423,,,,1.61274244409198e-05,,
train_step,144,33,6754,2488,1.8766191005706787,1.8526150566158872,,,,1.61274244409198e-05,,
train_step,144,34,6755,2489,2.175629138946533,1.8621154708020828,,,,1.6117310860431504e-05,,
train_step,144,35,6756,2489,1.7623642683029175,1.8592654364449637,,,,1.6117310860431504e-05,,
train_step,144,36,6757,2490,1.9507405757904053,1.8618064125378926,,,,1.6107196979073393e-05,,
train_step,144,37,6758,2490,1.966505765914917,1.8646361247913257,,,,1.6107196979073393e-05,,
train_step,144,38,6759,2491,1.961837887763977,1.867194065922185,,,,1.609708280177486e-05,,
train_step,144,39,6760,2491,2.080681562423706,1.872668104294019,,,,1.609708280177486e-05,,
train_step,144,40,6761,2492,1.6954939365386963,1.8682387501001358,,,,1.6086968333465412e-05,,
train_step,144,41,6762,2492,1.7767608165740967,1.8660075809897445,,,,1.6086968333465412e-05,,
train_step,144,42,6763,2493,1.6948221921920776,1.861931738399324,,,,1.607685357907473e-05,,
train_step,144,43,6764,2493,1.8581936359405518,1.8618448057840036,,,,1.607685357907473e-05,,
train_step,144,44,6765,2494,2.048989772796631,1.8660981004888362,,,,1.6066738543532627e-05,,
train_step,144,45,6766,2494,1.7618129253387451,1.8637806521521674,,,,1.6066738543532627e-05,,
train_step,144,46,6767,2495,2.184493064880371,1.8707526611245198,,,,1.605662323176904e-05,,
train_step,144,47,6768,2496,1.7605763673782349,1.8684084846618327,,,,1.6046507648714052e-05,,
epoch_summary,144,47,6768,2496,,,1.8684084846618327,nan,nan,1.6046507648714052e-05,9.107365608215332,0.21612232079767607
train_step,145,1,6769,2496,2.017986297607422,2.017986297607422,,,,1.6046507648714052e-05,,
train_step,145,2,6770,2497,1.7226192951202393,1.8703027963638306,,,,1.6036391799297873e-05,,
train_step,145,3,6771,2497,1.9757872819900513,1.9054642915725708,,,,1.6036391799297873e-05,,
train_step,145,4,6772,2498,1.650052785873413,1.8416114151477814,,,,1.602627568845085e-05,,
train_step,145,5,6773,2498,1.7569973468780518,1.8246886014938355,,,,1.602627568845085e-05,,
train_step,145,6,6774,2499,1.750248908996582,1.8122819860776265,,,,1.6016159321103447e-05,,
train_step,145,7,6775,2499,1.7406483888626099,1.80204861504691,,,,1.6016159321103447e-05,,
train_step,145,8,6776,2500,1.5655553340911865,1.7724869549274445,,,,1.6006042702186265e-05,,
train_step,145,9,6777,2500,1.6178122758865356,1.7553008794784546,,,,1.6006042702186265e-05,,
train_step,145,10,6778,2501,1.8085079193115234,1.7606215834617616,,,,1.599592583663002e-05,,
train_step,145,11,6779,2501,2.25447940826416,1.8055177493528887,,,,1.599592583663002e-05,,
train_step,145,12,6780,2502,1.9605846405029297,1.8184399902820587,,,,1.5985808729365536e-05,,
train_step,145,13,6781,2502,1.725447654724121,1.8112867337006788,,,,1.5985808729365536e-05,,
train_step,145,14,6782,2503,1.8772403001785278,1.8159977027348109,,,,1.5975691385323784e-05,,
train_step,145,15,6783,2503,1.9353430271148682,1.8239540576934814,,,,1.5975691385323784e-05,,
train_step,145,16,6784,2504,2.048523187637329,1.837989628314972,,,,1.5965573809435833e-05,,
train_step,145,17,6785,2504,1.9631297588348389,1.8453508124631994,,,,1.5965573809435833e-05,,
train_step,145,18,6786,2505,2.071314811706543,1.8579043679767184,,,,1.595545600663286e-05,,
train_step,145,19,6787,2505,1.8252453804016113,1.8561854738938182,,,,1.595545600663286e-05,,
train_step,145,20,6788,2506,1.9574716091156006,1.8612497806549073,,,,1.5945337981846165e-05,,
train_step,145,21,6789,2506,1.6595425605773926,1.8516446749369304,,,,1.5945337981846165e-05,,
train_step,145,22,6790,2507,2.139101505279541,1.864710894497958,,,,1.593521974000714e-05,,
train_step,145,23,6791,2507,1.9667495489120483,1.8691473577333533,,,,1.593521974000714e-05,,
train_step,145,24,6792,2508,1.895444393157959,1.870243067542712,,,,1.5925101286047313e-05,,
train_step,145,25,6793,2508,1.9313466548919678,1.8726872110366821,,,,1.5925101286047313e-05,,
train_step,145,26,6794,2509,1.9960824251174927,1.877433180809021,,,,1.5914982624898276e-05,,
train_step,145,27,6795,2509,2.352837085723877,1.8950407328429046,,,,1.5914982624898276e-05,,
train_step,145,28,6796,2510,1.835084080696106,1.8928994238376617,,,,1.590486376149175e-05,,
train_step,145,29,6797,2510,1.7706544399261475,1.888684079564851,,,,1.590486376149175e-05,,
train_step,145,30,6798,2511,1.9965972900390625,1.892281186580658,,,,1.589474470075954e-05,,
train_step,145,31,6799,2511,1.7116787433624268,1.8864553013155538,,,,1.589474470075954e-05,,
train_step,145,32,6800,2512,1.7601492404937744,1.8825082369148731,,,,1.5884625447633564e-05,,
train_step,145,33,6801,2512,1.5627598762512207,1.8728188926523381,,,,1.5884625447633564e-05,,
train_step,145,34,6802,2513,2.265188217163086,1.8843591669026543,,,,1.587450600704582e-05,,
train_step,145,35,6803,2513,1.7363262176513672,1.8801296540669032,,,,1.587450600704582e-05,,
train_step,145,36,6804,2514,1.5363085269927979,1.8705790672037337,,,,1.5864386383928395e-05,,
train_step,145,37,6805,2514,1.9737612009048462,1.8733677735199799,,,,1.5864386383928395e-05,,
train_step,145,38,6806,2515,2.0635032653808594,1.8783713390952663,,,,1.5854266583213472e-05,,
train_step,145,39,6807,2515,1.840028166770935,1.8773881808305397,,,,1.5854266583213472e-05,,
train_step,145,40,6808,2516,1.9330724477767944,1.8787802875041961,,,,1.584414660983332e-05,,
train_step,145,41,6809,2516,1.7615163326263428,1.8759201910437606,,,,1.584414660983332e-05,,
train_step,145,42,6810,2517,1.6788899898529053,1.8712289957773118,,,,1.5834026468720293e-05,,
train_step,145,43,6811,2517,2.031510591506958,1.8749564747477687,,,,1.5834026468720293e-05,,
train_step,145,44,6812,2518,1.90811026096344,1.8757099698890338,,,,1.582390616480682e-05,,
train_step,145,45,6813,2518,1.6500680446624756,1.8706957048839994,,,,1.582390616480682e-05,,
train_step,145,46,6814,2519,1.3829588890075684,1.860092730625816,,,,1.581378570302542e-05,,
train_step,145,47,6815,2520,1.6575109958648682,1.8557824809500512,,,,1.5803665088308677e-05,,
epoch_summary,145,47,6815,2520,,,1.8557824809500512,nan,nan,1.5803665088308677e-05,9.459671258926392,0.21612232079767607
train_step,146,1,6816,2520,2.044877767562866,2.044877767562866,,,,1.5803665088308677e-05,,
train_step,146,2,6817,2521,1.643831491470337,1.8443546295166016,,,,1.579354432558926e-05,,
train_step,146,3,6818,2521,1.787767767906189,1.8254923423131306,,,,1.579354432558926e-05,,
train_step,146,4,6819,2522,1.9511923789978027,1.8569173514842987,,,,1.5783423419799908e-05,,
train_step,146,5,6820,2522,1.8345000743865967,1.8524338960647584,,,,1.5783423419799908e-05,,
train_step,146,6,6821,2523,2.3241939544677734,1.9310605724652607,,,,1.577330237587342e-05,,
train_step,146,7,6822,2523,1.8511312007904053,1.9196420907974243,,,,1.577330237587342e-05,,
train_step,146,8,6823,2524,1.7402458190917969,1.8972175568342209,,,,1.5763181198742674e-05,,
train_step,146,9,6824,2524,1.9861624240875244,1.9071003198623657,,,,1.5763181198742674e-05,,
train_step,146,10,6825,2525,1.5281968116760254,1.8692099690437316,,,,1.5753059893340612e-05,,
train_step,146,11,6826,2525,1.7444040775299072,1.8578639789061113,,,,1.5753059893340612e-05,,
train_step,146,12,6827,2526,1.9299392700195312,1.8638702531655629,,,,1.5742938464600233e-05,,
train_step,146,13,6828,2526,1.861592411994934,1.863695034613976,,,,1.5742938464600233e-05,,
train_step,146,14,6829,2527,1.6690607070922852,1.849792582648141,,,,1.5732816917454596e-05,,
train_step,146,15,6830,2527,1.7222696542739868,1.8412910540898642,,,,1.5732816917454596e-05,,
train_step,146,16,6831,2528,1.8101426362991333,1.8393442779779434,,,,1.572269525683682e-05,,
train_step,146,17,6832,2528,2.0029096603393555,1.8489657710580265,,,,1.572269525683682e-05,,
train_step,146,18,6833,2529,1.3491034507751465,1.8211956421534221,,,,1.5712573487680082e-05,,
train_step,146,19,6834,2529,1.8721891641616821,1.8238795117328042,,,,1.5712573487680082e-05,,
train_step,146,20,6835,2530,1.7607202529907227,1.8207215487957,,,,1.570245161491761e-05,,
train_step,146,21,6836,2530,1.9526292085647583,1.82700286592756,,,,1.570245161491761e-05,,
train_step,146,22,6837,2531,2.474088430404663,1.8564158461310647,,,,1.5692329643482678e-05,,
train_step,146,23,6838,2531,1.961921215057373,1.8610030360843823,,,,1.5692329643482678e-05,,
train_step,146,24,6839,2532,1.6951408386230469,1.85409211119016,,,,1.5682207578308614e-05,,
train_step,146,25,6840,2532,2.0667004585266113,1.862596445083618,,,,1.5682207578308614e-05,,
train_step,146,26,6841,2533,1.9885573387145996,1.867441094838656,,,,1.567208542432879e-05,,
train_step,146,27,6842,2533,1.6866343021392822,1.8607445469609014,,,,1.567208542432879e-05,,
train_step,146,28,6843,2534,1.7155245542526245,1.8555581186498915,,,,1.5661963186476623e-05,,
train_step,146,29,6844,2534,2.1563098430633545,1.8659288677675971,,,,1.5661963186476623e-05,,
train_step,146,30,6845,2535,1.801947832107544,1.8637961665789287,,,,1.5651840869685564e-05,,
train_step,146,31,6846,2535,1.887865662574768,1.864572601933633,,,,1.5651840869685564e-05,,
train_step,146,32,6847,2536,1.6003730297088623,1.856316365301609,,,,1.5641718478889114e-05,,
train_step,146,33,6848,2536,1.6177966594696045,1.8490884954279119,,,,1.5641718478889114e-05,,
train_step,146,34,6849,2537,2.2735671997070312,1.8615731632008272,,,,1.563159601902079e-05,,
train_step,146,35,6850,2537,1.5536689758300781,1.8527759007045201,,,,1.563159601902079e-05,,
train_step,146,36,6851,2538,1.7405145168304443,1.8496575289302402,,,,1.5621473495014175e-05,,
train_step,146,37,6852,2538,2.061234951019287,1.8553758376353495,,,,1.5621473495014175e-05,,
train_step,146,38,6853,2539,1.9110630750656128,1.8568412912519354,,,,1.561135091180285e-05,,
train_step,146,39,6854,2539,1.810150146484375,1.8556440824117415,,,,1.561135091180285e-05,,
train_step,146,40,6855,2540,2.004601240158081,1.8593680113554,,,,1.560122827432044e-05,,
train_step,146,41,6856,2540,2.033987045288086,1.8636270121830265,,,,1.560122827432044e-05,,
train_step,146,42,6857,2541,1.9980038404464722,1.8668264604750133,,,,1.5591105587500606e-05,,
train_step,146,43,6858,2541,1.5883910655975342,1.8603512187336766,,,,1.5591105587500606e-05,,
train_step,146,44,6859,2542,1.5674049854278564,1.853693349794908,,,,1.558098285627701e-05,,
train_step,146,45,6860,2542,1.4147586822509766,1.8439392460717094,,,,1.558098285627701e-05,,
train_step,146,46,6861,2543,1.8700686693191528,1.8445072770118713,,,,1.5570860085583356e-05,,
train_step,146,47,6862,2544,1.9668152332305908,1.8471095739526953,,,,1.5560737280353356e-05,,
epoch_summary,146,47,6862,2544,,,1.8471095739526953,nan,nan,1.5560737280353356e-05,9.204464197158813,0.21612232079767607
train_step,147,1,6863,2544,2.127431631088257,2.127431631088257,,,,1.5560737280353356e-05,,
train_step,147,2,6864,2545,1.9423061609268188,2.034868896007538,,,,1.5550614445520744e-05,,
train_step,147,3,6865,2545,1.871297836303711,1.9803452094395955,,,,1.5550614445520744e-05,,
train_step,147,4,6866,2546,1.4956814050674438,1.8591792583465576,,,,1.554049158601927e-05,,
train_step,147,5,6867,2546,1.8049471378326416,1.8483328342437744,,,,1.554049158601927e-05,,
train_step,147,6,6868,2547,1.9917383193969727,1.8722337484359741,,,,1.5530368706782677e-05,,
train_step,147,7,6869,2547,1.8014482259750366,1.8621215309415544,,,,1.5530368706782677e-05,,
train_step,147,8,6870,2548,1.9231535196304321,1.8697505295276642,,,,1.552024581274476e-05,,
train_step,147,9,6871,2548,2.035706043243408,1.8881900310516357,,,,1.552024581274476e-05,,
train_step,147,10,6872,2549,1.8207833766937256,1.8814493656158446,,,,1.5510122908839267e-05,,
train_step,147,11,6873,2549,1.9551541805267334,1.8881498033350164,,,,1.5510122908839267e-05,,
train_step,147,12,6874,2550,1.813577651977539,1.88193545738856,,,,1.55e-05,,
train_step,147,13,6875,2550,1.61044442653656,1.8610515319384062,,,,1.55e-05,,
train_step,147,14,6876,2551,1.6162114143371582,1.8435629521097456,,,,1.548987709116073e-05,,
train_step,147,15,6877,2551,2.097140312194824,1.8604681094487507,,,,1.548987709116073e-05,,
train_step,147,16,6878,2552,2.00521183013916,1.8695145919919014,,,,1.5479754187255242e-05,,
train_step,147,17,6879,2552,1.6584569215774536,1.8570994349086987,,,,1.5479754187255242e-05,,
train_step,147,18,6880,2553,1.6936912536621094,1.8480212026172214,,,,1.5469631293217317e-05,,
train_step,147,19,6881,2553,1.9228161573410034,1.851957779181631,,,,1.5469631293217317e-05,,
train_step,147,20,6882,2554,2.1035447120666504,1.864537125825882,,,,1.5459508413980734e-05,,
train_step,147,21,6883,2554,1.8840947151184082,1.8654684396017165,,,,1.5459508413980734e-05,,
train_step,147,22,6884,2555,1.7017548084259033,1.8580269109119067,,,,1.544938555447926e-05,,
train_step,147,23,6885,2555,2.1505329608917236,1.8707445652588555,,,,1.544938555447926e-05,,
train_step,147,24,6886,2556,1.5575693845748901,1.8576955993970234,,,,1.5439262719646645e-05,,
train_step,147,25,6887,2556,1.8945012092590332,1.859167823791504,,,,1.5439262719646645e-05,,
train_step,147,26,6888,2557,2.105414867401123,1.8686388639303355,,,,1.5429139914416645e-05,,
train_step,147,27,6889,2557,1.5871148109436035,1.858212047153049,,,,1.5429139914416645e-05,,
train_step,147,28,6890,2558,2.11741042137146,1.8674691319465637,,,,1.541901714372299e-05,,
train_step,147,29,6891,2558,1.7598243951797485,1.863757244471846,,,,1.541901714372299e-05,,
train_step,147,30,6892,2559,1.8296020030975342,1.8626187364260356,,,,1.5408894412499395e-05,,
train_step,147,31,6893,2559,1.7743422985076904,1.8597711093964115,,,,1.5408894412499395e-05,,
train_step,147,32,6894,2560,1.722124695777893,1.8554696589708328,,,,1.5398771725679556e-05,,
train_step,147,33,6895,2560,1.9092011451721191,1.8570978858254172,,,,1.5398771725679556e-05,,
train_step,147,34,6896,2561,1.8303112983703613,1.8563100450179155,,,,1.538864908819715e-05,,
train_step,147,35,6897,2561,1.867820382118225,1.8566389117922102,,,,1.538864908819715e-05,,
train_step,147,36,6898,2562,1.881988286972046,1.8573430611027613,,,,1.5378526504985827e-05,,
train_step,147,37,6899,2562,1.772165060043335,1.85504095296602,,,,1.5378526504985827e-05,,
train_step,147,38,6900,2563,1.5065066814422607,1.8458689984522367,,,,1.5368403980979205e-05,,
train_step,147,39,6901,2563,1.4904049634933472,1.8367545360173934,,,,1.5368403980979205e-05,,
train_step,147,40,6902,2564,1.7441861629486084,1.834440326690674,,,,1.535828152111089e-05,,
train_step,147,41,6903,2564,2.083691120147705,1.8405196143359672,,,,1.535828152111089e-05,,
train_step,147,42,6904,2565,1.8889724016189575,1.8416732521284194,,,,1.534815913031444e-05,,
train_step,147,43,6905,2565,1.7985142469406128,1.8406695543333542,,,,1.534815913031444e-05,,
train_step,147,44,6906,2566,2.044736862182617,1.8453074476935647,,,,1.5338036813523378e-05,,
train_step,147,45,6907,2566,1.766857624053955,1.8435641182793512,,,,1.5338036813523378e-05,,
train_step,147,46,6908,2567,1.878244161605835,1.8443180322647095,,,,1.5327914575671212e-05,,
train_step,147,47,6909,2568,2.0731024742126465,1.8491857863487082,,,,1.5317792421691384e-05,,
epoch_summary,147,47,6909,2568,,,1.8491857863487082,nan,nan,1.5317792421691384e-05,9.384387731552124,0.21612232079767607
train_step,148,1,6910,2568,1.620563268661499,1.620563268661499,,,,1.5317792421691384e-05,,
train_step,148,2,6911,2569,1.715712070465088,1.6681376695632935,,,,1.5307670356517323e-05,,
train_step,148,3,6912,2569,1.5819261074066162,1.6394004821777344,,,,1.5307670356517323e-05,,
train_step,148,4,6913,2570,2.1314456462860107,1.7624117732048035,,,,1.5297548385082393e-05,,
train_step,148,5,6914,2570,2.0493903160095215,1.819807481765747,,,,1.5297548385082393e-05,,
train_step,148,6,6915,2571,2.243417501449585,1.8904091517130535,,,,1.528742651231992e-05,,
train_step,148,7,6916,2571,1.987064003944397,1.9042169877461024,,,,1.528742651231992e-05,,
train_step,148,8,6917,2572,1.6869596242904663,1.877059817314148,,,,1.5277304743163182e-05,,
train_step,148,9,6918,2572,1.6632630825042725,1.8533046245574951,,,,1.5277304743163182e-05,,
train_step,148,10,6919,2573,1.79831862449646,1.8478060245513916,,,,1.526718308254541e-05,,
train_step,148,11,6920,2573,1.9275217056274414,1.8550529046492144,,,,1.526718308254541e-05,,
train_step,148,12,6921,2574,2.132866859436035,1.878204067548116,,,,1.5257061535399773e-05,,
train_step,148,13,6922,2574,1.8967301845550537,1.8796291534717267,,,,1.5257061535399773e-05,,
train_step,148,14,6923,2575,2.010636806488037,1.8889868429728918,,,,1.5246940106659389e-05,,
train_step,148,15,6924,2575,1.7654491662979126,1.8807509978612265,,,,1.5246940106659389e-05,,
train_step,148,16,6925,2576,1.6865835189819336,1.8686155304312706,,,,1.5236818801257327e-05,,
train_step,148,17,6926,2576,1.69613516330719,1.8584696264827953,,,,1.5236818801257327e-05,,
train_step,148,18,6927,2577,1.7495594024658203,1.8524190584818523,,,,1.5226697624126584e-05,,
train_step,148,19,6928,2577,1.9611066579818726,1.8581394584555375,,,,1.5226697624126584e-05,,
train_step,148,20,6929,2578,1.6300731897354126,1.8467361450195312,,,,1.5216576580200095e-05,,
train_step,148,21,6930,2578,2.2367935180664062,1.865310305640811,,,,1.5216576580200095e-05,,
train_step,148,22,6931,2579,1.8132907152175903,1.8629457788033918,,,,1.520645567441074e-05,,
train_step,148,23,6932,2579,2.213214635848999,1.8781748595445051,,,,1.520645567441074e-05,,
train_step,148,24,6933,2580,2.3750391006469727,1.898877536257108,,,,1.5196334911691326e-05,,
train_step,148,25,6934,2580,1.8557133674621582,1.8971509695053101,,,,1.5196334911691326e-05,,
train_step,148,26,6935,2581,1.5824421644210815,1.8850467846943781,,,,1.5186214296974581e-05,,
train_step,148,27,6936,2581,1.5021648406982422,1.8708659719537806,,,,1.5186214296974581e-05,,
train_step,148,28,6937,2582,1.5877549648284912,1.860754864556449,,,,1.5176093835193183e-05,,
train_step,148,29,6938,2582,1.8428409099578857,1.8601371419840846,,,,1.5176093835193183e-05,,
train_step,148,30,6939,2583,1.551025629043579,1.8498334248860677,,,,1.5165973531279713e-05,,
train_step,148,31,6940,2583,1.8940902948379517,1.8512610658522575,,,,1.5165973531279713e-05,,
train_step,148,32,6941,2584,1.6946561336517334,1.8463671617209911,,,,1.5155853390166686e-05,,
train_step,148,33,6942,2584,1.7773058414459229,1.8442743944399285,,,,1.5155853390166686e-05,,
train_step,148,34,6943,2585,1.6931862831115723,1.8398306264596826,,,,1.5145733416786531e-05,,
train_step,148,35,6944,2585,1.6963672637939453,1.8357316732406617,,,,1.5145733416786531e-05,,
train_step,148,36,6945,2586,1.7173523902893066,1.8324433598253462,,,,1.5135613616071608e-05,,
train_step,148,37,6946,2586,1.4059054851531982,1.8209153091585315,,,,1.5135613616071608e-05,,
train_step,148,38,6947,2587,2.085174560546875,1.8278694999845404,,,,1.512549399295418e-05,,
train_step,148,39,6948,2587,1.8720486164093018,1.8290022978415856,,,,1.512549399295418e-05,,
train_step,148,40,6949,2588,2.0677151679992676,1.8349701195955277,,,,1.5115374552366433e-05,,
train_step,148,41,6950,2588,1.6138670444488525,1.829577361665121,,,,1.5115374552366433e-05,,
train_step,148,42,6951,2589,1.6420356035232544,1.8251120817093622,,,,1.5105255299240456e-05,,
train_step,148,43,6952,2589,2.126830577850342,1.832128790921943,,,,1.5105255299240456e-05,,
train_step,148,44,6953,2590,2.025358200073242,1.8365203684026545,,,,1.5095136238508255e-05,,
train_step,148,45,6954,2590,1.7649500370025635,1.8349299165937636,,,,1.5095136238508255e-05,,
train_step,148,46,6955,2591,2.09155535697937,1.8405087305151897,,,,1.5085017375101729e-05,,
train_step,148,47,6956,2592,1.5476863384246826,1.8342784668536896,,,,1.507489871395269e-05,,
epoch_summary,148,47,6956,2592,,,1.8342784668536896,nan,nan,1.507489871395269e-05,9.261419534683228,0.21612232079767607
train_step,149,1,6957,2592,2.0254759788513184,2.0254759788513184,,,,1.507489871395269e-05,,
train_step,149,2,6958,2593,1.8512107133865356,1.938343346118927,,,,1.5064780259992859e-05,,
train_step,149,3,6959,2593,1.5934898853302002,1.8233921925226848,,,,1.5064780259992859e-05,,
train_step,149,4,6960,2594,2.1259078979492188,1.8990211188793182,,,,1.5054662018153837e-05,,
train_step,149,5,6961,2594,2.07391357421875,1.9339996099472045,,,,1.5054662018153837e-05,,
train_step,149,6,6962,2595,2.2959675788879395,1.9943276047706604,,,,1.5044543993367141e-05,,
train_step,149,7,6963,2595,1.371058702468872,1.9052891901561193,,,,1.5044543993367141e-05,,
train_step,149,8,6964,2596,1.8374261856079102,1.896806314587593,,,,1.5034426190564169e-05,,
train_step,149,9,6965,2596,2.036839485168457,1.9123655557632446,,,,1.5034426190564169e-05,,
train_step,149,10,6966,2597,2.164362907409668,1.9375652909278869,,,,1.5024308614676214e-05,,
train_step,149,11,6967,2597,1.590739130973816,1.9060356400229714,,,,1.5024308614676214e-05,,
train_step,149,12,6968,2598,2.1089773178100586,1.9229474465052288,,,,1.5014191270634463e-05,,
train_step,149,13,6969,2598,1.6182901859283447,1.8995122726146991,,,,1.5014191270634463e-05,,
train_step,149,14,6970,2599,2.014676094055176,1.9077382598604475,,,,1.5004074163369989e-05,,
train_step,149,15,6971,2599,1.9818453788757324,1.9126787344614664,,,,1.5004074163369989e-05,,
train_step,149,16,6972,2600,1.4970850944519043,1.8867041319608688,,,,1.499395729781374e-05,,
train_step,149,17,6973,2600,1.7900599241256714,1.8810191785587984,,,,1.499395729781374e-05,,
train_step,149,18,6974,2601,1.721524953842163,1.8721583882967632,,,,1.4983840678896553e-05,,
train_step,149,19,6975,2601,1.970036506652832,1.8773098682102405,,,,1.4983840678896553e-05,,
train_step,149,20,6976,2602,1.7443151473999023,1.8706601321697236,,,,1.4973724311549153e-05,,
train_step,149,21,6977,2602,1.7079837322235107,1.8629136369341897,,,,1.4973724311549153e-05,,
train_step,149,22,6978,2603,1.5238637924194336,1.847502280365337,,,,1.496360820070213e-05,,
train_step,149,23,6979,2603,1.7826460599899292,1.844682444696841,,,,1.496360820070213e-05,,
train_step,149,24,6980,2604,2.0595269203186035,1.8536342978477478,,,,1.4953492351285949e-05,,
train_step,149,25,6981,2604,1.5142141580581665,1.8400574922561646,,,,1.4953492351285949e-05,,
train_step,149,26,6982,2605,1.7790119647979736,1.8377095873539264,,,,1.494337676823096e-05,,
train_step,149,27,6983,2605,1.9390316009521484,1.841462254524231,,,,1.494337676823096e-05,,
train_step,149,28,6984,2606,1.6606290340423584,1.8350039252213068,,,,1.4933261456467375e-05,,
train_step,149,29,6985,2606,1.7774447202682495,1.833019125050512,,,,1.4933261456467375e-05,,
train_step,149,30,6986,2607,2.0250041484832764,1.839418625831604,,,,1.4923146420925266e-05,,
train_step,149,31,6987,2607,2.053622245788574,1.8463284200237644,,,,1.4923146420925266e-05,,
train_step,149,32,6988,2608,1.812463641166687,1.8452701456844807,,,,1.4913031666534591e-05,,
train_step,149,33,6989,2608,1.6788387298583984,1.8402267694473267,,,,1.4913031666534591e-05,,
train_step,149,34,6990,2609,2.0638198852539062,1.846803037559285,,,,1.4902917198225148e-05,,
train_step,149,35,6991,2609,1.5188977718353271,1.8374343156814574,,,,1.4902917198225148e-05,,
train_step,149,36,6992,2610,1.9570996761322021,1.840758353471756,,,,1.4892803020926609e-05,,
train_step,149,37,6993,2610,1.6320576667785645,1.83511779437194,,,,1.4892803020926609e-05,,
train_step,149,38,6994,2611,1.3337693214416504,1.8219244135053534,,,,1.4882689139568498e-05,,
train_step,149,39,6995,2611,1.7075703144073486,1.818992257118225,,,,1.4882689139568498e-05,,
train_step,149,40,6996,2612,1.533149242401123,1.8118461817502975,,,,1.4872575559080204e-05,,
train_step,149,41,6997,2612,2.0679473876953125,1.8180925526270053,,,,1.4872575559080204e-05,,
train_step,149,42,6998,2613,1.9311758279800415,1.8207850115639823,,,,1.4862462284390961e-05,,
train_step,149,43,6999,2613,2.1649436950683594,1.8287887018780375,,,,1.4862462284390961e-05,,
train_step,149,44,7000,2614,1.5489593744277954,1.8224289444359867,,,,1.4852349320429853e-05,,
train_step,149,45,7001,2614,1.8812702894210815,1.8237365298800998,,,,1.4852349320429853e-05,,
train_step,149,46,7002,2615,2.0364294052124023,1.8283602880394978,,,,1.484223667212582e-05,,
train_step,149,47,7003,2616,1.9663810729980469,1.8312969004854243,,,,1.483212434440764e-05,,
epoch_summary,149,47,7003,2616,,,1.8312969004854243,nan,nan,1.483212434440764e-05,9.246496438980103,0.21612232079767607
train_step,150,1,7004,2616,2.103778123855591,2.103778123855591,,,,1.483212434440764e-05,,
train_step,150,2,7005,2617,1.8899197578430176,1.9968489408493042,,,,1.4822012342203953e-05,,
train_step,150,3,7006,2617,1.91995370388031,1.971217195192973,,,,1.4822012342203953e-05,,
train_step,150,4,7007,2618,1.8875012397766113,1.9502882063388824,,,,1.4811900670443201e-05,,
train_step,150,5,7008,2618,2.2494211196899414,2.0101147890090942,,,,1.4811900670443201e-05,,
train_step,150,6,7009,2619,1.7610836029052734,1.968609591325124,,,,1.4801789334053709e-05,,
train_step,150,7,7010,2619,1.4372143745422363,1.8926959889275687,,,,1.4801789334053709e-05,,
train_step,150,8,7011,2620,2.0246477127075195,1.9091899544000626,,,,1.4791678337963607e-05,,
train_step,150,9,7012,2620,1.8789567947387695,1.9058307144376967,,,,1.4791678337963607e-05,,
train_step,150,10,7013,2621,1.879122257232666,1.9031598687171936,,,,1.4781567687100886e-05,,
train_step,150,11,7014,2621,2.0433034896850586,1.9159001978960903,,,,1.4781567687100886e-05,,
train_step,150,12,7015,2622,1.9896825551986694,1.9220487276713054,,,,1.4771457386393344e-05,,
train_step,150,13,7016,2622,1.825549602508545,1.9146257180434008,,,,1.4771457386393344e-05,,
train_step,150,14,7017,2623,1.3895683288574219,1.8771216188158308,,,,1.4761347440768618e-05,,
train_step,150,15,7018,2623,1.7066106796264648,1.8657542228698731,,,,1.4761347440768618e-05,,
train_step,150,16,7019,2624,1.600555658340454,1.8491793125867844,,,,1.475123785515418e-05,,
train_step,150,17,7020,2624,1.909574031829834,1.8527319431304932,,,,1.475123785515418e-05,,
train_step,150,18,7021,2625,1.7672491073608398,1.8479828966988459,,,,1.4741128634477315e-05,,
train_step,150,19,7022,2625,1.436556339263916,1.8263288673601652,,,,1.4741128634477315e-05,,
train_step,150,20,7023,2626,1.774245023727417,1.8237246751785279,,,,1.4731019783665137e-05,,
train_step,150,21,7024,2626,1.718297004699707,1.8187043099176317,,,,1.4731019783665137e-05,,
train_step,150,22,7025,2627,1.47109055519104,1.8029036847027866,,,,1.472091130764457e-05,,
train_step,150,23,7026,2627,1.890533208847046,1.8067136640134065,,,,1.472091130764457e-05,,
train_step,150,24,7027,2628,2.1033921241760254,1.8190752665201824,,,,1.471080321134237e-05,,
train_step,150,25,7028,2628,1.8377697467803955,1.8198230457305908,,,,1.471080321134237e-05,,
train_step,150,26,7029,2629,1.7617201805114746,1.8175883201452403,,,,1.47006954996851e-05,,
train_step,150,27,7030,2629,1.511837363243103,1.8062642106303461,,,,1.47006954996851e-05,,
train_step,150,28,7031,2630,1.7162423133850098,1.8030491428715842,,,,1.4690588177599124e-05,,
train_step,150,29,7032,2630,1.7188770771026611,1.8001466578450696,,,,1.4690588177599124e-05,,
train_step,150,30,7033,2631,1.8809314966201782,1.8028394858042398,,,,1.4680481250010645e-05,,
train_step,150,31,7034,2631,1.7814240455627441,1.8021486651512884,,,,1.4680481250010645e-05,,
train_step,150,32,7035,2632,1.9894427061080933,1.8080016039311886,,,,1.4670374721845648e-05,,
train_step,150,33,7036,2632,2.0294082164764404,1.8147108952204387,,,,1.4670374721845648e-05,,
train_step,150,34,7037,2633,2.0079219341278076,1.8203935728353613,,,,1.4660268598029931e-05,,
train_step,150,35,7038,2633,2.115018844604492,1.8288114377430507,,,,1.4660268598029931e-05,,
train_step,150,36,7039,2634,1.7047014236450195,1.8253639373514388,,,,1.46501628834891e-05,,
train_step,150,37,7040,2634,1.7865328788757324,1.8243144492845278,,,,1.46501628834891e-05,,
train_step,150,38,7041,2635,1.953576922416687,1.8277160933143215,,,,1.464005758314856e-05,,
train_step,150,39,7042,2635,1.6945011615753174,1.8243003258338342,,,,1.464005758314856e-05,,
train_step,150,40,7043,2636,1.9061366319656372,1.8263462334871292,,,,1.4629952701933504e-05,,
train_step,150,41,7044,2636,1.9576835632324219,1.8295495829931119,,,,1.4629952701933504e-05,,
train_step,150,42,7045,2637,1.8377406597137451,1.8297446086293174,,,,1.4619848244768927e-05,,
train_step,150,43,7046,2637,1.6430795192718506,1.825403560039609,,,,1.4619848244768927e-05,,
train_step,150,44,7047,2638,1.6329071521759033,1.8210286416790702,,,,1.4609744216579628e-05,,
train_step,150,45,7048,2638,1.682469367980957,1.8179495467080011,,,,1.4609744216579628e-05,,
train_step,150,46,7049,2639,1.7895398139953613,1.8173319438229436,,,,1.4599640622290183e-05,,
train_step,150,47,7050,2640,1.8707486391067505,1.818468469254514,,,,1.4589537466824958e-05,,
epoch_summary,150,47,7050,2640,,,1.818468469254514,2.2919695547648837,0.4083083832335329,1.4589537466824958e-05,170.60767698287964,0.21612232079767607
train_step,151,1,7051,2640,1.489038109779358,1.489038109779358,,,,1.4589537466824958e-05,,
train_step,151,2,7052,2641,1.979430913925171,1.7342345118522644,,,,1.4579434755108113e-05,,
train_step,151,3,7053,2641,2.08581280708313,1.8514272769292195,,,,1.4579434755108113e-05,,
train_step,151,4,7054,2642,1.6594557762145996,1.8034344017505646,,,,1.4569332492063581e-05,,
train_step,151,5,7055,2642,1.5509698390960693,1.7529414892196655,,,,1.4569332492063581e-05,,
train_step,151,6,7056,2643,1.395643949508667,1.6933918992678325,,,,1.4559230682615092e-05,,
train_step,151,7,7057,2643,2.0456321239471436,1.7437119313648768,,,,1.4559230682615092e-05,,
train_step,151,8,7058,2644,1.8316688537597656,1.754706546664238,,,,1.4549129331686142e-05,,
train_step,151,9,7059,2644,2.1207399368286133,1.7953769233491685,,,,1.4549129331686142e-05,,
train_step,151,10,7060,2645,1.5894663333892822,1.77478586435318,,,,1.4539028444200003e-05,,
train_step,151,11,7061,2645,1.525231122970581,1.7520990696820347,,,,1.4539028444200003e-05,,
train_step,151,12,7062,2646,1.905203104019165,1.7648577392101288,,,,1.4528928025079721e-05,,
train_step,151,13,7063,2646,1.5578372478485107,1.7489330860284658,,,,1.4528928025079721e-05,,
train_step,151,14,7064,2647,1.9136204719543457,1.7606964707374573,,,,1.4518828079248127e-05,,
train_step,151,15,7065,2647,1.852877140045166,1.7668418486913045,,,,1.4518828079248127e-05,,
train_step,151,16,7066,2648,1.9129900932312012,1.775976113975048,,,,1.4508728611627806e-05,,
train_step,151,17,7067,2648,1.946702480316162,1.7860188414068783,,,,1.4508728611627806e-05,,
train_step,151,18,7068,2649,1.8892414569854736,1.7917534311612446,,,,1.4498629627141115e-05,,
train_step,151,19,7069,2649,2.1237552165985107,1.8092272093421535,,,,1.4498629627141115e-05,,
train_step,151,20,7070,2650,1.723590612411499,1.8049453794956207,,,,1.4488531130710184e-05,,
train_step,151,21,7071,2650,1.822913646697998,1.8058010112671625,,,,1.4488531130710184e-05,,
train_step,151,22,7072,2651,1.558650016784668,1.7945668751543218,,,,1.447843312725689e-05,,
train_step,151,23,7073,2651,1.8746333122253418,1.7980480245921924,,,,1.447843312725689e-05,,
train_step,151,24,7074,2652,1.9013831615447998,1.8023536552985508,,,,1.4468335621702885e-05,,
train_step,151,25,7075,2652,1.8440797328948975,1.8040226984024048,,,,1.4468335621702885e-05,,
train_step,151,26,7076,2653,1.4174277782440186,1.7891536630116975,,,,1.4458238618969559e-05,,
train_step,151,27,7077,2653,2.1163170337677,1.8012708248915497,,,,1.4458238618969559e-05,,
train_step,151,28,7078,2654,1.9788386821746826,1.807612534080233,,,,1.4448142123978076e-05,,
train_step,151,29,7079,2654,1.845884084701538,1.8089322427223469,,,,1.4448142123978076e-05,,
train_step,151,30,7080,2655,1.3739136457443237,1.7944316228230794,,,,1.4438046141649344e-05,,
train_step,151,31,7081,2655,1.854563593864441,1.7963713638244136,,,,1.4438046141649344e-05,,
train_step,151,32,7082,2656,1.7278385162353516,1.7942297123372555,,,,1.442795067690402e-05,,
train_step,151,33,7083,2656,1.9989489316940308,1.8004333250450366,,,,1.442795067690402e-05,,
train_step,151,34,7084,2657,1.7114585638046265,1.7978164203026716,,,,1.4417855734662514e-05,,
train_step,151,35,7085,2657,1.8499735593795776,1.7993066242762974,,,,1.4417855734662514e-05,,
train_step,151,36,7086,2658,1.7881829738616943,1.7989976339870029,,,,1.4407761319844978e-05,,
train_step,151,37,7087,2658,1.827258825302124,1.7997614499684926,,,,1.4407761319844978e-05,,
train_step,151,38,7088,2659,1.936219573020935,1.803352453206715,,,,1.4397667437371303e-05,,
train_step,151,39,7089,2659,1.7663768529891968,1.8024043608934452,,,,1.4397667437371303e-05,,
train_step,151,40,7090,2660,2.123749256134033,1.81043798327446,,,,1.438757409216113e-05,,
train_step,151,41,7091,2660,1.568037509918213,1.8045257766072342,,,,1.438757409216113e-05,,
train_step,151,42,7092,2661,2.3093514442443848,1.8165454353604997,,,,1.4377481289133833e-05,,
train_step,151,43,7093,2661,1.8493072986602783,1.817307339158169,,,,1.4377481289133833e-05,,
train_step,151,44,7094,2662,1.7636194229125977,1.816087159243497,,,,1.4367389033208517e-05,,
train_step,151,45,7095,2662,1.706607699394226,1.8136542823579576,,,,1.4367389033208517e-05,,
train_step,151,46,7096,2663,2.0384507179260254,1.8185411613920461,,,,1.4357297329304027e-05,,
train_step,151,47,7097,2664,1.7774436473846436,1.8176667462003993,,,,1.4347206182338935e-05,,
epoch_summary,151,47,7097,2664,,,1.8176667462003993,nan,nan,1.4347206182338935e-05,9.354251623153687,0.21612232079767607
train_step,152,1,7098,2664,2.0416884422302246,2.0416884422302246,,,,1.4347206182338935e-05,,
train_step,152,2,7099,2665,1.5623396635055542,1.8020140528678894,,,,1.4337115597231548e-05,,
train_step,152,3,7100,2665,1.980276346206665,1.861434817314148,,,,1.4337115597231548e-05,,
train_step,152,4,7101,2666,1.88974928855896,1.868513435125351,,,,1.4327025578899889e-05,,
train_step,152,5,7102,2666,1.6496875286102295,1.8247482538223267,,,,1.4327025578899889e-05,,
train_step,152,6,7103,2667,2.044564962387085,1.8613843719164531,,,,1.4316936132261717e-05,,
train_step,152,7,7104,2667,1.876910924911499,1.8636024509157454,,,,1.4316936132261717e-05,,
train_step,152,8,7105,2668,1.706566333770752,1.8439729362726212,,,,1.4306847262234497e-05,,
train_step,152,9,7106,2668,1.587656021118164,1.815493279033237,,,,1.4306847262234497e-05,,
train_step,152,10,7107,2669,2.2171425819396973,1.8556582093238831,,,,1.4296758973735432e-05,,
train_step,152,11,7108,2669,1.6478652954101562,1.8367679444226352,,,,1.4296758973735432e-05,,
train_step,152,12,7109,2670,2.3314530849456787,1.8779917061328888,,,,1.4286671271681429e-05,,
train_step,152,13,7110,2670,1.9821516275405884,1.886004007779635,,,,1.4286671271681429e-05,,
train_step,152,14,7111,2671,1.8219380378723145,1.881427867071969,,,,1.4276584160989104e-05,,
train_step,152,15,7112,2671,1.3958985805511475,1.849059247970581,,,,1.4276584160989104e-05,,
train_step,152,16,7113,2672,1.5721564292907715,1.831752821803093,,,,1.4266497646574794e-05,,
train_step,152,17,7114,2672,1.659003734588623,1.821591110790477,,,,1.4266497646574794e-05,,
train_step,152,18,7115,2673,1.7223013639450073,1.8160750137435064,,,,1.4256411733354549e-05,,
train_step,152,19,7116,2673,2.0800375938415527,1.829967781117088,,,,1.4256411733354549e-05,,
train_step,152,20,7117,2674,1.4005722999572754,1.8084980070590972,,,,1.424632642624412e-05,,
train_step,152,21,7118,2674,1.4135022163391113,1.789688683691479,,,,1.424632642624412e-05,,
train_step,152,22,7119,2675,1.6062774658203125,1.7813518101518804,,,,1.4236241730158956e-05,,
train_step,152,23,7120,2675,1.8767809867858887,1.7855009047881416,,,,1.4236241730158956e-05,,
train_step,152,24,7121,2676,1.8648860454559326,1.7888086189826329,,,,1.4226157650014226e-05,,
train_step,152,25,7122,2676,1.8516030311584473,1.7913203954696655,,,,1.4226157650014226e-05,,
train_step,152,26,7123,2677,2.0714569091796875,1.8020948767662048,,,,1.4216074190724779e-05,,
train_step,152,27,7124,2677,1.8914737701416016,1.8054052061504788,,,,1.4216074190724779e-05,,
train_step,152,28,7125,2678,1.8844091892242432,1.8082267769745417,,,,1.4205991357205172e-05,,
train_step,152,29,7126,2678,2.0483431816101074,1.8165066529964577,,,,1.4205991357205172e-05,,
train_step,152,30,7127,2679,1.8842887878417969,1.8187660574913025,,,,1.4195909154369665e-05,,
train_step,152,31,7128,2679,1.4999096393585205,1.8084803665837934,,,,1.4195909154369665e-05,,
train_step,152,32,7129,2680,2.1050381660461426,1.8177477978169918,,,,1.4185827587132191e-05,,
train_step,152,33,7130,2680,1.6247525215148926,1.8118994561108677,,,,1.4185827587132191e-05,,
train_step,152,34,7131,2681,2.303316831588745,1.8263529083308052,,,,1.4175746660406386e-05,,
train_step,152,35,7132,2681,1.3047761917114258,1.8114507164273943,,,,1.4175746660406386e-05,,
train_step,152,36,7133,2682,1.963710069656372,1.815680142905977,,,,1.4165666379105568e-05,,
train_step,152,37,7134,2682,1.930172085762024,1.8187745197399243,,,,1.4165666379105568e-05,,
train_step,152,38,7135,2683,1.7824573516845703,1.8178188047910993,,,,1.4155586748142749e-05,,
train_step,152,39,7136,2683,1.6202728748321533,1.8127535245357416,,,,1.4155586748142749e-05,,
train_step,152,40,7137,2684,1.9396764039993286,1.8159265965223312,,,,1.4145507772430618e-05,,
train_step,152,41,7138,2684,1.7941168546676636,1.8153946515990467,,,,1.4145507772430618e-05,,
train_step,152,42,7139,2685,1.513177514076233,1.8081990054675512,,,,1.4135429456881543e-05,,
train_step,152,43,7140,2685,1.7690643072128296,1.8072888962058133,,,,1.4135429456881543e-05,,
train_step,152,44,7141,2686,1.9279630184173584,1.8100314898924394,,,,1.4125351806407575e-05,,
train_step,152,45,7142,2686,1.9526714086532593,1.8132012658649022,,,,1.4125351806407575e-05,,
train_step,152,46,7143,2687,1.7496370077133179,1.8118194341659546,,,,1.4115274825920433e-05,,
train_step,152,47,7144,2688,1.9343129396438599,1.8144256789633568,,,,1.4105198520331531e-05,,
epoch_summary,152,47,7144,2688,,,1.8144256789633568,nan,nan,1.4105198520331531e-05,9.167790651321411,0.21612232079767607
train_step,153,1,7145,2688,1.8640458583831787,1.8640458583831787,,,,1.4105198520331531e-05,,
train_step,153,2,7146,2689,1.9854947328567505,1.9247702956199646,,,,1.4095122894551914e-05,,
train_step,153,3,7147,2689,1.739600658416748,1.8630470832188923,,,,1.4095122894551914e-05,,
train_step,153,4,7148,2690,1.9371869564056396,1.8815820515155792,,,,1.4085047953492336e-05,,
train_step,153,5,7149,2690,1.790977120399475,1.8634610652923584,,,,1.4085047953492336e-05,,
train_step,153,6,7150,2691,1.779394268989563,1.8494499325752258,,,,1.4074973702063197e-05,,
train_step,153,7,7151,2691,1.3898158073425293,1.7837879146848405,,,,1.4074973702063197e-05,,
train_step,153,8,7152,2692,1.6324552297592163,1.7648713290691376,,,,1.4064900145174559e-05,,
train_step,153,9,7153,2692,1.7910118103027344,1.7677758269839816,,,,1.4064900145174559e-05,,
train_step,153,10,7154,2693,2.029275894165039,1.7939258337020874,,,,1.405482728773616e-05,,
train_step,153,11,7155,2693,1.4330930709838867,1.7611228552731601,,,,1.405482728773616e-05,,
train_step,153,12,7156,2694,1.83587646484375,1.767352322737376,,,,1.4044755134657383e-05,,
train_step,153,13,7157,2694,1.976234793663025,1.783420205116272,,,,1.4044755134657383e-05,,
train_step,153,14,7158,2695,1.8462941646575928,1.7879112022263663,,,,1.4034683690847278e-05,,
train_step,153,15,7159,2695,1.6034902334213257,1.775616470972697,,,,1.4034683690847278e-05,,
train_step,153,16,7160,2696,2.1171209812164307,1.7969605028629303,,,,1.4024612961214541e-05,,
train_step,153,17,7161,2696,1.8680099248886108,1.8011398806291468,,,,1.4024612961214541e-05,,
train_step,153,18,7162,2697,1.858205795288086,1.8043102092213101,,,,1.4014542950667526e-05,,
train_step,153,19,7163,2697,1.4754438400268555,1.7870014529479177,,,,1.4014542950667526e-05,,
train_step,153,20,7164,2698,1.5736110210418701,1.7763319313526154,,,,1.4004473664114228e-05,,
train_step,153,21,7165,2698,1.578917384147644,1.7669312386285692,,,,1.4004473664114228e-05,,
train_step,153,22,7166,2699,1.7601847648620605,1.7666245807300915,,,,1.3994405106462297e-05,,
train_step,153,23,7167,2699,1.5561635494232178,1.7574741011080535,,,,1.3994405106462297e-05,,
train_step,153,24,7168,2700,1.969376802444458,1.7663033803304036,,,,1.3984337282619028e-05,,
train_step,153,25,7169,2700,2.0320115089416504,1.7769317054748535,,,,1.3984337282619028e-05,,
train_step,153,26,7170,2701,2.4292490482330322,1.8020208340424757,,,,1.3974270197491351e-05,,
train_step,153,27,7171,2701,1.6349382400512695,1.7958325898205791,,,,1.3974270197491351e-05,,
train_step,153,28,7172,2702,1.6524150371551514,1.7907105343682426,,,,1.396420385598585e-05,,
train_step,153,29,7173,2702,1.9819146394729614,1.7973037793718536,,,,1.396420385598585e-05,,
train_step,153,30,7174,2703,1.7797348499298096,1.796718148390452,,,,1.3954138263008732e-05,,
train_step,153,31,7175,2703,1.6787108182907104,1.7929114603227185,,,,1.3954138263008732e-05,,
train_step,153,32,7176,2704,1.7748855352401733,1.792348150163889,,,,1.3944073423465843e-05,,
train_step,153,33,7177,2704,2.1885123252868652,1.8043531251676155,,,,1.3944073423465843e-05,,
train_step,153,34,7178,2705,1.8921822309494019,1.8069363341611975,,,,1.3934009342262668e-05,,
train_step,153,35,7179,2705,2.156187057495117,1.8169149262564523,,,,1.3934009342262668e-05,,
train_step,153,36,7180,2706,1.7342954874038696,1.8146199418438806,,,,1.392394602430432e-05,,
train_step,153,37,7181,2706,1.963554859161377,1.8186452098794885,,,,1.392394602430432e-05,,
train_step,153,38,7182,2707,1.969942569732666,1.822626719349309,,,,1.3913883474495529e-05,,
train_step,153,39,7183,2707,1.9790525436401367,1.8266376379208686,,,,1.3913883474495529e-05,,
train_step,153,40,7184,2708,1.844099760055542,1.8270741909742356,,,,1.3903821697740663e-05,,
train_step,153,41,7185,2708,2.150311231613159,1.8349580212337215,,,,1.3903821697740663e-05,,
train_step,153,42,7186,2709,2.029984474182129,1.8396015082086836,,,,1.389376069894371e-05,,
train_step,153,43,7187,2709,1.8335208892822266,1.8394600984662077,,,,1.389376069894371e-05,,
train_step,153,44,7188,2710,1.9571444988250732,1.8421347439289093,,,,1.3883700483008282e-05,,
train_step,153,45,7189,2710,1.3512659072875977,1.8312265475591023,,,,1.3883700483008282e-05,,
train_step,153,46,7190,2711,1.606198787689209,1.8263346397358438,,,,1.3873641054837602e-05,,
train_step,153,47,7191,2712,1.474039912223816,1.818839007235588,,,,1.3863582419334516e-05,,
epoch_summary,153,47,7191,2712,,,1.818839007235588,nan,nan,1.3863582419334516e-05,9.352067708969116,0.21612232079767607
train_step,154,1,7192,2712,1.801349401473999,1.801349401473999,,,,1.3863582419334516e-05,,
train_step,154,2,7193,2713,1.6517550945281982,1.7265522480010986,,,,1.3853524581401476e-05,,
train_step,154,3,7194,2713,1.7168362140655518,1.723313570022583,,,,1.3853524581401476e-05,,
train_step,154,4,7195,2714,1.8894343376159668,1.764843761920929,,,,1.3843467545940565e-05,,
train_step,154,5,7196,2714,2.0831458568573,1.8285041809082032,,,,1.3843467545940565e-05,,
train_step,154,6,7197,2715,1.8733165264129639,1.8359729051589966,,,,1.3833411317853437e-05,,
train_step,154,7,7198,2715,1.796656608581543,1.8303562913622176,,,,1.3833411317853437e-05,,
train_step,154,8,7199,2716,2.1316144466400146,1.8680135607719421,,,,1.382335590204139e-05,,
train_step,154,9,7200,2716,1.6858594417572021,1.8477742142147489,,,,1.382335590204139e-05,,
train_step,154,10,7201,2717,1.8757364749908447,1.8505704402923584,,,,1.381330130340531e-05,,
train_step,154,11,7202,2717,1.7362273931503296,1.8401756178249011,,,,1.381330130340531e-05,,
train_step,154,12,7203,2718,1.7598398923873901,1.833480974038442,,,,1.380324752684568e-05,,
train_step,154,13,7204,2718,1.6856026649475098,1.8221057194929857,,,,1.380324752684568e-05,,
train_step,154,14,7205,2719,1.4214065074920654,1.7934843472072057,,,,1.3793194577262593e-05,,
train_step,154,15,7206,2719,1.909467339515686,1.8012165466944376,,,,1.3793194577262593e-05,,
train_step,154,16,7207,2720,1.6104333400726318,1.7892925962805748,,,,1.3783142459555735e-05,,
train_step,154,17,7208,2720,1.4359225034713745,1.7685061202329748,,,,1.3783142459555735e-05,,
train_step,154,18,7209,2721,2.020610809326172,1.7825119362937079,,,,1.3773091178624389e-05,,
train_step,154,19,7210,2721,1.7766244411468506,1.782202068128084,,,,1.3773091178624389e-05,,
train_step,154,20,7211,2722,1.6440705060958862,1.775295490026474,,,,1.3763040739367422e-05,,
train_step,154,21,7212,2722,1.8525402545928955,1.7789738121486844,,,,1.3763040739367422e-05,,
train_step,154,22,7213,2723,1.9328057765960693,1.7859661741690203,,,,1.3752991146683302e-05,,
train_step,154,23,7214,2723,1.885119915008545,1.7902772063794343,,,,1.3752991146683302e-05,,
train_step,154,24,7215,2724,1.7435522079467773,1.7883303314447403,,,,1.374294240547007e-05,,
train_step,154,25,7216,2724,1.9102776050567627,1.7932082223892212,,,,1.374294240547007e-05,,
train_step,154,26,7217,2725,1.950554609298706,1.7992600065011244,,,,1.3732894520625364e-05,,
train_step,154,27,7218,2725,1.829314947128296,1.8003731524502788,,,,1.3732894520625364e-05,,
train_step,154,28,7219,2726,1.7419607639312744,1.7982869957174574,,,,1.3722847497046403e-05,,
train_step,154,29,7220,2726,1.8552334308624268,1.80025066589487,,,,1.3722847497046403e-05,,
train_step,154,30,7221,2727,1.8858269453048706,1.8031032085418701,,,,1.3712801339629981e-05,,
train_step,154,31,7222,2727,1.9130046367645264,1.8066484159038914,,,,1.3712801339629981e-05,,
train_step,154,32,7223,2728,1.9763556718826294,1.8119517676532269,,,,1.3702756053272475e-05,,
train_step,154,33,7224,2728,1.7979376316070557,1.811527096863949,,,,1.3702756053272475e-05,,
train_step,154,34,7225,2729,1.8072106838226318,1.8114001435392044,,,,1.3692711642869838e-05,,
train_step,154,35,7226,2729,2.1292076110839844,1.8204803568976267,,,,1.3692711642869838e-05,,
train_step,154,36,7227,2730,1.5788519382476807,1.8137684563795726,,,,1.3682668113317587e-05,,
train_step,154,37,7228,2730,1.8635754585266113,1.8151145915727358,,,,1.3682668113317587e-05,,
train_step,154,38,7229,2731,2.009230852127075,1.8202229142189026,,,,1.3672625469510824e-05,,
train_step,154,39,7230,2731,1.3554985523223877,1.8083069049395049,,,,1.3672625469510824e-05,,
train_step,154,40,7231,2732,1.5032756328582764,1.800681123137474,,,,1.366258371634421e-05,,
train_step,154,41,7232,2732,1.8961799144744873,1.803010361950572,,,,1.366258371634421e-05,,
train_step,154,42,7233,2733,2.166741371154785,1.8116706240744818,,,,1.3652542858711971e-05,,
train_step,154,43,7234,2733,1.856016993522644,1.812701934991881,,,,1.3652542858711971e-05,,
train_step,154,44,7235,2734,1.3811366558074951,1.8028936331922358,,,,1.3642502901507895e-05,,
train_step,154,45,7236,2734,1.6467890739440918,1.7994246429867216,,,,1.3642502901507895e-05,,
train_step,154,46,7237,2735,1.6950902938842773,1.7971565049627554,,,,1.3632463849625342e-05,,
train_step,154,47,7238,2736,2.099715232849121,1.8035939247050183,,,,1.362242570795722e-05,,
epoch_summary,154,47,7238,2736,,,1.8035939247050183,nan,nan,1.362242570795722e-05,9.758086204528809,0.21612232079767607
train_step,155,1,7239,2736,1.7034142017364502,1.7034142017364502,,,,1.362242570795722e-05,,
train_step,155,2,7240,2737,2.3916196823120117,2.047516942024231,,,,1.3612388481396e-05,,
train_step,155,3,7241,2737,1.3638696670532227,1.8196345170338948,,,,1.3612388481396e-05,,
train_step,155,4,7242,2738,1.5830557346343994,1.760489821434021,,,,1.3602352174833705e-05,,
train_step,155,5,7243,2738,2.0845446586608887,1.8253007888793946,,,,1.3602352174833705e-05,,
train_step,155,6,7244,2739,2.0534749031066895,1.863329807917277,,,,1.3592316793161905e-05,,
train_step,155,7,7245,2739,1.7540063858032227,1.847712176186698,,,,1.3592316793161905e-05,,
train_step,155,8,7246,2740,1.864384412765503,1.8497962057590485,,,,1.3582282341271724e-05,,
train_step,155,9,7247,2740,1.750063419342041,1.8387147850460477,,,,1.3582282341271724e-05,,
train_step,155,10,7248,2741,1.5980970859527588,1.8146530151367188,,,,1.3572248824053838e-05,,
train_step,155,11,7249,2741,2.219726085662842,1.8514778397300027,,,,1.3572248824053838e-05,,
train_step,155,12,7250,2742,1.337249517440796,1.8086254795392354,,,,1.3562216246398455e-05,,
train_step,155,13,7251,2742,1.7646397352218628,1.8052419607455914,,,,1.3562216246398455e-05,,
train_step,155,14,7252,2743,1.938591480255127,1.8147669264248438,,,,1.3552184613195331e-05,,
train_step,155,15,7253,2743,1.735236644744873,1.8094649076461793,,,,1.3552184613195331e-05,,
train_step,155,16,7254,2744,2.0743408203125,1.8260196521878242,,,,1.3542153929333764e-05,,
train_step,155,17,7255,2744,2.0240297317504883,1.8376673039268046,,,,1.3542153929333764e-05,,
train_step,155,18,7256,2745,1.6839683055877686,1.829128470685747,,,,1.3532124199702587e-05,,
train_step,155,19,7257,2745,2.171751022338867,1.847161236562227,,,,1.3532124199702587e-05,,
train_step,155,20,7258,2746,2.209073305130005,1.8652568399906158,,,,1.352209542919017e-05,,
train_step,155,21,7259,2746,1.790487289428711,1.8616963852019537,,,,1.352209542919017e-05,,
train_step,155,22,7260,2747,1.5252270698547363,1.8464023254134438,,,,1.3512067622684413e-05,,
train_step,155,23,7261,2747,1.5083041191101074,1.8317024034002554,,,,1.3512067622684413e-05,,
train_step,155,24,7262,2748,1.8838140964508057,1.8338737239440281,,,,1.350204078507275e-05,,
train_step,155,25,7263,2748,1.811394453048706,1.8329745531082153,,,,1.350204078507275e-05,,
train_step,155,26,7264,2749,1.755314588546753,1.8299876313943129,,,,1.3492014921242131e-05,,
train_step,155,27,7265,2749,1.9557280540466309,1.8346446840851396,,,,1.3492014921242131e-05,,
train_step,155,28,7266,2750,1.5875753164291382,1.8258207780974252,,,,1.3481990036079055e-05,,
train_step,155,29,7267,2750,1.6658446788787842,1.8203043608829892,,,,1.3481990036079055e-05,,
train_step,155,30,7268,2751,1.710325002670288,1.8166383822758994,,,,1.3471966134469514e-05,,
train_step,155,31,7269,2751,1.8589179515838623,1.8180022393503497,,,,1.3471966134469514e-05,,
train_step,155,32,7270,2752,1.703289270401001,1.8144174590706825,,,,1.3461943221299043e-05,,
train_step,155,33,7271,2752,2.0870325565338135,1.8226785226301714,,,,1.3461943221299043e-05,,
train_step,155,34,7272,2753,1.5799150466918945,1.8155384203966927,,,,1.3451921301452685e-05,,
train_step,155,35,7273,2753,1.6036607027053833,1.8094847713197981,,,,1.3451921301452685e-05,,
train_step,155,36,7274,2754,2.036221981048584,1.8157830271455977,,,,1.3441900379815007e-05,,
train_step,155,37,7275,2754,2.4657247066497803,1.8333490184835486,,,,1.3441900379815007e-05,,
train_step,155,38,7276,2755,1.7214499711990356,1.8304043067129034,,,,1.3431880461270083e-05,,
train_step,155,39,7277,2755,1.6275608539581299,1.825203192539704,,,,1.3431880461270083e-05,,
train_step,155,40,7278,2756,1.998318076133728,1.8295310646295548,,,,1.3421861550701494e-05,,
train_step,155,41,7279,2756,1.651609182357788,1.8251915065253652,,,,1.3421861550701494e-05,,
train_step,155,42,7280,2757,1.7436307668685913,1.823249584152585,,,,1.3411843652992344e-05,,
train_step,155,43,7281,2757,1.9979640245437622,1.82731271067331,,,,1.3411843652992344e-05,,
train_step,155,44,7282,2758,1.4581693410873413,1.8189230886372654,,,,1.340182677302523e-05,,
train_step,155,45,7283,2758,1.079800009727478,1.802498131328159,,,,1.340182677302523e-05,,
train_step,155,46,7284,2759,1.5052129030227661,1.7960354089736938,,,,1.339181091568226e-05,,
train_step,155,47,7285,2760,1.8693927526474,1.7975962035199429,,,,1.3381796085845034e-05,,
epoch_summary,155,47,7285,2760,,,1.7975962035199429,nan,nan,1.3381796085845034e-05,9.22162413597107,0.21612232079767607
train_step,156,1,7286,2760,1.4274393320083618,1.4274393320083618,,,,1.3381796085845034e-05,,
train_step,156,2,7287,2761,2.128605842590332,1.778022587299347,,,,1.3371782288394665e-05,,
train_step,156,3,7288,2761,1.951248288154602,1.835764487584432,,,,1.3371782288394665e-05,,
train_step,156,4,7289,2762,1.7592799663543701,1.8166433572769165,,,,1.3361769528211757e-05,,
train_step,156,5,7290,2762,1.805945634841919,1.814503812789917,,,,1.3361769528211757e-05,,
train_step,156,6,7291,2763,1.6645617485046387,1.7895134687423706,,,,1.33517578101764e-05,,
train_step,156,7,7292,2763,1.568458080291748,1.7579341275351388,,,,1.33517578101764e-05,,
train_step,156,8,7293,2764,1.7046360969543457,1.7512718737125397,,,,1.3341747139168194e-05,,
train_step,156,9,7294,2764,1.631541132926941,1.7379684580696955,,,,1.3341747139168194e-05,,
train_step,156,10,7295,2765,2.0027360916137695,1.7644452214241029,,,,1.3331737520066213e-05,,
train_step,156,11,7296,2765,1.853664755821228,1.7725560881874778,,,,1.3331737520066213e-05,,
train_step,156,12,7297,2766,1.7192578315734863,1.7681145668029785,,,,1.3321728957749022e-05,,
train_step,156,13,7298,2766,1.6142864227294922,1.7562816326434796,,,,1.3321728957749022e-05,,
train_step,156,14,7299,2767,2.0486674308776855,1.7771663325173515,,,,1.3311721457094678e-05,,
train_step,156,15,7300,2767,2.105562210083008,1.7990593910217285,,,,1.3311721457094678e-05,,
train_step,156,16,7301,2768,1.668670415878296,1.790910080075264,,,,1.3301715022980715e-05,,
train_step,156,17,7302,2768,2.233771324157715,1.8169607414918787,,,,1.3301715022980715e-05,,
train_step,156,18,7303,2769,1.7171965837478638,1.8114182882838779,,,,1.329170966028414e-05,,
train_step,156,19,7304,2769,1.908198356628418,1.8165119760914852,,,,1.329170966028414e-05,,
train_step,156,20,7305,2770,1.705417275428772,1.8109572410583497,,,,1.328170537388145e-05,,
train_step,156,21,7306,2770,1.7033905982971191,1.8058350199744815,,,,1.328170537388145e-05,,
train_step,156,22,7307,2771,1.3897398710250854,1.7869216041131453,,,,1.3271702168648614e-05,,
train_step,156,23,7308,2771,1.9136168956756592,1.792430095050646,,,,1.3271702168648614e-05,,
train_step,156,24,7309,2772,1.5639832019805908,1.7829114745060604,,,,1.3261700049461068e-05,,
train_step,156,25,7310,2772,2.027843952178955,1.792708773612976,,,,1.3261700049461068e-05,,
train_step,156,26,7311,2773,2.026137113571167,1.801686786688291,,,,1.3251699021193731e-05,,
train_step,156,27,7312,2773,1.867274522781372,1.804115962099146,,,,1.3251699021193731e-05,,
train_step,156,28,7313,2774,2.092991828918457,1.8144329573426927,,,,1.3241699088720978e-05,,
train_step,156,29,7314,2774,1.9347492456436157,1.818581794870311,,,,1.3241699088720978e-05,,
train_step,156,30,7315,2775,1.4205691814422607,1.8053147077560425,,,,1.323170025691665e-05,,
train_step,156,31,7316,2775,2.2102527618408203,1.818377225629745,,,,1.323170025691665e-05,,
train_step,156,32,7317,2776,1.8362925052642822,1.8189370781183243,,,,1.3221702530654074e-05,,
train_step,156,33,7318,2776,1.9316213130950928,1.822351751905499,,,,1.3221702530654074e-05,,
train_step,156,34,7319,2777,1.701751947402954,1.8188046988318949,,,,1.3211705914805996e-05,,
train_step,156,35,7320,2777,2.080584764480591,1.8262841292790004,,,,1.3211705914805996e-05,,
train_step,156,36,7321,2778,1.6542774438858032,1.821506165795856,,,,1.320171041424466e-05,,
train_step,156,37,7322,2778,1.4317392110824585,1.8109719237765751,,,,1.320171041424466e-05,,
train_step,156,38,7323,2779,1.6041536331176758,1.8055293371802883,,,,1.3191716033841743e-05,,
train_step,156,39,7324,2779,1.7078187465667725,1.8030239374209673,,,,1.3191716033841743e-05,,
train_step,156,40,7325,2780,1.9052197933197021,1.8055788338184358,,,,1.3181722778468396e-05,,
train_step,156,41,7326,2780,1.5244289636611938,1.7987215199121616,,,,1.3181722778468396e-05,,
train_step,156,42,7327,2781,1.231849193572998,1.785224559761229,,,,1.3171730652995204e-05,,
train_step,156,43,7328,2781,1.893709659576416,1.7877474690592565,,,,1.3171730652995204e-05,,
train_step,156,44,7329,2782,1.4262073040008545,1.7795306471261112,,,,1.3161739662292203e-05,,
train_step,156,45,7330,2782,2.0869524478912354,1.7863622426986694,,,,1.3161739662292203e-05,,
train_step,156,46,7331,2783,1.7261046171188354,1.785052294316499,,,,1.3151749811228887e-05,,
train_step,156,47,7332,2784,1.8066861629486084,1.785512589393778,,,,1.3141761104674189e-05,,
epoch_summary,156,47,7332,2784,,,1.785512589393778,nan,nan,1.3141761104674189e-05,10.298022747039795,0.21612232079767607
train_step,157,1,7333,2784,1.9004219770431519,1.9004219770431519,,,,1.3141761104674189e-05,,
train_step,157,2,7334,2785,1.9317564964294434,1.9160892367362976,,,,1.3131773547496483e-05,,
train_step,157,3,7335,2785,1.330209732055664,1.7207960685094197,,,,1.3131773547496483e-05,,
train_step,157,4,7336,2786,1.9891915321350098,1.7878949344158173,,,,1.3121787144563572e-05,,
train_step,157,5,7337,2786,1.6831691265106201,1.7669497728347778,,,,1.3121787144563572e-05,,
train_step,157,6,7338,2787,1.8326315879821777,1.7778967420260112,,,,1.311180190074272e-05,,
train_step,157,7,7339,2787,1.5892114639282227,1.7509417022977556,,,,1.311180190074272e-05,,
train_step,157,8,7340,2788,1.677826166152954,1.7418022602796555,,,,1.310181782090061e-05,,
train_step,157,9,7341,2788,1.77064847946167,1.7450073957443237,,,,1.310181782090061e-05,,
train_step,157,10,7342,2789,1.3311779499053955,1.7036244511604308,,,,1.3091834909903356e-05,,
train_step,157,11,7343,2789,1.7188136577606201,1.7050052881240845,,,,1.3091834909903356e-05,,
train_step,157,12,7344,2790,1.767929196357727,1.7102489471435547,,,,1.3081853172616518e-05,,
train_step,157,13,7345,2790,1.829315185546875,1.7194078885591948,,,,1.3081853172616518e-05,,
train_step,157,14,7346,2791,1.7177832126617432,1.7192918402808053,,,,1.3071872613905066e-05,,
train_step,157,15,7347,2791,2.018157958984375,1.7392162481943767,,,,1.3071872613905066e-05,,
train_step,157,16,7348,2792,1.855578899383545,1.7464889138936996,,,,1.3061893238633403e-05,,
train_step,157,17,7349,2792,1.6741883754730225,1.7422359410454245,,,,1.3061893238633403e-05,,
train_step,157,18,7350,2793,1.609279751777649,1.7348494860861037,,,,1.305191505166536e-05,,
train_step,157,19,7351,2793,1.6994401216506958,1.7329858353263454,,,,1.305191505166536e-05,,
train_step,157,20,7352,2794,1.7499998807907104,1.7338365375995637,,,,1.3041938057864184e-05,,
train_step,157,21,7353,2794,1.8426299095153809,1.7390171743574596,,,,1.3041938057864184e-05,,
train_step,157,22,7354,2795,1.7083240747451782,1.7376220334659924,,,,1.3031962262092532e-05,,
train_step,157,23,7355,2795,1.627429723739624,1.7328310634778894,,,,1.3031962262092532e-05,,
train_step,157,24,7356,2796,1.978127360343933,1.7430517425139744,,,,1.3021987669212491e-05,,
train_step,157,25,7357,2796,1.5324187278747559,1.7346264219284058,,,,1.3021987669212491e-05,,
train_step,157,26,7358,2797,1.6563414335250854,1.7316154608359704,,,,1.3012014284085559e-05,,
train_step,157,27,7359,2797,1.9613683223724365,1.7401248260780617,,,,1.3012014284085559e-05,,
train_step,157,28,7360,2798,1.738830804824829,1.7400786110333033,,,,1.300204211157264e-05,,
train_step,157,29,7361,2798,2.3504769802093506,1.7611268306600636,,,,1.300204211157264e-05,,
train_step,157,30,7362,2799,1.523897409439087,1.753219183286031,,,,1.2992071156534048e-05,,
train_step,157,31,7363,2799,2.071432113647461,1.7634841165234965,,,,1.2992071156534048e-05,,
train_step,157,32,7364,2800,1.7628629207611084,1.763464704155922,,,,1.2982101423829512e-05,,
train_step,157,33,7365,2800,1.9524381160736084,1.7691911711837307,,,,1.2982101423829512e-05,,
train_step,157,34,7366,2801,1.6791141033172607,1.7665418456582462,,,,1.2972132918318149e-05,,
train_step,157,35,7367,2801,1.841177225112915,1.7686742850712367,,,,1.2972132918318149e-05,,
train_step,157,36,7368,2802,2.056525468826294,1.776670151286655,,,,1.2962165644858497e-05,,
train_step,157,37,7369,2802,1.4988572597503662,1.7691616947586473,,,,1.2962165644858497e-05,,
train_step,157,38,7370,2803,1.9040639400482178,1.7727117538452148,,,,1.2952199608308481e-05,,
train_step,157,39,7371,2803,1.5956746339797974,1.7681723405153325,,,,1.2952199608308481e-05,,
train_step,157,40,7372,2804,1.7787408828735352,1.7684365540742875,,,,1.2942234813525424e-05,,
train_step,157,41,7373,2804,1.7530698776245117,1.7680617570877075,,,,1.2942234813525424e-05,,
train_step,157,42,7374,2805,1.8217403888702393,1.7693398197491963,,,,1.2932271265366045e-05,,
train_step,157,43,7375,2805,2.562675952911377,1.787789497264596,,,,1.2932271265366045e-05,,
train_step,157,44,7376,2806,1.8706048727035522,1.7896716648882085,,,,1.2922308968686459e-05,,
train_step,157,45,7377,2806,1.7270128726959229,1.7882792472839355,,,,1.2922308968686459e-05,,
train_step,157,46,7378,2807,1.8076330423355103,1.7886999819589697,,,,1.2912347928342166e-05,,
train_step,157,47,7379,2808,1.8866689205169678,1.7907844274602038,,,,1.2902388149188058e-05,,
epoch_summary,157,47,7379,2808,,,1.7907844274602038,nan,nan,1.2902388149188058e-05,9.970454216003418,0.21612232079767607
train_step,158,1,7380,2808,1.9609322547912598,1.9609322547912598,,,,1.2902388149188058e-05,,
train_step,158,2,7381,2809,1.8037315607070923,1.882331907749176,,,,1.289242963607841e-05,,
train_step,158,3,7382,2809,1.7252600193023682,1.82997461160024,,,,1.289242963607841e-05,,
train_step,158,4,7383,2810,1.5659838914871216,1.7639769315719604,,,,1.2882472393866882e-05,,
train_step,158,5,7384,2810,1.7644689083099365,1.7640753269195557,,,,1.2882472393866882e-05,,
train_step,158,6,7385,2811,1.9154865741729736,1.7893105347951253,,,,1.2872516427406508e-05,,
train_step,158,7,7386,2811,1.9363508224487305,1.8103162901742118,,,,1.2872516427406508e-05,,
train_step,158,8,7387,2812,1.7546055316925049,1.8033524453639984,,,,1.2862561741549713e-05,,
train_step,158,9,7388,2812,2.028127908706665,1.8283274968465169,,,,1.2862561741549713e-05,,
train_step,158,10,7389,2813,1.676241397857666,1.8131188869476318,,,,1.2852608341148284e-05,,
train_step,158,11,7390,2813,1.7365005016326904,1.806153579191728,,,,1.2852608341148284e-05,,
train_step,158,12,7391,2814,1.797114372253418,1.805400311946869,,,,1.2842656231053388e-05,,
train_step,158,13,7392,2814,1.6661211252212524,1.7946865283525908,,,,1.2842656231053388e-05,,
train_step,158,14,7393,2815,1.6918020248413086,1.787337635244642,,,,1.2832705416115557e-05,,
train_step,158,15,7394,2815,1.8281663656234741,1.7900595506032309,,,,1.2832705416115557e-05,,
train_step,158,16,7395,2816,1.4800567626953125,1.770684376358986,,,,1.2822755901184713e-05,,
train_step,158,17,7396,2816,1.6666648387908936,1.764565580031451,,,,1.2822755901184713e-05,,
train_step,158,18,7397,2817,1.744152545928955,1.7634315225813124,,,,1.2812807691110114e-05,,
train_step,158,19,7398,2817,1.6960186958312988,1.7598834790681537,,,,1.2812807691110114e-05,,
train_step,158,20,7399,2818,1.5156943798065186,1.747674024105072,,,,1.28028607907404e-05,,
train_step,158,21,7400,2818,1.2341840267181396,1.723222119467599,,,,1.28028607907404e-05,,
train_step,158,22,7401,2819,1.6545764207839966,1.7201018604365261,,,,1.2792915204923576e-05,,
train_step,158,23,7402,2819,1.5752995014190674,1.7138061056966367,,,,1.2792915204923576e-05,,
train_step,158,24,7403,2820,1.8927645683288574,1.7212627083063126,,,,1.278297093850699e-05,,
train_step,158,25,7404,2820,1.8342163562774658,1.7257808542251587,,,,1.278297093850699e-05,,
train_step,158,26,7405,2821,1.7068908214569092,1.725054314503303,,,,1.2773027996337371e-05,,
train_step,158,27,7406,2821,2.1314096450805664,1.7401045119320904,,,,1.2773027996337371e-05,,
train_step,158,28,7407,2822,1.5993680953979492,1.7350782113415855,,,,1.2763086383260774e-05,,
train_step,158,29,7408,2822,1.3549309968948364,1.7219696867054906,,,,1.2763086383260774e-05,,
train_step,158,30,7409,2823,1.6314165592193604,1.7189512491226195,,,,1.2753146104122625e-05,,
train_step,158,31,7410,2823,1.9659650325775146,1.7269194356856807,,,,1.2753146104122625e-05,,
train_step,158,32,7411,2824,1.9472944736480713,1.7338061556220055,,,,1.2743207163767696e-05,,
train_step,158,33,7412,2824,1.7914698123931885,1.7355535391605261,,,,1.2743207163767696e-05,,
train_step,158,34,7413,2825,1.814528226852417,1.7378763240926407,,,,1.27332695670401e-05,,
train_step,158,35,7414,2825,2.024021625518799,1.746051904133388,,,,1.27332695670401e-05,,
train_step,158,36,7415,2826,1.7422242164611816,1.7459455794758267,,,,1.2723333318783314e-05,,
train_step,158,37,7416,2826,1.5777841806411743,1.74140067680462,,,,1.2723333318783314e-05,,
train_step,158,38,7417,2827,1.867037057876587,1.7447068973591453,,,,1.271339842384013e-05,,
train_step,158,39,7418,2827,2.1509156227111816,1.7551225057015052,,,,1.271339842384013e-05,,
train_step,158,40,7419,2828,1.7944753170013428,1.756106325984001,,,,1.2703464887052707e-05,,
train_step,158,41,7420,2828,1.7376124858856201,1.755655256713309,,,,1.2703464887052707e-05,,
train_step,158,42,7421,2829,1.6805989742279053,1.7538682023684184,,,,1.2693532713262527e-05,,
train_step,158,43,7422,2829,2.1659750938415527,1.7634520835654681,,,,1.2693532713262527e-05,,
train_step,158,44,7423,2830,1.6663637161254883,1.761245529760014,,,,1.268360190731041e-05,,
train_step,158,45,7424,2830,2.4784557819366455,1.7771835353639391,,,,1.268360190731041e-05,,
train_step,158,46,7425,2831,1.6567325592041016,1.7745650358822034,,,,1.2673672474036504e-05,,
train_step,158,47,7426,2832,1.75882089138031,1.7742300540842908,,,,1.2663744418280303e-05,,
epoch_summary,158,47,7426,2832,,,1.7742300540842908,nan,nan,1.2663744418280303e-05,9.346689939498901,0.21612232079767607
train_step,159,1,7427,2832,1.601961612701416,1.601961612701416,,,,1.2663744418280303e-05,,
train_step,159,2,7428,2833,1.9946390390396118,1.798300325870514,,,,1.2653817744880617e-05,,
train_step,159,3,7429,2833,1.7547340393066406,1.783778230349223,,,,1.2653817744880617e-05,,
train_step,159,4,7430,2834,1.9016234874725342,1.8132395446300507,,,,1.2643892458675584e-05,,
train_step,159,5,7431,2834,1.9085743427276611,1.8323065042495728,,,,1.2643892458675584e-05,,
train_step,159,6,7432,2835,1.8995189666748047,1.8435085813204448,,,,1.263396856450267e-05,,
train_step,159,7,7433,2835,1.5956872701644897,1.808105536869594,,,,1.263396856450267e-05,,
train_step,159,8,7434,2836,1.4106299877166748,1.7584210932254791,,,,1.2624046067198665e-05,,
train_step,159,9,7435,2836,1.5711607933044434,1.737614393234253,,,,1.2624046067198665e-05,,
train_step,159,10,7436,2837,1.5532383918762207,1.7191767930984496,,,,1.2614124971599663e-05,,
train_step,159,11,7437,2837,1.8948249816894531,1.7351448102430864,,,,1.2614124971599663e-05,,
train_step,159,12,7438,2838,1.4671624898910522,1.7128129502137501,,,,1.26042052825411e-05,,
train_step,159,13,7439,2838,2.387388229370117,1.7647033563027015,,,,1.26042052825411e-05,,
train_step,159,14,7440,2839,1.895448923110962,1.7740423253604345,,,,1.2594287004857702e-05,,
train_step,159,15,7441,2839,1.6962921619415283,1.7688589811325073,,,,1.2594287004857702e-05,,
train_step,159,16,7442,2840,1.6959670782089233,1.7643032371997833,,,,1.2584370143383515e-05,,
train_step,159,17,7443,2840,1.7294659614562988,1.7622539856854607,,,,1.2584370143383515e-05,,
train_step,159,18,7444,2841,1.655502200126648,1.7563233309321933,,,,1.2574454702951901e-05,,
train_step,159,19,7445,2841,2.109178066253662,1.774894632791218,,,,1.2574454702951901e-05,,
train_step,159,20,7446,2842,1.7613649368286133,1.7742181479930879,,,,1.2564540688395527e-05,,
train_step,159,21,7447,2842,1.6256237030029297,1.7671422220411754,,,,1.2564540688395527e-05,,
train_step,159,22,7448,2843,2.0810980796813965,1.7814129428430037,,,,1.255462810454636e-05,,
train_step,159,23,7449,2843,1.420074224472046,1.7657025637833967,,,,1.255462810454636e-05,,
train_step,159,24,7450,2844,1.7324275970458984,1.7643161068360012,,,,1.2544716956235671e-05,,
train_step,159,25,7451,2844,1.6086970567703247,1.758091344833374,,,,1.2544716956235671e-05,,
train_step,159,26,7452,2845,1.3934473991394043,1.7440665776912982,,,,1.253480724829404e-05,,
train_step,159,27,7453,2845,1.7938159704208374,1.7459091477923923,,,,1.253480724829404e-05,,
train_step,159,28,7454,2846,1.6791481971740723,1.7435248281274522,,,,1.2524898985551332e-05,,
train_step,159,29,7455,2846,1.743960976600647,1.7435398677299763,,,,1.2524898985551332e-05,,
train_step,159,30,7456,2847,1.6758227348327637,1.7412826299667359,,,,1.2514992172836725e-05,,
train_step,159,31,7457,2847,1.5346544981002808,1.7346172063581404,,,,1.2514992172836725e-05,,
train_step,159,32,7458,2848,2.0131781101226807,1.7433222346007824,,,,1.2505086814978664e-05,,
train_step,159,33,7459,2848,1.6644221544265747,1.7409313230803518,,,,1.2505086814978664e-05,,
train_step,159,34,7460,2849,1.9838513135910034,1.7480760286836063,,,,1.2495182916804905e-05,,
train_step,159,35,7461,2849,1.5320411920547485,1.7419036047799246,,,,1.2495182916804905e-05,,
train_step,159,36,7462,2850,2.098435163497925,1.751807259188758,,,,1.2485280483142493e-05,,
train_step,159,37,7463,2850,1.3934918642044067,1.742123059324316,,,,1.2485280483142493e-05,,
train_step,159,38,7464,2851,2.213479995727539,1.754527189229664,,,,1.2475379518817746e-05,,
train_step,159,39,7465,2851,1.7656800746917725,1.7548131606517694,,,,1.2475379518817746e-05,,
train_step,159,40,7466,2852,2.1250009536743164,1.764067855477333,,,,1.2465480028656281e-05,,
train_step,159,41,7467,2852,1.8073221445083618,1.7651228381366264,,,,1.2465480028656281e-05,,
train_step,159,42,7468,2853,1.6173121929168701,1.7616035370599656,,,,1.2455582017482984e-05,,
train_step,159,43,7469,2853,1.6617963314056396,1.759282439254051,,,,1.2455582017482984e-05,,
train_step,159,44,7470,2854,1.8301048278808594,1.7608920389955693,,,,1.2445685490122031e-05,,
train_step,159,45,7471,2854,1.6078037023544312,1.7574900759590997,,,,1.2445685490122031e-05,,
train_step,159,46,7472,2855,1.9312973022460938,1.7612684939218604,,,,1.2435790451396866e-05,,
train_step,159,47,7473,2856,2.1567811965942383,1.7696836578085067,,,,1.2425896906130212e-05,,
epoch_summary,159,47,7473,2856,,,1.7696836578085067,nan,nan,1.2425896906130212e-05,9.687702417373657,0.21612232079767607
train_step,160,1,7474,2856,1.7235685586929321,1.7235685586929321,,,,1.2425896906130212e-05,,
train_step,160,2,7475,2857,1.5097754001617432,1.6166719794273376,,,,1.2416004859144058e-05,,
train_step,160,3,7476,2857,1.9200496673583984,1.717797875404358,,,,1.2416004859144058e-05,,
train_step,160,4,7477,2858,1.6342438459396362,1.6969093680381775,,,,1.240611431525967e-05,,
train_step,160,5,7478,2858,2.364823818206787,1.8304922580718994,,,,1.240611431525967e-05,,
train_step,160,6,7479,2859,1.7481718063354492,1.816772182782491,,,,1.2396225279297581e-05,,
train_step,160,7,7480,2859,1.7422808408737183,1.8061305625098092,,,,1.2396225279297581e-05,,
train_step,160,8,7481,2860,1.572279930114746,1.7768992334604263,,,,1.2386337756077584e-05,,
train_step,160,9,7482,2860,1.9252147674560547,1.7933787372377183,,,,1.2386337756077584e-05,,
train_step,160,10,7483,2861,1.881095051765442,1.8021503686904907,,,,1.2376451750418741e-05,,
train_step,160,11,7484,2861,1.562640905380249,1.7803767811168323,,,,1.2376451750418741e-05,,
train_step,160,12,7485,2862,1.4886045455932617,1.756062428156535,,,,1.2366567267139371e-05,,
train_step,160,13,7486,2862,1.5702593326568604,1.7417698823488676,,,,1.2366567267139371e-05,,
train_step,160,14,7487,2863,1.7476818561553955,1.742192166192191,,,,1.2356684311057047e-05,,
train_step,160,15,7488,2863,1.7087368965148926,1.739961814880371,,,,1.2356684311057047e-05,,
train_step,160,16,7489,2864,1.4049242734909058,1.7190219685435295,,,,1.2346802886988607e-05,,
train_step,160,17,7490,2864,2.442378520965576,1.7615723539801205,,,,1.2346802886988607e-05,,
train_step,160,18,7491,2865,1.67113196849823,1.7565478881200154,,,,1.2336922999750137e-05,,
train_step,160,19,7492,2865,1.6059608459472656,1.7486222543214496,,,,1.2336922999750137e-05,,
train_step,160,20,7493,2866,1.944548487663269,1.7584185659885407,,,,1.2327044654156968e-05,,
train_step,160,21,7494,2866,1.8559986352920532,1.7630652359553747,,,,1.2327044654156968e-05,,
train_step,160,22,7495,2867,1.7149466276168823,1.7608780264854431,,,,1.2317167855023686e-05,,
train_step,160,23,7496,2867,1.4410653114318848,1.7469731258309407,,,,1.2317167855023686e-05,,
train_step,160,24,7497,2868,2.1383743286132812,1.7632815092802048,,,,1.230729260716413e-05,,
train_step,160,25,7498,2868,1.57639741897583,1.7558061456680298,,,,1.230729260716413e-05,,
train_step,160,26,7499,2869,1.8718363046646118,1.7602688440909753,,,,1.2297418915391372e-05,,
train_step,160,27,7500,2869,1.8152676820755005,1.7623058380904022,,,,1.2297418915391372e-05,,
train_step,160,28,7501,2870,1.9653129577636719,1.7695560923644476,,,,1.2287546784517726e-05,,
train_step,160,29,7502,2870,2.1853160858154297,1.7838926438627571,,,,1.2287546784517726e-05,,
train_step,160,30,7503,2871,1.5507264137268066,1.7761204361915588,,,,1.2277676219354752e-05,,
train_step,160,31,7504,2871,1.530112385749817,1.768184692628922,,,,1.2277676219354752e-05,,
train_step,160,32,7505,2872,1.769789218902588,1.768234834074974,,,,1.2267807224713244e-05,,
train_step,160,33,7506,2872,1.4025793075561523,1.7571543635744038,,,,1.2267807224713244e-05,,
train_step,160,34,7507,2873,1.6761157512664795,1.7547708749771118,,,,1.2257939805403231e-05,,
train_step,160,35,7508,2873,1.9974819421768188,1.7617054768971034,,,,1.2257939805403231e-05,,
train_step,160,36,7509,2874,1.7849125862121582,1.7623501188225217,,,,1.2248073966233976e-05,,
train_step,160,37,7510,2874,1.7635829448699951,1.7623834384454262,,,,1.2248073966233976e-05,,
train_step,160,38,7511,2875,1.5168800354003906,1.75592282257582,,,,1.223820971201396e-05,,
train_step,160,39,7512,2875,1.8783774375915527,1.7590626844993005,,,,1.223820971201396e-05,,
train_step,160,40,7513,2876,1.9171704053878784,1.763015377521515,,,,1.2228347047550908e-05,,
train_step,160,41,7514,2876,1.8286046981811523,1.7646151170497988,,,,1.2228347047550908e-05,,
train_step,160,42,7515,2877,1.70849609375,1.763278949828375,,,,1.2218485977651757e-05,,
train_step,160,43,7516,2877,1.817106008529663,1.7645307418911955,,,,1.2218485977651757e-05,,
train_step,160,44,7517,2878,1.6978322267532349,1.763014866547151,,,,1.2208626507122677e-05,,
train_step,160,45,7518,2878,1.450191855430603,1.7560632440778945,,,,1.2208626507122677e-05,,
train_step,160,46,7519,2879,2.171715259552002,1.7650991574577664,,,,1.2198768640769052e-05,,
train_step,160,47,7520,2880,1.9015753269195557,1.7680029057441873,,,,1.2188912383395492e-05,,
epoch_summary,160,47,7520,2880,,,1.7680029057441873,2.4593847479139055,0.4347554890219561,1.2188912383395492e-05,217.02542996406555,0.21612232079767607
train_step,161,1,7521,2880,1.9621827602386475,1.9621827602386475,,,,1.2188912383395492e-05,,
train_step,161,2,7522,2881,2.0385401248931885,2.000361442565918,,,,1.2179057739805812e-05,,
train_step,161,3,7523,2881,1.62054443359375,1.8737557729085286,,,,1.2179057739805812e-05,,
train_step,161,4,7524,2882,1.3752729892730713,1.7491350769996643,,,,1.2169204714803043e-05,,
train_step,161,5,7525,2882,1.9502487182617188,1.789357805252075,,,,1.2169204714803043e-05,,
train_step,161,6,7526,2883,1.8755121231079102,1.8037168582280476,,,,1.2159353313189442e-05,,
train_step,161,7,7527,2883,1.4171807765960693,1.748497417994908,,,,1.2159353313189442e-05,,
train_step,161,8,7528,2884,1.7998356819152832,1.7549147009849548,,,,1.2149503539766444e-05,,
train_step,161,9,7529,2884,1.8250099420547485,1.7627030611038208,,,,1.2149503539766444e-05,,
train_step,161,10,7530,2885,1.6469866037368774,1.7511314153671265,,,,1.2139655399334722e-05,,
train_step,161,11,7531,2885,1.4077125787734985,1.719911521131342,,,,1.2139655399334722e-05,,
train_step,161,12,7532,2886,2.0248570442199707,1.7453236480553944,,,,1.2129808896694132e-05,,
train_step,161,13,7533,2886,1.7758293151855469,1.747670237834637,,,,1.2129808896694132e-05,,
train_step,161,14,7534,2887,2.0596086978912354,1.7699515564101083,,,,1.211996403664375e-05,,
train_step,161,15,7535,2887,1.6981329917907715,1.7651636521021525,,,,1.211996403664375e-05,,
train_step,161,16,7536,2888,1.6374741792678833,1.7571830600500107,,,,1.2110120823981834e-05,,
train_step,161,17,7537,2888,1.7220792770385742,1.7551181316375732,,,,1.2110120823981834e-05,,
train_step,161,18,7538,2889,2.303232431411743,1.7855689260694716,,,,1.2100279263505844e-05,,
train_step,161,19,7539,2889,2.0891246795654297,1.801545544674522,,,,1.2100279263505844e-05,,
train_step,161,20,7540,2890,1.2486107349395752,1.7738988041877746,,,,1.2090439360012445e-05,,
train_step,161,21,7541,2890,1.552329421043396,1.7633478811808996,,,,1.2090439360012445e-05,,
train_step,161,22,7542,2891,1.456987977027893,1.7494224309921265,,,,1.208060111829748e-05,,
train_step,161,23,7543,2891,1.8910853862762451,1.755581689917523,,,,1.208060111829748e-05,,
train_step,161,24,7544,2892,1.308295726776123,1.7369447747866313,,,,1.2070764543155996e-05,,
train_step,161,25,7545,2892,2.1181893348693848,1.7521945571899413,,,,1.2070764543155996e-05,,
train_step,161,26,7546,2893,1.5984280109405518,1.7462804592572725,,,,1.206092963938221e-05,,
train_step,161,27,7547,2893,1.7835907936096191,1.7476623234925446,,,,1.206092963938221e-05,,
train_step,161,28,7548,2894,1.8515636920928955,1.7513730866568429,,,,1.2051096411769539e-05,,
train_step,161,29,7549,2894,1.9378331899642944,1.7578027453915825,,,,1.2051096411769539e-05,,
train_step,161,30,7550,2895,1.649402379989624,1.754189399878184,,,,1.2041264865110581e-05,,
train_step,161,31,7551,2895,1.8176305294036865,1.7562358879273938,,,,1.2041264865110581e-05,,
train_step,161,32,7552,2896,1.6475443840026855,1.7528392784297466,,,,1.2031435004197106e-05,,
train_step,161,33,7553,2896,1.6109966039657593,1.7485410155672017,,,,1.2031435004197106e-05,,
train_step,161,34,7554,2897,1.9409321546554565,1.754199578481562,,,,1.2021606833820079e-05,,
train_step,161,35,7555,2897,1.7772331237792969,1.7548576797757829,,,,1.2021606833820079e-05,,
train_step,161,36,7556,2898,1.9573657512664795,1.7604829039838579,,,,1.2011780358769618e-05,,
train_step,161,37,7557,2898,1.647423505783081,1.7574272445730261,,,,1.2011780358769618e-05,,
train_step,161,38,7558,2899,1.5815634727478027,1.7527992505776255,,,,1.2001955583835041e-05,,
train_step,161,39,7559,2899,1.7281001806259155,1.752165941091684,,,,1.2001955583835041e-05,,
train_step,161,40,7560,2900,1.9972081184387207,1.7582919955253602,,,,1.199213251380482e-05,,
train_step,161,41,7561,2900,1.6046116352081299,1.754543694054208,,,,1.199213251380482e-05,,
train_step,161,42,7562,2901,1.7322946786880493,1.7540139555931091,,,,1.1982311153466595e-05,,
train_step,161,43,7563,2901,1.6493136882781982,1.751579065655553,,,,1.1982311153466595e-05,,
train_step,161,44,7564,2902,1.595807433128357,1.748038801279935,,,,1.1972491507607182e-05,,
train_step,161,45,7565,2902,1.6040030717849731,1.744838007291158,,,,1.1972491507607182e-05,,
train_step,161,46,7566,2903,2.376527786254883,1.7585703937903694,,,,1.1962673581012551e-05,,
train_step,161,47,7567,2904,1.8396395444869995,1.7602952693371063,,,,1.1952857378467846e-05,,
epoch_summary,161,47,7567,2904,,,1.7602952693371063,nan,nan,1.1952857378467846e-05,9.217566728591919,0.21612232079767607
train_step,162,1,7568,2904,1.9903843402862549,1.9903843402862549,,,,1.1952857378467846e-05,,
train_step,162,2,7569,2905,1.7721219062805176,1.8812531232833862,,,,1.1943042904757362e-05,,
train_step,162,3,7570,2905,1.7071287631988525,1.823211669921875,,,,1.1943042904757362e-05,,
train_step,162,4,7571,2906,1.9427951574325562,1.8531075417995453,,,,1.193323016466456e-05,,
train_step,162,5,7572,2906,1.8923847675323486,1.860962986946106,,,,1.193323016466456e-05,,
train_step,162,6,7573,2907,2.089064121246338,1.8989798426628113,,,,1.1923419162972045e-05,,
train_step,162,7,7574,2907,1.9560743570327759,1.9071362018585205,,,,1.1923419162972045e-05,,
train_step,162,8,7575,2908,1.4255023002624512,1.8469319641590118,,,,1.1913609904461576e-05,,
train_step,162,9,7576,2908,1.5711454153060913,1.8162890142864652,,,,1.1913609904461576e-05,,
train_step,162,10,7577,2909,2.0077266693115234,1.835432779788971,,,,1.1903802393914083e-05,,
train_step,162,11,7578,2909,1.6522129774093628,1.8187764341180974,,,,1.1903802393914083e-05,,
train_step,162,12,7579,2910,1.8488222360610962,1.8212802509466808,,,,1.1893996636109608e-05,,
train_step,162,13,7580,2910,1.6777477264404297,1.810239287523123,,,,1.1893996636109608e-05,,
train_step,162,14,7581,2911,2.061840534210205,1.8282108051436288,,,,1.188419263582737e-05,,
train_step,162,15,7582,2911,1.6080855131149292,1.813535785675049,,,,1.188419263582737e-05,,
train_step,162,16,7583,2912,1.7590646743774414,1.8101313412189484,,,,1.187439039784571e-05,,
train_step,162,17,7584,2912,1.473690390586853,1.7903406970641191,,,,1.187439039784571e-05,,
train_step,162,18,7585,2913,1.5937137603759766,1.7794169783592224,,,,1.186458992694213e-05,,
train_step,162,19,7586,2913,1.6862239837646484,1.7745120839068764,,,,1.186458992694213e-05,,
train_step,162,20,7587,2914,1.713765263557434,1.7714747428894042,,,,1.1854791227893256e-05,,
train_step,162,21,7588,2914,1.7447469234466553,1.7702019895826067,,,,1.1854791227893256e-05,,
train_step,162,22,7589,2915,1.1421135663986206,1.7416525158015164,,,,1.1844994305474851e-05,,
train_step,162,23,7590,2915,1.908536434173584,1.7489083383394324,,,,1.1844994305474851e-05,,
train_step,162,24,7591,2916,2.155886173248291,1.7658657481273015,,,,1.1835199164461825e-05,,
train_step,162,25,7592,2916,2.018885612487793,1.7759865427017212,,,,1.1835199164461825e-05,,
train_step,162,26,7593,2917,1.5114692449569702,1.7658128004807692,,,,1.1825405809628205e-05,,
train_step,162,27,7594,2917,1.681469440460205,1.7626889723318595,,,,1.1825405809628205e-05,,
train_step,162,28,7595,2918,1.9498728513717651,1.7693741108689989,,,,1.1815614245747157e-05,,
train_step,162,29,7596,2918,1.6128345727920532,1.7639761957628974,,,,1.1815614245747157e-05,,
train_step,162,30,7597,2919,2.2863104343414307,1.7813873370488484,,,,1.1805824477590962e-05,,
train_step,162,31,7598,2919,1.5833641290664673,1.774999491630062,,,,1.1805824477590962e-05,,
train_step,162,32,7599,2920,1.4142662286758423,1.7637265771627426,,,,1.179603650993104e-05,,
train_step,162,33,7600,2920,1.7761272192001343,1.7641023541941787,,,,1.179603650993104e-05,,
train_step,162,34,7601,2921,1.8692152500152588,1.7671939099536222,,,,1.1786250347537927e-05,,
train_step,162,35,7602,2921,1.517583966255188,1.7600621972765242,,,,1.1786250347537927e-05,,
train_step,162,36,7603,2922,1.533277988433838,1.7537626359197829,,,,1.1776465995181277e-05,,
train_step,162,37,7604,2922,1.8174086809158325,1.7554827992980544,,,,1.1776465995181277e-05,,
train_step,162,38,7605,2923,1.9130210876464844,1.7596285437282764,,,,1.1766683457629872e-05,,
train_step,162,39,7606,2923,1.651850700378418,1.7568650092834082,,,,1.1766683457629872e-05,,
train_step,162,40,7607,2924,1.8588454723358154,1.7594145208597183,,,,1.1756902739651595e-05,,
train_step,162,41,7608,2924,1.3498234748840332,1.7494244953481162,,,,1.1756902739651595e-05,,
train_step,162,42,7609,2925,1.9669806957244873,1.754604404880887,,,,1.1747123846013448e-05,,
train_step,162,43,7610,2925,1.8543695211410522,1.7569245238636815,,,,1.1747123846013448e-05,,
train_step,162,44,7611,2926,1.8497483730316162,1.7590341567993164,,,,1.1737346781481551e-05,,
train_step,162,45,7612,2926,1.6678812503814697,1.7570085366566977,,,,1.1737346781481551e-05,,
train_step,162,46,7613,2927,1.6508562564849854,1.7547008783920952,,,,1.1727571550821128e-05,,
train_step,162,47,7614,2928,1.8417894840240479,1.756553827448094,,,,1.1717798158796498e-05,,
epoch_summary,162,47,7614,2928,,,1.756553827448094,nan,nan,1.1717798158796498e-05,9.202749013900757,0.21612232079767607
train_step,163,1,7615,2928,1.2869995832443237,1.2869995832443237,,,,1.1717798158796498e-05,,
train_step,163,2,7616,2929,1.7743546962738037,1.5306771397590637,,,,1.1708026610171097e-05,,
train_step,163,3,7617,2929,1.9657224416732788,1.6756922403971355,,,,1.1708026610171097e-05,,
train_step,163,4,7618,2930,1.613420009613037,1.6601241827011108,,,,1.1698256909707465e-05,,
train_step,163,5,7619,2930,1.8068552017211914,1.689470386505127,,,,1.1698256909707465e-05,,
train_step,163,6,7620,2931,1.7323812246322632,1.6966221928596497,,,,1.1688489062167226e-05,,
train_step,163,7,7621,2931,1.7584377527236938,1.7054529871259416,,,,1.1688489062167226e-05,,
train_step,163,8,7622,2932,1.6667242050170898,1.7006118893623352,,,,1.1678723072311118e-05,,
train_step,163,9,7623,2932,1.4411002397537231,1.671777261628045,,,,1.1678723072311118e-05,,
train_step,163,10,7624,2933,1.780158519744873,1.6826153874397278,,,,1.1668958944898964e-05,,
train_step,163,11,7625,2933,1.5224413871765137,1.6680541146885266,,,,1.1668958944898964e-05,,
train_step,163,12,7626,2934,1.581334114074707,1.6608274479707081,,,,1.1659196684689677e-05,,
train_step,163,13,7627,2934,1.6207849979400635,1.6577472595068126,,,,1.1659196684689677e-05,,
train_step,163,14,7628,2935,1.6927142143249512,1.6602448991366796,,,,1.1649436296441273e-05,,
train_step,163,15,7629,2935,2.214495897293091,1.6971949656804404,,,,1.1649436296441273e-05,,
train_step,163,16,7630,2936,2.286212921142578,1.7340085878968239,,,,1.163967778491084e-05,,
train_step,163,17,7631,2936,2.158712148666382,1.7589911502950333,,,,1.163967778491084e-05,,
train_step,163,18,7632,2937,1.4772369861602783,1.7433381411764357,,,,1.1629921154854558e-05,,
train_step,163,19,7633,2937,1.677259087562561,1.7398602962493896,,,,1.1629921154854558e-05,,
train_step,163,20,7634,2938,1.622990608215332,1.7340168118476869,,,,1.1620166411027687e-05,,
train_step,163,21,7635,2938,1.9914473295211792,1.7462754079273768,,,,1.1620166411027687e-05,,
train_step,163,22,7636,2939,1.5161802768707275,1.7358165383338928,,,,1.1610413558184579e-05,,
train_step,163,23,7637,2939,1.3722343444824219,1.7200086168620898,,,,1.1610413558184579e-05,,
train_step,163,24,7638,2940,1.686515212059021,1.7186130583286285,,,,1.1600662601078649e-05,,
train_step,163,25,7639,2940,1.927507758140564,1.726968846321106,,,,1.1600662601078649e-05,,
train_step,163,26,7640,2941,2.3103389739990234,1.7494061589241028,,,,1.1590913544462396e-05,,
train_step,163,27,7641,2941,1.8808037042617798,1.7542727346773501,,,,1.1590913544462396e-05,,
train_step,163,28,7642,2942,1.7181544303894043,1.7529827952384949,,,,1.1581166393087397e-05,,
train_step,163,29,7643,2942,1.8080086708068848,1.7548802392236118,,,,1.1581166393087397e-05,,
train_step,163,30,7644,2943,1.9844790697097778,1.7625335335731507,,,,1.1571421151704292e-05,,
train_step,163,31,7645,2943,1.6668756008148193,1.7594477938067528,,,,1.1571421151704292e-05,,
train_step,163,32,7646,2944,1.4902838468551636,1.7510364204645157,,,,1.1561677825062786e-05,,
train_step,163,33,7647,2944,1.9951434135437012,1.7584336020729758,,,,1.1561677825062786e-05,,
train_step,163,34,7648,2945,1.9017189741134644,1.7626478777212256,,,,1.1551936417911674e-05,,
train_step,163,35,7649,2945,1.4067155122756958,1.7524783815656388,,,,1.1551936417911674e-05,,
train_step,163,36,7650,2946,1.8335379362106323,1.7547300358613331,,,,1.1542196934998786e-05,,
train_step,163,37,7651,2946,1.6697230339050293,1.7524325493219737,,,,1.1542196934998786e-05,,
train_step,163,38,7652,2947,1.9699811935424805,1.7581575136435659,,,,1.1532459381071036e-05,,
train_step,163,39,7653,2947,1.5960514545440674,1.75400094802563,,,,1.1532459381071036e-05,,
train_step,163,40,7654,2948,1.7272554636001587,1.7533323109149932,,,,1.1522723760874377e-05,,
train_step,163,41,7655,2948,1.5347219705581665,1.7480003513940952,,,,1.1522723760874377e-05,,
train_step,163,42,7656,2949,2.096817970275879,1.7563055327960424,,,,1.1512990079153846e-05,,
train_step,163,43,7657,2949,1.7537623643875122,1.7562463893446811,,,,1.1512990079153846e-05,,
train_step,163,44,7658,2950,1.5832855701446533,1.7523154616355896,,,,1.1503258340653514e-05,,
train_step,163,45,7659,2950,1.5203588008880615,1.7471608691745335,,,,1.1503258340653514e-05,,
train_step,163,46,7660,2951,1.6464543342590332,1.7449715966763704,,,,1.1493528550116513e-05,,
train_step,163,47,7661,2952,1.909614086151123,1.7484746283673225,,,,1.1483800712285027e-05,,
epoch_summary,163,47,7661,2952,,,1.7484746283673225,nan,nan,1.1483800712285027e-05,9.21988844871521,0.21612232079767607
train_step,164,1,7662,2952,1.3507980108261108,1.3507980108261108,,,,1.1483800712285027e-05,,
train_step,164,2,7663,2953,1.9502084255218506,1.6505032181739807,,,,1.1474074831900282e-05,,
train_step,164,3,7664,2953,1.4622423648834229,1.5877496004104614,,,,1.1474074831900282e-05,,
train_step,164,4,7665,2954,2.0862948894500732,1.7123859226703644,,,,1.1464350913702565e-05,,
train_step,164,5,7666,2954,1.5594273805618286,1.6817942142486573,,,,1.1464350913702565e-05,,
train_step,164,6,7667,2955,1.9319190979003906,1.7234816948572795,,,,1.1454628962431178e-05,,
train_step,164,7,7668,2955,1.7749552726745605,1.730835063116891,,,,1.1454628962431178e-05,,
train_step,164,8,7669,2956,1.55226469039917,1.708513766527176,,,,1.1444908982824495e-05,,
train_step,164,9,7670,2956,1.5552587509155273,1.691485431459215,,,,1.1444908982824495e-05,,
train_step,164,10,7671,2957,1.9736146926879883,1.7196983575820923,,,,1.1435190979619907e-05,,
train_step,164,11,7672,2957,1.5331857204437256,1.7027426632967861,,,,1.1435190979619907e-05,,
train_step,164,12,7673,2958,1.684472680091858,1.7012201646963756,,,,1.1425474957553862e-05,,
train_step,164,13,7674,2958,2.024137258529663,1.7260599411450899,,,,1.1425474957553862e-05,,
train_step,164,14,7675,2959,1.7428364753723145,1.7272582650184631,,,,1.141576092136182e-05,,
train_step,164,15,7676,2959,1.9672497510910034,1.7432576974232992,,,,1.141576092136182e-05,,
train_step,164,16,7677,2960,1.8300151824951172,1.7486800402402878,,,,1.140604887577829e-05,,
train_step,164,17,7678,2960,1.5516103506088257,1.737087705556084,,,,1.140604887577829e-05,,
train_step,164,18,7679,2961,2.1024670600891113,1.7573865585856967,,,,1.1396338825536806e-05,,
train_step,164,19,7680,2961,1.6229612827301025,1.7503115440669812,,,,1.1396338825536806e-05,,
train_step,164,20,7681,2962,1.6385393142700195,1.7447229325771332,,,,1.138663077536993e-05,,
train_step,164,21,7682,2962,1.4816033840179443,1.7321934302647908,,,,1.138663077536993e-05,,
train_step,164,22,7683,2963,2.3139824867248535,1.7586383873766118,,,,1.1376924730009242e-05,,
train_step,164,23,7684,2963,1.7503427267074585,1.7582777064779531,,,,1.1376924730009242e-05,,
train_step,164,24,7685,2964,1.8441063165664673,1.7618538985649745,,,,1.1367220694185347e-05,,
train_step,164,25,7686,2964,1.5503443479537964,1.7533935165405274,,,,1.1367220694185347e-05,,
train_step,164,26,7687,2965,1.633307933807373,1.74877484028156,,,,1.1357518672627884e-05,,
train_step,164,27,7688,2965,1.6350116729736328,1.7445613896405254,,,,1.1357518672627884e-05,,
train_step,164,28,7689,2966,1.8130707740783691,1.7470081533704485,,,,1.13478186700655e-05,,
train_step,164,29,7690,2966,1.5720607042312622,1.7409754827104766,,,,1.13478186700655e-05,,
train_step,164,30,7691,2967,1.9198617935180664,1.7469383597373962,,,,1.1338120691225848e-05,,
train_step,164,31,7692,2967,1.9123814105987549,1.7522752323458273,,,,1.1338120691225848e-05,,
train_step,164,32,7693,2968,1.4264683723449707,1.7420937679708004,,,,1.1328424740835618e-05,,
train_step,164,33,7694,2968,1.8838696479797363,1.74639000675895,,,,1.1328424740835618e-05,,
train_step,164,34,7695,2969,1.9067754745483398,1.7511072263998144,,,,1.131873082362049e-05,,
train_step,164,35,7696,2969,1.7369253635406494,1.750702030318124,,,,1.131873082362049e-05,,
train_step,164,36,7697,2970,1.539717435836792,1.744841347138087,,,,1.130903894430516e-05,,
train_step,164,37,7698,2970,1.8740887641906738,1.7483345205719407,,,,1.130903894430516e-05,,
train_step,164,38,7699,2971,1.841275930404663,1.750780347146486,,,,1.1299349107613343e-05,,
train_step,164,39,7700,2971,1.440788745880127,1.7428318445499127,,,,1.1299349107613343e-05,,
train_step,164,40,7701,2972,1.719651222229004,1.7422523289918899,,,,1.128966131826774e-05,,
train_step,164,41,7702,2972,1.972344160079956,1.7478643248720866,,,,1.128966131826774e-05,,
train_step,164,42,7703,2973,1.4321644306182861,1.7403476607231867,,,,1.1279975580990062e-05,,
train_step,164,43,7704,2973,1.736698865890503,1.7402628050294033,,,,1.1279975580990062e-05,,
train_step,164,44,7705,2974,1.9988515377044678,1.7461398216811093,,,,1.1270291900501016e-05,,
train_step,164,45,7706,2974,1.3874740600585938,1.7381694714228313,,,,1.1270291900501016e-05,,
train_step,164,46,7707,2975,1.5816709995269775,1.7347673307294431,,,,1.1260610281520319e-05,,
train_step,164,47,7708,2976,1.8913801908493042,1.7380995192426316,,,,1.125093072876667e-05,,
epoch_summary,164,47,7708,2976,,,1.7380995192426316,nan,nan,1.125093072876667e-05,9.304898262023926,0.21612232079767607
train_step,165,1,7709,2976,2.1880674362182617,2.1880674362182617,,,,1.125093072876667e-05,,
train_step,165,2,7710,2977,1.731292963027954,1.959680199623108,,,,1.1241253246957763e-05,,
train_step,165,3,7711,2977,1.6443073749542236,1.8545559247334797,,,,1.1241253246957763e-05,,
train_step,165,4,7712,2978,1.820291519165039,1.8459898233413696,,,,1.1231577840810289e-05,,
train_step,165,5,7713,2978,1.947799801826477,1.8663518190383912,,,,1.1231577840810289e-05,,
train_step,165,6,7714,2979,1.866216778755188,1.866329312324524,,,,1.122190451503992e-05,,
train_step,165,7,7715,2979,1.6428563594818115,1.834404604775565,,,,1.122190451503992e-05,,
train_step,165,8,7716,2980,1.5312737226486206,1.796513244509697,,,,1.1212233274361328e-05,,
train_step,165,9,7717,2980,1.7803783416748047,1.7947204775280423,,,,1.1212233274361328e-05,,
train_step,165,10,7718,2981,1.8375335931777954,1.7990017890930177,,,,1.1202564123488139e-05,,
train_step,165,11,7719,2981,1.8209679126739502,1.8009987094185569,,,,1.1202564123488139e-05,,
train_step,165,12,7720,2982,1.8771910667419434,1.8073480725288391,,,,1.1192897067132997e-05,,
train_step,165,13,7721,2982,1.740346908569336,1.8021941368396466,,,,1.1192897067132997e-05,,
train_step,165,14,7722,2983,1.808698058128357,1.802658702645983,,,,1.11832321100075e-05,,
train_step,165,15,7723,2983,1.6242430210113525,1.790764323870341,,,,1.11832321100075e-05,,
train_step,165,16,7724,2984,1.7883720397949219,1.7906148061156273,,,,1.1173569256822227e-05,,
train_step,165,17,7725,2984,1.6246147155761719,1.780850094907424,,,,1.1173569256822227e-05,,
train_step,165,18,7726,2985,2.1648030281066895,1.8021808134184942,,,,1.1163908512286745e-05,,
train_step,165,19,7727,2985,1.9102890491485596,1.807870720562182,,,,1.1163908512286745e-05,,
train_step,165,20,7728,2986,1.6982866525650024,1.802391517162323,,,,1.1154249881109574e-05,,
train_step,165,21,7729,2986,1.6226037740707397,1.7938301960627239,,,,1.1154249881109574e-05,,
train_step,165,22,7730,2987,1.509366512298584,1.7809000286188992,,,,1.1144593367998223e-05,,
train_step,165,23,7731,2987,1.8629851341247559,1.7844689462495886,,,,1.1144593367998223e-05,,
train_step,165,24,7732,2988,1.6891738176345825,1.78049831589063,,,,1.1134938977659154e-05,,
train_step,165,25,7733,2988,1.8846869468688965,1.7846658611297608,,,,1.1134938977659154e-05,,
train_step,165,26,7734,2989,1.6785426139831543,1.7805841977779682,,,,1.1125286714797804e-05,,
train_step,165,27,7735,2989,1.8705167770385742,1.7839150340468795,,,,1.1125286714797804e-05,,
train_step,165,28,7736,2990,1.8893736600875854,1.7876814135483332,,,,1.1115636584118556e-05,,
train_step,165,29,7737,2990,1.5953246355056763,1.7810484212020348,,,,1.1115636584118556e-05,,
train_step,165,30,7738,2991,1.5438611507415771,1.7731421788533528,,,,1.110598859032478e-05,,
train_step,165,31,7739,2991,2.001370668411255,1.7805043881939304,,,,1.110598859032478e-05,,
train_step,165,32,7740,2992,1.6918504238128662,1.777733951807022,,,,1.1096342738118785e-05,,
train_step,165,33,7741,2992,1.8944679498672485,1.781271345687635,,,,1.1096342738118785e-05,,
train_step,165,34,7742,2993,1.4924004077911377,1.7727751416318558,,,,1.1086699032201842e-05,,
train_step,165,35,7743,2993,1.3750970363616943,1.7614129100527083,,,,1.1086699032201842e-05,,
train_step,165,36,7744,2994,1.530430555343628,1.7549967335330114,,,,1.1077057477274177e-05,,
train_step,165,37,7745,2994,1.8850480318069458,1.758511633486361,,,,1.1077057477274177e-05,,
train_step,165,38,7746,2995,1.9955549240112305,1.764749614815963,,,,1.106741807803497e-05,,
train_step,165,39,7747,2995,1.855022668838501,1.7670643085088484,,,,1.106741807803497e-05,,
train_step,165,40,7748,2996,1.743363618850708,1.766471791267395,,,,1.1057780839182339e-05,,
train_step,165,41,7749,2996,1.5750315189361572,1.7618025163324869,,,,1.1057780839182339e-05,,
train_step,165,42,7750,2997,1.4900952577590942,1.7553332958902632,,,,1.1048145765413367e-05,,
train_step,165,43,7751,2997,1.516563057899475,1.7497804996579192,,,,1.1048145765413367e-05,,
train_step,165,44,7752,2998,1.6412800550460815,1.7473145804621957,,,,1.1038512861424072e-05,,
train_step,165,45,7753,2998,1.5175390243530273,1.7422084569931031,,,,1.1038512861424072e-05,,
train_step,165,46,7754,2999,1.9061098098754883,1.7457715298818506,,,,1.1028882131909401e-05,,
train_step,165,47,7755,3000,1.4645328521728516,1.7397877282284675,,,,1.1019253581563265e-05,,
epoch_summary,165,47,7755,3000,,,1.7397877282284675,nan,nan,1.1019253581563265e-05,9.107119798660278,0.21612232079767607
train_step,166,1,7756,3000,1.650131106376648,1.650131106376648,,,,1.1019253581563265e-05,,
train_step,166,2,7757,3001,1.6329607963562012,1.6415459513664246,,,,1.1009627215078502e-05,,
train_step,166,3,7758,3001,1.9091967344284058,1.7307628790537517,,,,1.1009627215078502e-05,,
train_step,166,4,7759,3002,1.7659199237823486,1.7395521402359009,,,,1.1000003037146884e-05,,
train_step,166,5,7760,3002,1.4344208240509033,1.6785258769989013,,,,1.1000003037146884e-05,,
train_step,166,6,7761,3003,1.6077580451965332,1.6667312383651733,,,,1.0990381052459117e-05,,
train_step,166,7,7762,3003,2.25669264793396,1.7510114397321428,,,,1.0990381052459117e-05,,
train_step,166,8,7763,3004,1.6126708984375,1.7337188720703125,,,,1.0980761265704844e-05,,
train_step,166,9,7764,3004,1.9449955224990845,1.7571940554512873,,,,1.0980761265704844e-05,,
train_step,166,10,7765,3005,1.9123661518096924,1.7727112650871277,,,,1.0971143681572628e-05,,
train_step,166,11,7766,3005,1.449968695640564,1.7433710315010764,,,,1.0971143681572628e-05,,
train_step,166,12,7767,3006,1.7451603412628174,1.7435201406478882,,,,1.0961528304749964e-05,,
train_step,166,13,7768,3006,2.0382325649261475,1.7661903271308312,,,,1.0961528304749964e-05,,
train_step,166,14,7769,3007,1.8047447204589844,1.7689442123685564,,,,1.0951915139923277e-05,,
train_step,166,15,7770,3007,2.092935085296631,1.7905436038970948,,,,1.0951915139923277e-05,,
train_step,166,16,7771,3008,1.707481026649475,1.7853521928191185,,,,1.0942304191777896e-05,,
train_step,166,17,7772,3008,1.5262715816497803,1.770112156867981,,,,1.0942304191777896e-05,,
train_step,166,18,7773,3009,2.212769031524658,1.7947042054600186,,,,1.0932695464998085e-05,,
train_step,166,19,7774,3009,1.7707349061965942,1.7934426633935225,,,,1.0932695464998085e-05,,
train_step,166,20,7775,3010,1.954478144645691,1.801494437456131,,,,1.0923088964267016e-05,,
train_step,166,21,7776,3010,2.1516544818878174,1.8181687252862113,,,,1.0923088964267016e-05,,
train_step,166,22,7777,3011,1.638601303100586,1.8100065697323193,,,,1.0913484694266789e-05,,
train_step,166,23,7778,3011,1.5500671863555908,1.7987048574115918,,,,1.0913484694266789e-05,,
train_step,166,24,7779,3012,1.3983476161956787,1.7820233056942623,,,,1.09038826596784e-05,,
train_step,166,25,7780,3012,1.862887978553772,1.7852578926086426,,,,1.09038826596784e-05,,
train_step,166,26,7781,3013,1.5756577253341675,1.7771963477134705,,,,1.089428286518177e-05,,
train_step,166,27,7782,3013,1.9150612354278564,1.782302454665855,,,,1.089428286518177e-05,,
train_step,166,28,7783,3014,1.7137196063995361,1.7798530672277724,,,,1.0884685315455725e-05,,
train_step,166,29,7784,3014,1.7522327899932861,1.778900643874859,,,,1.0884685315455725e-05,,
train_step,166,30,7785,3015,1.45139741897583,1.767983869711558,,,,1.0875090015177985e-05,,
train_step,166,31,7786,3015,1.8858752250671387,1.7717868166585122,,,,1.0875090015177985e-05,,
train_step,166,32,7787,3016,1.3931833505630493,1.759955458343029,,,,1.086549696902519e-05,,
train_step,166,33,7788,3016,1.398004412651062,1.748987244837212,,,,1.086549696902519e-05,,
train_step,166,34,7789,3017,1.9477282762527466,1.75483256929061,,,,1.0855906181672874e-05,,
train_step,166,35,7790,3017,1.7039294242858887,1.7533781937190465,,,,1.0855906181672874e-05,,
train_step,166,36,7791,3018,1.8286606073379517,1.755469371875127,,,,1.0846317657795465e-05,,
train_step,166,37,7792,3018,1.5318281650543213,1.7494250149340242,,,,1.0846317657795465e-05,,
train_step,166,38,7793,3019,1.634299635887146,1.7463953996959485,,,,1.0836731402066295e-05,,
train_step,166,39,7794,3019,1.7795155048370361,1.7472446331611047,,,,1.0836731402066295e-05,,
train_step,166,40,7795,3020,1.08842134475708,1.7307740509510041,,,,1.0827147419157592e-05,,
train_step,166,41,7796,3020,1.968411922454834,1.7365700965974389,,,,1.0827147419157592e-05,,
train_step,166,42,7797,3021,1.4999148845672607,1.7309354486919584,,,,1.0817565713740469e-05,,
train_step,166,43,7798,3021,1.7697008848190308,1.7318369704623555,,,,1.0817565713740469e-05,,
train_step,166,44,7799,3022,1.583382248878479,1.7284629995172673,,,,1.0807986290484932e-05,,
train_step,166,45,7800,3022,1.8243794441223145,1.7305944760640461,,,,1.0807986290484932e-05,,
train_step,166,46,7801,3023,1.5035250186920166,1.7256581835124805,,,,1.0798409154059882e-05,,
train_step,166,47,7802,3024,1.877848744392395,1.7288962805524786,,,,1.0788834309133094e-05,,
epoch_summary,166,47,7802,3024,,,1.7288962805524786,nan,nan,1.0788834309133094e-05,9.213550329208374,0.21612232079767607
train_step,167,1,7803,3024,1.5157808065414429,1.5157808065414429,,,,1.0788834309133094e-05,,
train_step,167,2,7804,3025,1.6727122068405151,1.594246506690979,,,,1.0779261760371231e-05,,
train_step,167,3,7805,3025,1.8006538152694702,1.6630489428838093,,,,1.0779261760371231e-05,,
train_step,167,4,7806,3026,1.6292846202850342,1.6546078622341156,,,,1.0769691512439837e-05,,
train_step,167,5,7807,3026,1.9419231414794922,1.712070918083191,,,,1.0769691512439837e-05,,
train_step,167,6,7808,3027,1.7082229852676392,1.7114295959472656,,,,1.0760123570003336e-05,,
train_step,167,7,7809,3027,1.864542841911316,1.7333029167992728,,,,1.0760123570003336e-05,,
train_step,167,8,7810,3028,1.6328785419464111,1.720749869942665,,,,1.0750557937725027e-05,,
train_step,167,9,7811,3028,1.769383192062378,1.726153572400411,,,,1.0750557937725027e-05,,
train_step,167,10,7812,3029,1.6749897003173828,1.7210371851921082,,,,1.074099462026708e-05,,
train_step,167,11,7813,3029,1.642805576324463,1.713925220749595,,,,1.074099462026708e-05,,
train_step,167,12,7814,3030,1.5206654071807861,1.6978202362855275,,,,1.0731433622290543e-05,,
train_step,167,13,7815,3030,1.5859483480453491,1.6892147064208984,,,,1.0731433622290543e-05,,
train_step,167,14,7816,3031,1.3145463466644287,1.6624526807240076,,,,1.0721874948455328e-05,,
train_step,167,15,7817,3031,1.3252023458480835,1.6399693250656129,,,,1.0721874948455328e-05,,
train_step,167,16,7818,3032,1.6019599437713623,1.6375937387347221,,,,1.071231860342022e-05,,
train_step,167,17,7819,3032,1.1139085292816162,1.606788726413951,,,,1.071231860342022e-05,,
train_step,167,18,7820,3033,1.639836311340332,1.6086247033543057,,,,1.070276459184287e-05,,
train_step,167,19,7821,3033,1.9532780647277832,1.6267643539529097,,,,1.070276459184287e-05,,
train_step,167,20,7822,3034,1.9519267082214355,1.643022471666336,,,,1.0693212918379773e-05,,
train_step,167,21,7823,3034,1.929095983505249,1.6566450198491414,,,,1.0693212918379773e-05,,
train_step,167,22,7824,3035,1.8535981178283691,1.6655974333936518,,,,1.0683663587686307e-05,,
train_step,167,23,7825,3035,1.9152376651763916,1.6764513565146404,,,,1.0683663587686307e-05,,
train_step,167,24,7826,3036,1.2914283275604248,1.660408730308215,,,,1.0674116604416696e-05,,
train_step,167,25,7827,3036,2.1284868717193604,1.6791318559646606,,,,1.0674116604416696e-05,,
train_step,167,26,7828,3037,1.7551584243774414,1.6820559547497675,,,,1.066457197322403e-05,,
train_step,167,27,7829,3037,1.5590054988861084,1.677498530458521,,,,1.066457197322403e-05,,
train_step,167,28,7830,3038,1.7614645957946777,1.6804973185062408,,,,1.0655029698760238e-05,,
train_step,167,29,7831,3038,1.6238555908203125,1.6785441554825882,,,,1.0655029698760238e-05,,
train_step,167,30,7832,3039,2.270812511444092,1.6982864340146382,,,,1.0645489785676118e-05,,
train_step,167,31,7833,3039,1.7288930416107178,1.6992737439370924,,,,1.0645489785676118e-05,,
train_step,167,32,7834,3040,2.144949197769165,1.7132011018693447,,,,1.0635952238621304e-05,,
train_step,167,33,7835,3040,1.509566068649292,1.707030343286919,,,,1.0635952238621304e-05,,
train_step,167,34,7836,3041,1.6853458881378174,1.7063925651942982,,,,1.0626417062244276e-05,,
train_step,167,35,7837,3041,1.575749397277832,1.7026599032538279,,,,1.0626417062244276e-05,,
train_step,167,36,7838,3042,1.7888622283935547,1.705054412285487,,,,1.0616884261192375e-05,,
train_step,167,37,7839,3042,2.047546863555908,1.7143109650225252,,,,1.0616884261192375e-05,,
train_step,167,38,7840,3043,1.6580764055252075,1.7128311081936485,,,,1.0607353840111756e-05,,
train_step,167,39,7841,3043,2.079928398132324,1.7222438592177172,,,,1.0607353840111756e-05,,
train_step,167,40,7842,3044,1.5918331146240234,1.7189835906028748,,,,1.0597825803647442e-05,,
train_step,167,41,7843,3044,1.571650505065918,1.7153901007117294,,,,1.0597825803647442e-05,,
train_step,167,42,7844,3045,1.7162257432937622,1.7154099969636827,,,,1.0588300156443275e-05,,
train_step,167,43,7845,3045,1.7490044832229614,1.7161912640859915,,,,1.0588300156443275e-05,,
train_step,167,44,7846,3046,1.7344226837158203,1.716605614532124,,,,1.0578776903141948e-05,,
train_step,167,45,7847,3046,1.7592601776123047,1.7175534937116834,,,,1.0578776903141948e-05,,
train_step,167,46,7848,3047,1.8535748720169067,1.7205104801965796,,,,1.0569256048384975e-05,,
train_step,167,47,7849,3048,1.5005487203598022,1.715830442753244,,,,1.0559737596812702e-05,,
epoch_summary,167,47,7849,3048,,,1.715830442753244,nan,nan,1.0559737596812702e-05,9.477372884750366,0.21612232079767607
train_step,168,1,7850,3048,2.204627752304077,2.204627752304077,,,,1.0559737596812702e-05,,
train_step,168,2,7851,3049,1.9292564392089844,2.0669420957565308,,,,1.055022155306431e-05,,
train_step,168,3,7852,3049,1.7969611883163452,1.9769484599431355,,,,1.055022155306431e-05,,
train_step,168,4,7853,3050,1.6774457693099976,1.902072787284851,,,,1.0540707921777806e-05,,
train_step,168,5,7854,3050,2.006275177001953,1.9229132652282714,,,,1.0540707921777806e-05,,
train_step,168,6,7855,3051,1.609271764755249,1.870639681816101,,,,1.0531196707590014e-05,,
train_step,168,7,7856,3051,1.4488376379013062,1.8103822469711304,,,,1.0531196707590014e-05,,
train_step,168,8,7857,3052,2.0361480712890625,1.8386029750108719,,,,1.052168791513658e-05,,
train_step,168,9,7858,3052,1.8337960243225098,1.8380688693788316,,,,1.052168791513658e-05,,
train_step,168,10,7859,3053,1.7556116580963135,1.8298231482505798,,,,1.0512181549051983e-05,,
train_step,168,11,7860,3053,1.8618102073669434,1.8327310627157039,,,,1.0512181549051983e-05,,
train_step,168,12,7861,3054,1.4138473272323608,1.7978240847587585,,,,1.0502677613969505e-05,,
train_step,168,13,7862,3054,1.5305777788162231,1.7772666766093328,,,,1.0502677613969505e-05,,
train_step,168,14,7863,3055,1.7185088396072388,1.7730696882520403,,,,1.0493176114521249e-05,,
train_step,168,15,7864,3055,1.8249106407165527,1.7765257517496744,,,,1.0493176114521249e-05,,
train_step,168,16,7865,3056,1.9331603050231934,1.7863154113292694,,,,1.0483677055338133e-05,,
train_step,168,17,7866,3056,1.5792858600616455,1.774137202431174,,,,1.0483677055338133e-05,,
train_step,168,18,7867,3057,1.9313316345214844,1.782870226436191,,,,1.0474180441049878e-05,,
train_step,168,19,7868,3057,1.77670156955719,1.7825455602846647,,,,1.0474180441049878e-05,,
train_step,168,20,7869,3058,1.6583011150360107,1.7763333380222321,,,,1.0464686276285024e-05,,
train_step,168,21,7870,3058,1.5432589054107666,1.7652345555169242,,,,1.0464686276285024e-05,,
train_step,168,22,7871,3059,1.4615126848220825,1.751429015939886,,,,1.0455194565670911e-05,,
train_step,168,23,7872,3059,1.4541149139404297,1.7385023158529531,,,,1.0455194565670911e-05,,
train_step,168,24,7873,3060,1.783176302909851,1.7403637319803238,,,,1.0445705313833684e-05,,
train_step,168,25,7874,3060,1.8872694969177246,1.7462399625778198,,,,1.0445705313833684e-05,,
train_step,168,26,7875,3061,1.7937103509902954,1.7480657467475305,,,,1.0436218525398284e-05,,
train_step,168,27,7876,3061,1.4383537769317627,1.73659493305065,,,,1.0436218525398284e-05,,
train_step,168,28,7877,3062,1.6572294235229492,1.733760450567518,,,,1.0426734204988454e-05,,
train_step,168,29,7878,3062,1.6004741191864014,1.7291643701750656,,,,1.0426734204988454e-05,,
train_step,168,30,7879,3063,1.6058146953582764,1.7250527143478394,,,,1.0417252357226747e-05,,
train_step,168,31,7880,3063,1.6719919443130493,1.7233410766047816,,,,1.0417252357226747e-05,,
train_step,168,32,7881,3064,1.8313641548156738,1.726716797798872,,,,1.0407772986734492e-05,,
train_step,168,33,7882,3064,1.8548680543899536,1.730600169210723,,,,1.0407772986734492e-05,,
train_step,168,34,7883,3065,1.9565849304199219,1.737246779834523,,,,1.0398296098131826e-05,,
train_step,168,35,7884,3065,1.7266666889190674,1.7369444915226528,,,,1.0398296098131826e-05,,
train_step,168,36,7885,3066,1.8309977054595947,1.7395570807986789,,,,1.0388821696037663e-05,,
train_step,168,37,7886,3066,1.7760032415390015,1.740542112170039,,,,1.0388821696037663e-05,,
train_step,168,38,7887,3067,1.4541404247283936,1.7330052256584167,,,,1.0379349785069712e-05,,
train_step,168,39,7888,3067,2.3393611907958984,1.7485528145080957,,,,1.0379349785069712e-05,,
train_step,168,40,7889,3068,1.5129389762878418,1.7426624685525893,,,,1.0369880369844472e-05,,
train_step,168,41,7890,3068,1.7828373908996582,1.7436423447073959,,,,1.0369880369844472e-05,,
train_step,168,42,7891,3069,1.7489166259765625,1.7437679228328524,,,,1.0360413454977223e-05,,
train_step,168,43,7892,3069,1.4523029327392578,1.7369896672492804,,,,1.0360413454977223e-05,,
train_step,168,44,7893,3070,1.6619350910186768,1.7352838814258575,,,,1.0350949045082016e-05,,
train_step,168,45,7894,3070,1.05330491065979,1.7201287931866116,,,,1.0350949045082016e-05,,
train_step,168,46,7895,3071,2.25417423248291,1.7317384766495747,,,,1.034148714477169e-05,,
train_step,168,47,7896,3072,1.4749797582626343,1.7262755251945334,,,,1.0332027758657866e-05,,
epoch_summary,168,47,7896,3072,,,1.7262755251945334,nan,nan,1.0332027758657866e-05,9.368399620056152,0.21612232079767607
train_step,169,1,7897,3072,1.460423231124878,1.460423231124878,,,,1.0332027758657866e-05,,
train_step,169,2,7898,3073,1.8100471496582031,1.6352351903915405,,,,1.0322570891350932e-05,,
train_step,169,3,7899,3073,1.8393274545669556,1.703265945116679,,,,1.0322570891350932e-05,,
train_step,169,4,7900,3074,1.8215175867080688,1.7328288555145264,,,,1.0313116547460045e-05,,
train_step,169,5,7901,3074,1.7970807552337646,1.7456792354583741,,,,1.0313116547460045e-05,,
train_step,169,6,7902,3075,1.8321739435195923,1.7600950201352437,,,,1.0303664731593147e-05,,
train_step,169,7,7903,3075,1.5000731945037842,1.7229490450450353,,,,1.0303664731593147e-05,,
train_step,169,8,7904,3076,2.1681084632873535,1.778593972325325,,,,1.0294215448356931e-05,,
train_step,169,9,7905,3076,1.4870692491531372,1.746202336417304,,,,1.0294215448356931e-05,,
train_step,169,10,7906,3077,1.3463165760040283,1.7062137603759766,,,,1.0284768702356863e-05,,
train_step,169,11,7907,3077,1.5905230045318604,1.6956964189356023,,,,1.0284768702356863e-05,,
train_step,169,12,7908,3078,1.5374857187271118,1.6825121939182281,,,,1.027532449819718e-05,,
train_step,169,13,7909,3078,2.0005548000335693,1.7069770097732544,,,,1.027532449819718e-05,,
train_step,169,14,7910,3079,1.403281807899475,1.6852844953536987,,,,1.0265882840480863e-05,,
train_step,169,15,7911,3079,1.677443504333496,1.6847617626190186,,,,1.0265882840480863e-05,,
train_step,169,16,7912,3080,1.7127317190170288,1.6865098848938942,,,,1.0256443733809665e-05,,
train_step,169,17,7913,3080,1.5959477424621582,1.6811827000449686,,,,1.0256443733809665e-05,,
train_step,169,18,7914,3081,2.0160248279571533,1.6997850404845343,,,,1.0247007182784089e-05,,
train_step,169,19,7915,3081,1.5473804473876953,1.6917637461110164,,,,1.0247007182784089e-05,,
train_step,169,20,7916,3082,1.7277498245239258,1.693563050031662,,,,1.02375731920034e-05,,
train_step,169,21,7917,3082,1.4264153242111206,1.6808417297544933,,,,1.02375731920034e-05,,
train_step,169,22,7918,3083,1.4182164669036865,1.6689042178067295,,,,1.022814176606561e-05,,
train_step,169,23,7919,3083,1.6959288120269775,1.6700792001641316,,,,1.022814176606561e-05,,
train_step,169,24,7920,3084,1.812663197517395,1.6760202000538509,,,,1.0218712909567476e-05,,
train_step,169,25,7921,3084,1.8981735706329346,1.6849063348770141,,,,1.0218712909567476e-05,,
train_step,169,26,7922,3085,1.8161014318466187,1.6899523001450758,,,,1.0209286627104514e-05,,
train_step,169,27,7923,3085,1.4902406930923462,1.6825555739579376,,,,1.0209286627104514e-05,,
train_step,169,28,7924,3086,2.1420578956604004,1.6989663711615972,,,,1.0199862923270984e-05,,
train_step,169,29,7925,3086,1.3116599321365356,1.685610976712457,,,,1.0199862923270984e-05,,
train_step,169,30,7926,3087,1.5402600765228271,1.680765946706136,,,,1.0190441802659873e-05,,
train_step,169,31,7927,3087,1.7497663497924805,1.6829917661605343,,,,1.0190441802659873e-05,,
train_step,169,32,7928,3088,1.6124922037124634,1.680788654834032,,,,1.0181023269862922e-05,,
train_step,169,33,7929,3088,1.4883625507354736,1.6749575607704394,,,,1.0181023269862922e-05,,
train_step,169,34,7930,3089,1.6933157444000244,1.67549750734778,,,,1.0171607329470619e-05,,
train_step,169,35,7931,3089,1.6918143033981323,1.6759637015206472,,,,1.0171607329470619e-05,,
train_step,169,36,7932,3090,1.991758108139038,1.6847357683711581,,,,1.016219398607217e-05,,
train_step,169,37,7933,3090,1.8806629180908203,1.6900310967419598,,,,1.016219398607217e-05,,
train_step,169,38,7934,3091,2.0767693519592285,1.7002084192476774,,,,1.015278324425553e-05,,
train_step,169,39,7935,3091,1.8008371591567993,1.7027886433479114,,,,1.015278324425553e-05,,
train_step,169,40,7936,3092,1.479482650756836,1.6972059935331345,,,,1.014337510860738e-05,,
train_step,169,41,7937,3092,1.7215142250061035,1.6977988772275971,,,,1.014337510860738e-05,,
train_step,169,42,7938,3093,2.0135607719421387,1.7053170175779433,,,,1.0133969583713123e-05,,
train_step,169,43,7939,3093,1.9323768615722656,1.7105974790661833,,,,1.0133969583713123e-05,,
train_step,169,44,7940,3094,1.5616406202316284,1.7072120959108525,,,,1.0124566674156907e-05,,
train_step,169,45,7941,3094,2.157655954360962,1.7172219594319662,,,,1.0124566674156907e-05,,
train_step,169,46,7942,3095,1.6020889282226562,1.714719067449155,,,,1.0115166384521599e-05,,
train_step,169,47,7943,3096,1.5901551246643066,1.7120687707941582,,,,1.0105768719388775e-05,,
epoch_summary,169,47,7943,3096,,,1.7120687707941582,nan,nan,1.0105768719388775e-05,9.368501424789429,0.21612232079767607
train_step,170,1,7944,3096,1.9296245574951172,1.9296245574951172,,,,1.0105768719388775e-05,,
train_step,170,2,7945,3097,1.747812032699585,1.838718295097351,,,,1.0096373683338741e-05,,
train_step,170,3,7946,3097,1.545820713043213,1.7410857677459717,,,,1.0096373683338741e-05,,
train_step,170,4,7947,3098,1.1665291786193848,1.597446620464325,,,,1.0086981280950537e-05,,
train_step,170,5,7948,3098,1.6395198106765747,1.6058612585067749,,,,1.0086981280950537e-05,,
train_step,170,6,7949,3099,1.5958484411239624,1.6041924556096394,,,,1.0077591516801896e-05,,
train_step,170,7,7950,3099,1.8618288040161133,1.6409976482391357,,,,1.0077591516801896e-05,,
train_step,170,8,7951,3100,1.6762820482254028,1.6454081982374191,,,,1.0068204395469275e-05,,
train_step,170,9,7952,3100,1.940392255783081,1.6781842046313815,,,,1.0068204395469275e-05,,
train_step,170,10,7953,3101,1.589322566986084,1.6692980408668519,,,,1.005881992152785e-05,,
train_step,170,11,7954,3101,1.4641510248184204,1.6506483121351763,,,,1.005881992152785e-05,,
train_step,170,12,7955,3102,1.5706499814987183,1.643981784582138,,,,1.0049438099551494e-05,,
train_step,170,13,7956,3102,1.451837182044983,1.6292014305408185,,,,1.0049438099551494e-05,,
train_step,170,14,7957,3103,2.2487270832061768,1.6734532628740584,,,,1.004005893411279e-05,,
train_step,170,15,7958,3103,1.8781815767288208,1.6871018171310426,,,,1.004005893411279e-05,,
train_step,170,16,7959,3104,1.4779257774353027,1.6740283146500587,,,,1.0030682429783041e-05,,
train_step,170,17,7960,3104,1.6888718605041504,1.6749014644061817,,,,1.0030682429783041e-05,,
train_step,170,18,7961,3105,1.9185330867767334,1.688436554537879,,,,1.0021308591132229e-05,,
train_step,170,19,7962,3105,1.5434646606445312,1.6808064548592818,,,,1.0021308591132229e-05,,
train_step,170,20,7963,3106,2.0664515495300293,1.7000887095928192,,,,1.0011937422729056e-05,,
train_step,170,21,7964,3106,2.072343111038208,1.7178151096616472,,,,1.0011937422729056e-05,,
train_step,170,22,7965,3107,1.9428150653839111,1.7280423803762957,,,,1.0002568929140908e-05,,
train_step,170,23,7966,3107,1.8222907781600952,1.7321401368016782,,,,1.0002568929140908e-05,,
train_step,170,24,7967,3108,1.9226140975952148,1.7400765518347423,,,,9.993203114933886e-06,,
train_step,170,25,7968,3108,1.6278080940246582,1.7355858135223388,,,,9.993203114933886e-06,,
train_step,170,26,7969,3109,1.5876132249832153,1.729894560116988,,,,9.983839984672768e-06,,
train_step,170,27,7970,3109,1.845125675201416,1.734162379194189,,,,9.983839984672768e-06,,
train_step,170,28,7971,3110,1.768956184387207,1.7354050150939397,,,,9.974479542921026e-06,,
train_step,170,29,7972,3110,1.7972700595855713,1.7375382924902028,,,,9.974479542921026e-06,,
train_step,170,30,7973,3111,1.5454564094543457,1.7311355630556742,,,,9.965121794240834e-06,,
train_step,170,31,7974,3111,1.6448155641555786,1.7283510469621228,,,,9.965121794240834e-06,,
train_step,170,32,7975,3112,2.013035297393799,1.7372474297881126,,,,9.955766743193036e-06,,
train_step,170,33,7976,3112,1.6005778312683105,1.733105926802664,,,,9.955766743193036e-06,,
train_step,170,34,7977,3113,1.927733302116394,1.738830261370715,,,,9.946414394337187e-06,,
train_step,170,35,7978,3113,1.550724983215332,1.7334558248519898,,,,9.946414394337187e-06,,
train_step,170,36,7979,3114,1.5842337608337402,1.7293107675181494,,,,9.937064752231485e-06,,
train_step,170,37,7980,3114,1.6814589500427246,1.7280174751539488,,,,9.937064752231485e-06,,
train_step,170,38,7981,3115,1.5383878946304321,1.7230272230349089,,,,9.927717821432848e-06,,
train_step,170,39,7982,3115,1.8732163906097412,1.7268782273316994,,,,9.927717821432848e-06,,
train_step,170,40,7983,3116,1.599661111831665,1.7236977994441987,,,,9.91837360649685e-06,,
train_step,170,41,7984,3116,1.4838835000991821,1.7178486701918811,,,,9.91837360649685e-06,,
train_step,170,42,7985,3117,1.5566447973251343,1.714010482742673,,,,9.909032111977751e-06,,
train_step,170,43,7986,3117,1.5957496166229248,1.7112602300422137,,,,9.909032111977751e-06,,
train_step,170,44,7987,3118,1.7684566974639893,1.712560149756345,,,,9.899693342428482e-06,,
train_step,170,45,7988,3118,1.6832091808319092,1.7119079060024684,,,,9.899693342428482e-06,,
train_step,170,46,7989,3119,1.8694194555282593,1.7153320701225945,,,,9.890357302400642e-06,,
train_step,170,47,7990,3120,1.3092420101165771,1.7066918560799131,,,,9.881023996444508e-06,,
epoch_summary,170,47,7990,3120,,,1.7066918560799131,2.2429390294211253,0.37886726546906185,9.881023996444508e-06,169.88093376159668,0.21612232079767607
train_step,171,1,7991,3120,1.9573121070861816,1.9573121070861816,,,,9.881023996444508e-06,,
train_step,171,2,7992,3121,1.7268588542938232,1.8420854806900024,,,,9.871693429109017e-06,,
train_step,171,3,7993,3121,1.6896930932998657,1.7912880182266235,,,,9.871693429109017e-06,,
train_step,171,4,7994,3122,2.2075986862182617,1.895365685224533,,,,9.86236560494178e-06,,
train_step,171,5,7995,3122,2.034778594970703,1.9232482671737672,,,,9.86236560494178e-06,,
train_step,171,6,7996,3123,1.6366660594940186,1.875484565893809,,,,9.853040528489053e-06,,
train_step,171,7,7997,3123,1.6020572185516357,1.8364235162734985,,,,9.853040528489053e-06,,
train_step,171,8,7998,3124,1.4809355735778809,1.7919875234365463,,,,9.843718204295776e-06,,
train_step,171,9,7999,3124,1.7249047756195068,1.7845338847902086,,,,9.843718204295776e-06,,
train_step,171,10,8000,3125,2.1762099266052246,1.8237014889717102,,,,9.834398636905533e-06,,
train_step,171,11,8001,3125,1.4629626274108887,1.7909070470116355,,,,9.834398636905533e-06,,
train_step,171,12,8002,3126,1.6687190532684326,1.780724714199702,,,,9.825081830860566e-06,,
train_step,171,13,8003,3126,2.3525824546813965,1.8247137711598322,,,,9.825081830860566e-06,,
train_step,171,14,8004,3127,1.9234263896942139,1.8317646724837167,,,,9.815767790701776e-06,,
train_step,171,15,8005,3127,2.0829689502716064,1.8485116243362427,,,,9.815767790701776e-06,,
train_step,171,16,8006,3128,1.7991652488708496,1.8454274758696556,,,,9.806456520968713e-06,,
train_step,171,17,8007,3128,1.799550175666809,1.8427288111518412,,,,9.806456520968713e-06,,
train_step,171,18,8008,3129,1.5384795665740967,1.8258260753419664,,,,9.797148026199572e-06,,
train_step,171,19,8009,3129,1.2349073886871338,1.7947250918338173,,,,9.797148026199572e-06,,
train_step,171,20,8010,3130,1.564129114151001,1.7831952929496766,,,,9.78784231093121e-06,,
train_step,171,21,8011,3130,1.2650885581970215,1.7585235436757405,,,,9.78784231093121e-06,,
train_step,171,22,8012,3131,2.074671745300293,1.7728939164768567,,,,9.778539379699112e-06,,
train_step,171,23,8013,3131,1.9088555574417114,1.7788052921709807,,,,9.778539379699112e-06,,
train_step,171,24,8014,3132,1.6573559045791626,1.7737449010213215,,,,9.769239237037415e-06,,
train_step,171,25,8015,3132,1.9797289371490479,1.7819842624664306,,,,9.769239237037415e-06,,
train_step,171,26,8016,3133,1.5263079404830933,1.7721505577747638,,,,9.759941887478892e-06,,
train_step,171,27,8017,3133,1.7952367067337036,1.7730056003287986,,,,9.759941887478892e-06,,
train_step,171,28,8018,3134,1.4817928075790405,1.7626051434448786,,,,9.750647335554966e-06,,
train_step,171,29,8019,3134,1.5251083374023438,1.7544155984089291,,,,9.750647335554966e-06,,
train_step,171,30,8020,3135,1.586198091506958,1.7488083481788634,,,,9.741355585795684e-06,,
train_step,171,31,8021,3135,1.706010103225708,1.7474277596319876,,,,9.741355585795684e-06,,
train_step,171,32,8022,3136,1.4004583358764648,1.7365849651396275,,,,9.73206664272973e-06,,
train_step,171,33,8023,3136,1.6760101318359375,1.7347493641304248,,,,9.73206664272973e-06,,
train_step,171,34,8024,3137,1.7651883363723755,1.7356446280198938,,,,9.722780510884427e-06,,
train_step,171,35,8025,3137,1.9424391984939575,1.741553044319153,,,,9.722780510884427e-06,,
train_step,171,36,8026,3138,1.5671226978302002,1.736707756916682,,,,9.713497194785719e-06,,
train_step,171,37,8027,3138,1.5699145793914795,1.7321998331997845,,,,9.713497194785719e-06,,
train_step,171,38,8028,3139,1.7682074308395386,1.7331474015587254,,,,9.704216698958184e-06,,
train_step,171,39,8029,3139,1.5206146240234375,1.7276978431603847,,,,9.704216698958184e-06,,
train_step,171,40,8030,3140,1.4971885681152344,1.721935111284256,,,,9.694939027925026e-06,,
train_step,171,41,8031,3140,1.9234431982040405,1.7268499426725434,,,,9.694939027925026e-06,,
train_step,171,42,8032,3141,1.186044454574585,1.713973621527354,,,,9.685664186208062e-06,,
train_step,171,43,8033,3141,1.6625890731811523,1.7127786320309306,,,,9.685664186208062e-06,,
train_step,171,44,8034,3142,1.6098710298538208,1.7104398228905418,,,,9.676392178327738e-06,,
train_step,171,45,8035,3142,1.5993822813034058,1.7079718775219388,,,,9.676392178327738e-06,,
train_step,171,46,8036,3143,1.7054579257965088,1.707917226397473,,,,9.667123008803123e-06,,
train_step,171,47,8037,3144,1.8070119619369507,1.7100256250259724,,,,9.657856682151893e-06,,
epoch_summary,171,47,8037,3144,,,1.7100256250259724,nan,nan,9.657856682151893e-06,9.400540113449097,0.21612232079767607
train_step,172,1,8038,3144,1.7725328207015991,1.7725328207015991,,,,9.657856682151893e-06,,
train_step,172,2,8039,3145,1.8958766460418701,1.8342047333717346,,,,9.648593202890344e-06,,
train_step,172,3,8040,3145,2.0778651237487793,1.9154248634974163,,,,9.648593202890344e-06,,
train_step,172,4,8041,3146,1.7211356163024902,1.8668525516986847,,,,9.639332575533385e-06,,
train_step,172,5,8042,3146,1.5666916370391846,1.8068203687667848,,,,9.639332575533385e-06,,
train_step,172,6,8043,3147,1.6578776836395264,1.7819965879122417,,,,9.630074804594537e-06,,
train_step,172,7,8044,3147,1.4633030891418457,1.7364689452307565,,,,9.630074804594537e-06,,
train_step,172,8,8045,3148,1.9793727397918701,1.7668319195508957,,,,9.62081989458592e-06,,
train_step,172,9,8046,3148,2.023515462875366,1.7953523132536147,,,,9.62081989458592e-06,,
train_step,172,10,8047,3149,1.4515655040740967,1.7609736323356628,,,,9.611567850018262e-06,,
train_step,172,11,8048,3149,1.8198699951171875,1.7663278471339832,,,,9.611567850018262e-06,,
train_step,172,12,8049,3150,1.8285366296768188,1.7715119123458862,,,,9.6023186754009e-06,,
train_step,172,13,8050,3150,1.9230180978775024,1.7831662343098567,,,,9.6023186754009e-06,,
train_step,172,14,8051,3151,2.1627449989318848,1.8102790032114302,,,,9.59307237524177e-06,,
train_step,172,15,8052,3151,1.5137665271759033,1.7905115048090616,,,,9.59307237524177e-06,,
train_step,172,16,8053,3152,1.7396297454833984,1.7873313948512077,,,,9.583828954047406e-06,,
train_step,172,17,8054,3152,1.5246256589889526,1.771878116271075,,,,9.583828954047406e-06,,
train_step,172,18,8055,3153,1.5233399868011475,1.7580704424116347,,,,9.574588416322942e-06,,
train_step,172,19,8056,3153,1.5882325172424316,1.7491316042448346,,,,9.574588416322942e-06,,
train_step,172,20,8057,3154,2.114222526550293,1.7673861503601074,,,,9.565350766572098e-06,,
train_step,172,21,8058,3154,1.5026507377624512,1.7547797021411715,,,,9.565350766572098e-06,,
train_step,172,22,8059,3155,1.5440497398376465,1.7452010674910112,,,,9.556116009297195e-06,,
train_step,172,23,8060,3155,1.455585241317749,1.7326090750486955,,,,9.556116009297195e-06,,
train_step,172,24,8061,3156,1.6877315044403076,1.730739176273346,,,,9.546884148999145e-06,,
train_step,172,25,8062,3156,1.3963942527770996,1.7173653793334962,,,,9.546884148999145e-06,,
train_step,172,26,8063,3157,1.7747950553894043,1.719574213027954,,,,9.537655190177444e-06,,
train_step,172,27,8064,3157,1.5151535272598267,1.7120030765180234,,,,9.537655190177444e-06,,
train_step,172,28,8065,3158,1.5739301443099976,1.7070719003677368,,,,9.528429137330168e-06,,
train_step,172,29,8066,3158,1.6447834968566895,1.7049240243845973,,,,9.528429137330168e-06,,
train_step,172,30,8067,3159,1.6925078630447388,1.7045101523399353,,,,9.519205994953984e-06,,
train_step,172,31,8068,3159,1.3960185050964355,1.6945588088804675,,,,9.519205994953984e-06,,
train_step,172,32,8069,3160,1.443187952041626,1.6867034696042538,,,,9.509985767544146e-06,,
train_step,172,33,8070,3160,1.3922059535980225,1.6777793024525498,,,,9.509985767544146e-06,,
train_step,172,34,8071,3161,1.6252144575119019,1.6762332776013542,,,,9.50076845959448e-06,,
train_step,172,35,8072,3161,1.4291177988052368,1.6691728353500366,,,,9.50076845959448e-06,,
train_step,172,36,8073,3162,1.939193606376648,1.676673412322998,,,,9.491554075597382e-06,,
train_step,172,37,8074,3162,2.6610231399536133,1.7032774590157174,,,,9.491554075597382e-06,,
train_step,172,38,8075,3163,1.9928314685821533,1.7108973013727289,,,,9.482342620043837e-06,,
train_step,172,39,8076,3163,1.7206697463989258,1.7111478768862212,,,,9.482342620043837e-06,,
train_step,172,40,8077,3164,1.0436387062072754,1.6944601476192473,,,,9.473134097423397e-06,,
train_step,172,41,8078,3164,1.7828136682510376,1.696615111537096,,,,9.473134097423397e-06,,
train_step,172,42,8079,3165,1.576172947883606,1.6937474409739177,,,,9.463928512224185e-06,,
train_step,172,43,8080,3165,1.5591416358947754,1.6906170734139376,,,,9.463928512224185e-06,,
train_step,172,44,8081,3166,2.222285032272339,1.702700436115265,,,,9.454725868932889e-06,,
train_step,172,45,8082,3166,1.7355111837387085,1.7034295638402304,,,,9.454725868932889e-06,,
train_step,172,46,8083,3167,1.921735167503357,1.708175337832907,,,,9.445526172034762e-06,,
train_step,172,47,8084,3168,1.6178255081176758,1.7062530010304553,,,,9.436329426013631e-06,,
epoch_summary,172,47,8084,3168,,,1.7062530010304553,nan,nan,9.436329426013631e-06,10.793206930160522,0.21612232079767607
train_step,173,1,8085,3168,1.590902328491211,1.590902328491211,,,,9.436329426013631e-06,,
train_step,173,2,8086,3169,1.9958362579345703,1.7933692932128906,,,,9.427135635351876e-06,,
train_step,173,3,8087,3169,2.345633029937744,1.9774572054545085,,,,9.427135635351876e-06,,
train_step,173,4,8088,3170,2.0102906227111816,1.9856655597686768,,,,9.417944804530432e-06,,
train_step,173,5,8089,3170,1.4805209636688232,1.884636640548706,,,,9.417944804530432e-06,,
train_step,173,6,8090,3171,1.756394863128662,1.8632630109786987,,,,9.408756938028811e-06,,
train_step,173,7,8091,3171,1.8102246522903442,1.855686102594648,,,,9.408756938028811e-06,,
train_step,173,8,8092,3172,1.4869029521942139,1.8095882087945938,,,,9.399572040325059e-06,,
train_step,173,9,8093,3172,1.4205677509307861,1.766363713476393,,,,9.399572040325059e-06,,
train_step,173,10,8094,3173,1.902354121208191,1.7799627542495728,,,,9.390390115895786e-06,,
train_step,173,11,8095,3173,1.7198361158370972,1.774496696212075,,,,9.390390115895786e-06,,
train_step,173,12,8096,3174,1.716731071472168,1.7696828941504161,,,,9.381211169216152e-06,,
train_step,173,13,8097,3174,1.5702738761901855,1.7543437389227061,,,,9.381211169216152e-06,,
train_step,173,14,8098,3175,1.67948579788208,1.7489967431340898,,,,9.372035204759861e-06,,
train_step,173,15,8099,3175,1.827260971069336,1.754214358329773,,,,9.372035204759861e-06,,
train_step,173,16,8100,3176,1.5817570686340332,1.7434357777237892,,,,9.362862226999169e-06,,
train_step,173,17,8101,3176,1.866657018661499,1.7506840860142427,,,,9.362862226999169e-06,,
train_step,173,18,8102,3177,1.517275333404541,1.7377169330914815,,,,9.35369224040487e-06,,
train_step,173,19,8103,3177,1.711366057395935,1.7363300448969792,,,,9.35369224040487e-06,,
train_step,173,20,8104,3178,1.8104031085968018,1.7400336980819702,,,,9.344525249446309e-06,,
train_step,173,21,8105,3178,1.9039313793182373,1.7478383495694114,,,,9.344525249446309e-06,,
train_step,173,22,8106,3179,1.4942914247512817,1.7363134893504055,,,,9.335361258591358e-06,,
train_step,173,23,8107,3179,2.2562360763549805,1.7589188192201697,,,,9.335361258591358e-06,,
train_step,173,24,8108,3180,1.6811046600341797,1.7556765625874202,,,,9.326200272306446e-06,,
train_step,173,25,8109,3180,1.4849205017089844,1.7448463201522828,,,,9.326200272306446e-06,,
train_step,173,26,8110,3181,2.0890004634857178,1.7580830179727995,,,,9.317042295056521e-06,,
train_step,173,27,8111,3181,1.5085225105285645,1.7488400362156056,,,,9.317042295056521e-06,,
train_step,173,28,8112,3182,1.9240059852600098,1.7550959629671914,,,,9.307887331305071e-06,,
train_step,173,29,8113,3182,1.728454351425171,1.7541772867071217,,,,9.307887331305071e-06,,
train_step,173,30,8114,3183,1.2540570497512817,1.7375066121419271,,,,9.298735385514112e-06,,
train_step,173,31,8115,3183,2.081531286239624,1.748604182274111,,,,9.298735385514112e-06,,
train_step,173,32,8116,3184,1.7429213523864746,1.7484265938401222,,,,9.289586462144193e-06,,
train_step,173,33,8117,3184,1.3841302394866943,1.737387310374867,,,,9.289586462144193e-06,,
train_step,173,34,8118,3185,1.7728081941604614,1.738429101074443,,,,9.280440565654389e-06,,
train_step,173,35,8119,3185,1.8166048526763916,1.740662693977356,,,,9.280440565654389e-06,,
train_step,173,36,8120,3186,1.7845542430877686,1.7418819036748674,,,,9.271297700502292e-06,,
train_step,173,37,8121,3186,1.7149789333343506,1.741154796368367,,,,9.271297700502292e-06,,
train_step,173,38,8122,3187,1.5552387237548828,1.7362622681416964,,,,9.262157871144033e-06,,
train_step,173,39,8123,3187,1.4171348810195923,1.728079514625745,,,,9.262157871144033e-06,,
train_step,173,40,8124,3188,1.648280143737793,1.7260845303535461,,,,9.25302108203425e-06,,
train_step,173,41,8125,3188,1.6325840950012207,1.7238040319303187,,,,9.25302108203425e-06,,
train_step,173,42,8126,3189,1.5161569118499756,1.7188600528807867,,,,9.243887337626094e-06,,
train_step,173,43,8127,3189,1.5577011108398438,1.7151121705077415,,,,9.243887337626094e-06,,
train_step,173,44,8128,3190,1.850522518157959,1.7181896784088828,,,,9.234756642371256e-06,,
train_step,173,45,8129,3190,1.2101770639419556,1.7069005091985068,,,,9.234756642371256e-06,,
train_step,173,46,8130,3191,1.7020689249038696,1.7067954747573189,,,,9.22562900071992e-06,,
train_step,173,47,8131,3192,1.532623529434204,1.7030896886866143,,,,9.216504417120787e-06,,
epoch_summary,173,47,8131,3192,,,1.7030896886866143,nan,nan,9.216504417120787e-06,10.368947267532349,0.21612232079767607
train_step,174,1,8132,3192,1.7861064672470093,1.7861064672470093,,,,9.216504417120787e-06,,
train_step,174,2,8133,3193,1.6821820735931396,1.7341442704200745,,,,9.207382896021067e-06,,
train_step,174,3,8134,3193,1.9482331275939941,1.805507222811381,,,,9.207382896021067e-06,,
train_step,174,4,8135,3194,1.7189915180206299,1.7838782966136932,,,,9.198264441866483e-06,,
train_step,174,5,8136,3194,1.6645950078964233,1.7600216388702392,,,,9.198264441866483e-06,,
train_step,174,6,8137,3195,1.9123929738998413,1.7854168613751729,,,,9.189149059101253e-06,,
train_step,174,7,8138,3195,1.8262832164764404,1.7912549121039254,,,,9.189149059101253e-06,,
train_step,174,8,8139,3196,1.7125160694122314,1.7814125567674637,,,,9.180036752168109e-06,,
train_step,174,9,8140,3196,2.0925374031066895,1.8159819841384888,,,,9.180036752168109e-06,,
train_step,174,10,8141,3197,1.6349552869796753,1.7978793144226075,,,,9.170927525508273e-06,,
train_step,174,11,8142,3197,1.5349243879318237,1.7739743211052634,,,,9.170927525508273e-06,,
train_step,174,12,8143,3198,1.5699714422225952,1.7569740811983745,,,,9.161821383561477e-06,,
train_step,174,13,8144,3198,1.8803727626800537,1.7664662874661958,,,,9.161821383561477e-06,,
train_step,174,14,8145,3199,2.14567232131958,1.7935524327414376,,,,9.152718330765934e-06,,
train_step,174,15,8146,3199,1.9790211915969849,1.8059170166651408,,,,9.152718330765934e-06,,
train_step,174,16,8147,3200,1.6774890422821045,1.797890268266201,,,,9.143618371558378e-06,,
train_step,174,17,8148,3200,1.670473575592041,1.7903951686971329,,,,9.143618371558378e-06,,
train_step,174,18,8149,3201,1.7395033836364746,1.787567847304874,,,,9.134521510374006e-06,,
train_step,174,19,8150,3201,1.789684772491455,1.7876792644199573,,,,9.134521510374006e-06,,
train_step,174,20,8151,3202,1.2994444370269775,1.7632675230503083,,,,9.125427751646529e-06,,
train_step,174,21,8152,3202,1.4292967319488525,1.747364152045477,,,,9.125427751646529e-06,,
train_step,174,22,8153,3203,1.8209404945373535,1.7507085312496533,,,,9.116337099808114e-06,,
train_step,174,23,8154,3203,1.6198515892028809,1.74501909898675,,,,9.116337099808114e-06,,
train_step,174,24,8155,3204,1.7156212329864502,1.7437941879034042,,,,9.107249559289454e-06,,
train_step,174,25,8156,3204,1.3484106063842773,1.7279788446426392,,,,9.107249559289454e-06,,
train_step,174,26,8157,3205,1.5653226375579834,1.7217228366778448,,,,9.098165134519696e-06,,
train_step,174,27,8158,3205,1.872528314590454,1.7273082247486822,,,,9.098165134519696e-06,,
train_step,174,28,8159,3206,1.5328513383865356,1.720363335950034,,,,9.089083829926483e-06,,
train_step,174,29,8160,3206,1.4970139265060425,1.7126616321761032,,,,9.089083829926483e-06,,
train_step,174,30,8161,3207,1.4008150100708008,1.7022667447725932,,,,9.08000564993593e-06,,
train_step,174,31,8162,3207,1.6348477602005005,1.7000919388186546,,,,9.08000564993593e-06,,
train_step,174,32,8163,3208,1.886526346206665,1.70591801404953,,,,9.070930598972627e-06,,
train_step,174,33,8164,3208,1.8370318412780762,1.7098911603291829,,,,9.070930598972627e-06,,
train_step,174,34,8165,3209,1.5933490991592407,1.706463452647714,,,,9.061858681459655e-06,,
train_step,174,35,8166,3209,1.8750698566436768,1.71128077847617,,,,9.061858681459655e-06,,
train_step,174,36,8167,3210,1.414405345916748,1.7030342386828528,,,,9.052789901818556e-06,,
train_step,174,37,8168,3210,1.4802637100219727,1.6970134135839101,,,,9.052789901818556e-06,,
train_step,174,38,8169,3211,1.5685234069824219,1.693632097620713,,,,9.043724264469331e-06,,
train_step,174,39,8170,3211,1.3882429599761963,1.6858016069118793,,,,9.043724264469331e-06,,
train_step,174,40,8171,3212,1.9956161975860596,1.693546971678734,,,,9.034661773830463e-06,,
train_step,174,41,8172,3212,1.9748194217681885,1.7004072753394521,,,,9.034661773830463e-06,,
train_step,174,42,8173,3213,1.5673341751098633,1.6972388681911288,,,,9.02560243431891e-06,,
train_step,174,43,8174,3213,1.7251110076904297,1.6978870574818101,,,,9.02560243431891e-06,,
train_step,174,44,8175,3214,1.7508875131607056,1.699091613292694,,,,9.016546250350076e-06,,
train_step,174,45,8176,3214,1.831608533859253,1.7020364337497287,,,,9.016546250350076e-06,,
train_step,174,46,8177,3215,1.652130126953125,1.700951514036759,,,,9.007493226337841e-06,,
train_step,174,47,8178,3216,1.6025365591049194,1.6988575788254434,,,,8.998443366694535e-06,,
epoch_summary,174,47,8178,3216,,,1.6988575788254434,nan,nan,8.998443366694535e-06,10.814435482025146,0.21612232079767607
train_step,175,1,8179,3216,1.3658223152160645,1.3658223152160645,,,,8.998443366694535e-06,,
train_step,175,2,8180,3217,1.6360788345336914,1.500950574874878,,,,8.989396675830951e-06,,
train_step,175,3,8181,3217,1.4898056983947754,1.497235616048177,,,,8.989396675830951e-06,,
train_step,175,4,8182,3218,1.4552392959594727,1.486736536026001,,,,8.980353158156326e-06,,
train_step,175,5,8183,3218,1.724582552909851,1.534305739402771,,,,8.980353158156326e-06,,
train_step,175,6,8184,3219,1.6928393840789795,1.5607280135154724,,,,8.971312818078384e-06,,
train_step,175,7,8185,3219,1.5622704029083252,1.5609483548573084,,,,8.971312818078384e-06,,
train_step,175,8,8186,3220,1.4309841394424438,1.5447028279304504,,,,8.962275660003258e-06,,
train_step,175,9,8187,3220,1.8378539085388184,1.5772751702202692,,,,8.962275660003258e-06,,
train_step,175,10,8188,3221,1.9794526100158691,1.617492914199829,,,,8.953241688335554e-06,,
train_step,175,11,8189,3221,1.799105167388916,1.6340031190352007,,,,8.953241688335554e-06,,
train_step,175,12,8190,3222,1.446526050567627,1.618380029996236,,,,8.944210907478313e-06,,
train_step,175,13,8191,3222,1.8069394826889038,1.6328846032802875,,,,8.944210907478313e-06,,
train_step,175,14,8192,3223,1.6002404689788818,1.6305528794016158,,,,8.935183321833044e-06,,
train_step,175,15,8193,3223,1.9662083387374878,1.6529299100240071,,,,8.935183321833044e-06,,
train_step,175,16,8194,3224,1.7027587890625,1.656044214963913,,,,8.92615893579967e-06,,
train_step,175,17,8195,3224,1.7404580116271973,1.6610097324146944,,,,8.92615893579967e-06,,
train_step,175,18,8196,3225,1.8615078926086426,1.672148519092136,,,,8.917137753776572e-06,,
train_step,175,19,8197,3225,1.791823387145996,1.6784471963581287,,,,8.917137753776572e-06,,
train_step,175,20,8198,3226,2.2999348640441895,1.7095215797424317,,,,8.908119780160564e-06,,
train_step,175,21,8199,3226,1.4270302057266235,1.6960696095512027,,,,8.908119780160564e-06,,
train_step,175,22,8200,3227,1.994236946105957,1.7096226703036914,,,,8.89910501934689e-06,,
train_step,175,23,8201,3227,1.403290033340454,1.6963038600009421,,,,8.89910501934689e-06,,
train_step,175,24,8202,3228,1.5816409587860107,1.6915262391169865,,,,8.890093475729254e-06,,
train_step,175,25,8203,3228,1.8497525453567505,1.6978552913665772,,,,8.890093475729254e-06,,
train_step,175,26,8204,3229,1.558793306350708,1.6925067534813514,,,,8.881085153699752e-06,,
train_step,175,27,8205,3229,1.6513993740081787,1.690984257945308,,,,8.881085153699752e-06,,
train_step,175,28,8206,3230,2.0492372512817383,1.7037790077073234,,,,8.872080057648938e-06,,
train_step,175,29,8207,3230,1.502804160118103,1.6968488405490745,,,,8.872080057648938e-06,,
train_step,175,30,8208,3231,1.5572841167449951,1.6921966830889383,,,,8.863078191965789e-06,,
train_step,175,31,8209,3231,1.8648847341537476,1.6977672653813516,,,,8.863078191965789e-06,,
train_step,175,32,8210,3232,1.860622525215149,1.7028564922511578,,,,8.854079561037697e-06,,
train_step,175,33,8211,3232,1.5549647808074951,1.6983749252377134,,,,8.854079561037697e-06,,
train_step,175,34,8212,3233,1.7199172973632812,1.6990085244178772,,,,8.845084169250495e-06,,
train_step,175,35,8213,3233,1.7712258100509644,1.7010718754359655,,,,8.845084169250495e-06,,
train_step,175,36,8214,3234,1.737457513809204,1.702082587613,,,,8.836092020988428e-06,,
train_step,175,37,8215,3234,2.026479721069336,1.7108500777064144,,,,8.836092020988428e-06,,
train_step,175,38,8216,3235,1.7928006649017334,1.713006672106291,,,,8.827103120634153e-06,,
train_step,175,39,8217,3235,1.578308343887329,1.7095528688186254,,,,8.827103120634153e-06,,
train_step,175,40,8218,3236,1.9407026767730713,1.7153316140174866,,,,8.818117472568754e-06,,
train_step,175,41,8219,3236,1.7273077964782715,1.7156237160287253,,,,8.818117472568754e-06,,
train_step,175,42,8220,3237,1.5512421131134033,1.7117098683402652,,,,8.809135081171727e-06,,
train_step,175,43,8221,3237,1.6711853742599487,1.7107674382453741,,,,8.809135081171727e-06,,
train_step,175,44,8222,3238,1.6140353679656982,1.7085689821026542,,,,8.80015595082098e-06,,
train_step,175,45,8223,3238,1.6477534770965576,1.707217526435852,,,,8.80015595082098e-06,,
train_step,175,46,8224,3239,1.4855961799621582,1.7023996710777283,,,,8.79118008589283e-06,,
train_step,175,47,8225,3240,1.6050662994384766,1.7003287482768932,,,,8.782207490762009e-06,,
epoch_summary,175,47,8225,3240,,,1.7003287482768932,nan,nan,8.782207490762009e-06,10.26052713394165,0.21612232079767607
train_step,176,1,8226,3240,1.9083961248397827,1.9083961248397827,,,,8.782207490762009e-06,,
train_step,176,2,8227,3241,1.670572280883789,1.7894842028617859,,,,8.77323816980164e-06,,
train_step,176,3,8228,3241,2.0315101146698,1.8701595067977905,,,,8.77323816980164e-06,,
train_step,176,4,8229,3242,1.512681007385254,1.7807898819446564,,,,8.76427212738328e-06,,
train_step,176,5,8230,3242,1.6093406677246094,1.7465000391006469,,,,8.76427212738328e-06,,
train_step,176,6,8231,3243,1.7675275802612305,1.7500046292940776,,,,8.755309367876855e-06,,
train_step,176,7,8232,3243,1.788887619972229,1.7555593422480993,,,,8.755309367876855e-06,,
train_step,176,8,8233,3244,1.8019886016845703,1.761362999677658,,,,8.74634989565071e-06,,
train_step,176,9,8234,3244,1.5842442512512207,1.7416831387413874,,,,8.74634989565071e-06,,
train_step,176,10,8235,3245,1.745349407196045,1.742049765586853,,,,8.73739371507158e-06,,
train_step,176,11,8236,3245,1.4615070819854736,1.7165458852594548,,,,8.73739371507158e-06,,
train_step,176,12,8237,3246,1.4112790822982788,1.6911069850126903,,,,8.7284408305046e-06,,
train_step,176,13,8238,3246,1.6378037929534912,1.6870067394696748,,,,8.7284408305046e-06,,
train_step,176,14,8239,3247,1.6888725757598877,1.6871400134904044,,,,8.719491246313297e-06,,
train_step,176,15,8240,3247,1.3612970113754272,1.6654171466827392,,,,8.719491246313297e-06,,
train_step,176,16,8241,3248,1.5832161903381348,1.6602795869112015,,,,8.71054496685959e-06,,
train_step,176,17,8242,3248,1.7093873023986816,1.663168276057524,,,,8.71054496685959e-06,,
train_step,176,18,8243,3249,1.8437663316726685,1.6732015013694763,,,,8.70160199650379e-06,,
train_step,176,19,8244,3249,1.6959233283996582,1.6743973870026438,,,,8.70160199650379e-06,,
train_step,176,20,8245,3250,1.5447041988372803,1.6679127275943757,,,,8.692662339604587e-06,,
train_step,176,21,8246,3250,1.5652379989624023,1.6630234548023768,,,,8.692662339604587e-06,,
train_step,176,22,8247,3251,1.2785062789916992,1.645545401356437,,,,8.683726000519059e-06,,
train_step,176,23,8248,3251,1.6526494026184082,1.6458542709765227,,,,8.683726000519059e-06,,
train_step,176,24,8249,3252,1.6435315608978271,1.6457574913899105,,,,8.674792983602678e-06,,
train_step,176,25,8250,3252,2.0167322158813477,1.6605964803695679,,,,8.674792983602678e-06,,
train_step,176,26,8251,3253,1.7918795347213745,1.6656458286138682,,,,8.66586329320928e-06,,
train_step,176,27,8252,3253,1.1874029636383057,1.6479331299110695,,,,8.66586329320928e-06,,
train_step,176,28,8253,3254,1.9417579174041748,1.6584268723215376,,,,8.656936933691098e-06,,
train_step,176,29,8254,3254,1.5470480918884277,1.6545862247203957,,,,8.656936933691098e-06,,
train_step,176,30,8255,3255,1.6773754358291626,1.655345865090688,,,,8.648013909398719e-06,,
train_step,176,31,8256,3255,1.5706980228424072,1.6526152895342918,,,,8.648013909398719e-06,,
train_step,176,32,8257,3256,1.4450931549072266,1.6461302228271961,,,,8.639094224681122e-06,,
train_step,176,33,8258,3256,1.675377607345581,1.647016507206541,,,,8.639094224681122e-06,,
train_step,176,34,8259,3257,2.089146137237549,1.660020319854512,,,,8.630177883885653e-06,,
train_step,176,35,8260,3257,1.6410220861434937,1.6594775131770543,,,,8.630177883885653e-06,,
train_step,176,36,8261,3258,1.3460513353347778,1.6507712304592133,,,,8.621264891358029e-06,,
train_step,176,37,8262,3258,1.4515283107757568,1.6453862866839848,,,,8.621264891358029e-06,,
train_step,176,38,8263,3259,1.8040120601654053,1.649560649144022,,,,8.612355251442331e-06,,
train_step,176,39,8264,3259,2.257150650024414,1.665139879935827,,,,8.612355251442331e-06,,
train_step,176,40,8265,3260,1.7436316013336182,1.6671021729707718,,,,8.603448968481008e-06,,
train_step,176,41,8266,3260,1.637927770614624,1.6663906021815975,,,,8.603448968481008e-06,,
train_step,176,42,8267,3261,1.6761913299560547,1.666623952842894,,,,8.594546046814882e-06,,
train_step,176,43,8268,3261,1.600223422050476,1.6650797544523728,,,,8.594546046814882e-06,,
train_step,176,44,8269,3262,1.8934913873672485,1.6702709279277108,,,,8.585646490783123e-06,,
train_step,176,45,8270,3262,1.958158016204834,1.6766684187783136,,,,8.585646490783123e-06,,
train_step,176,46,8271,3263,1.8548204898834229,1.6805412898892942,,,,8.57675030472327e-06,,
train_step,176,47,8272,3264,1.7767689228057861,1.682588686334326,,,,8.567857492971214e-06,,
epoch_summary,176,47,8272,3264,,,1.682588686334326,nan,nan,8.567857492971214e-06,11.465243339538574,0.21612232079767607
train_step,177,1,8273,3264,1.386697769165039,1.386697769165039,,,,8.567857492971214e-06,,
train_step,177,2,8274,3265,1.7036638259887695,1.5451807975769043,,,,8.558968059861202e-06,,
train_step,177,3,8275,3265,1.734662652015686,1.6083414157231648,,,,8.558968059861202e-06,,
train_step,177,4,8276,3266,1.5786592960357666,1.6009208858013153,,,,8.550082009725838e-06,,
train_step,177,5,8277,3266,1.3864235877990723,1.5580214262008667,,,,8.550082009725838e-06,,
train_step,177,6,8278,3267,1.7374796867370605,1.5879311362902324,,,,8.541199346896073e-06,,
train_step,177,7,8279,3267,1.9483524560928345,1.6394198962620325,,,,8.541199346896073e-06,,
train_step,177,8,8280,3268,1.553981900215149,1.6287401467561722,,,,8.532320075701209e-06,,
train_step,177,9,8281,3268,1.6617034673690796,1.632402737935384,,,,8.532320075701209e-06,,
train_step,177,10,8282,3269,1.9208755493164062,1.6612500190734862,,,,8.5234442004689e-06,,
train_step,177,11,8283,3269,1.8106354475021362,1.674830512567,,,,8.5234442004689e-06,,
train_step,177,12,8284,3270,1.610846757888794,1.6694985330104828,,,,8.514571725525126e-06,,
train_step,177,13,8285,3270,1.6676175594329834,1.6693538427352905,,,,8.514571725525126e-06,,
train_step,177,14,8286,3271,1.772352695465088,1.6767109036445618,,,,8.50570265519424e-06,,
train_step,177,15,8287,3271,1.7608964443206787,1.6823232730229696,,,,8.50570265519424e-06,,
train_step,177,16,8288,3272,1.6805479526519775,1.6822123154997826,,,,8.496836993798918e-06,,
train_step,177,17,8289,3272,1.6080360412597656,1.6778490052503698,,,,8.496836993798918e-06,,
train_step,177,18,8290,3273,1.6553995609283447,1.676601813899146,,,,8.487974745660164e-06,,
train_step,177,19,8291,3273,1.8814811706542969,1.687384937938891,,,,8.487974745660164e-06,,
train_step,177,20,8292,3274,1.9155203104019165,1.6987917065620421,,,,8.47911591509733e-06,,
train_step,177,21,8293,3274,1.3854610919952393,1.6838712011064803,,,,8.47911591509733e-06,,
train_step,177,22,8294,3275,1.596189260482788,1.679885658350858,,,,8.470260506428114e-06,,
train_step,177,23,8295,3275,1.8354681730270386,1.6866501155106917,,,,8.470260506428114e-06,,
train_step,177,24,8296,3276,2.138767719268799,1.705488349000613,,,,8.461408523968528e-06,,
train_step,177,25,8297,3276,1.5857841968536377,1.700700182914734,,,,8.461408523968528e-06,,
train_step,177,26,8298,3277,2.0076241493225098,1.7125049508534944,,,,8.452559972032924e-06,,
train_step,177,27,8299,3277,1.6541165113449097,1.7103424160568803,,,,8.452559972032924e-06,,
train_step,177,28,8300,3278,1.7553553581237793,1.7119500211306982,,,,8.443714854933974e-06,,
train_step,177,29,8301,3278,1.6546387672424316,1.7099737709966198,,,,8.443714854933974e-06,,
train_step,177,30,8302,3279,1.8603806495666504,1.714987333615621,,,,8.434873176982678e-06,,
train_step,177,31,8303,3279,1.7440428733825684,1.715924609091974,,,,8.434873176982678e-06,,
train_step,177,32,8304,3280,1.6028705835342407,1.712391670793295,,,,8.426034942488373e-06,,
train_step,177,33,8305,3280,1.8936361074447632,1.7178839264494,,,,8.426034942488373e-06,,
train_step,177,34,8306,3281,1.632533311843872,1.7153736142551197,,,,8.41720015575871e-06,,
train_step,177,35,8307,3281,1.2571461200714111,1.7022814001355853,,,,8.41720015575871e-06,,
train_step,177,36,8308,3282,1.73958158493042,1.7033175163798862,,,,8.408368821099639e-06,,
train_step,177,37,8309,3282,1.86226487159729,1.7076133908452213,,,,8.408368821099639e-06,,
train_step,177,38,8310,3283,1.7094836235046387,1.7076626074941534,,,,8.399540942815456e-06,,
train_step,177,39,8311,3283,1.4935046434402466,1.7021713776466174,,,,8.399540942815456e-06,,
train_step,177,40,8312,3284,1.5466713905334473,1.698283877968788,,,,8.390716525208753e-06,,
train_step,177,41,8313,3284,1.4671876430511475,1.6926473844342116,,,,8.390716525208753e-06,,
train_step,177,42,8314,3285,1.7627880573272705,1.6943174004554749,,,,8.381895572580459e-06,,
train_step,177,43,8315,3285,1.2051665782928467,1.6829417999400649,,,,8.381895572580459e-06,,
train_step,177,44,8316,3286,1.9514780044555664,1.6890448954972355,,,,8.373078089229789e-06,,
train_step,177,45,8317,3286,2.0586249828338623,1.6972577863269382,,,,8.373078089229789e-06,,
train_step,177,46,8318,3287,1.1876962184906006,1.6861803609391917,,,,8.364264079454281e-06,,
train_step,177,47,8319,3288,1.581794261932373,1.6839593801092594,,,,8.355453547549774e-06,,
epoch_summary,177,47,8319,3288,,,1.6839593801092594,nan,nan,8.355453547549774e-06,10.574246406555176,0.21612232079767607
train_step,178,1,8320,3288,1.501178503036499,1.501178503036499,,,,8.355453547549774e-06,,
train_step,178,2,8321,3289,1.6549692153930664,1.5780738592147827,,,,8.346646497810411e-06,,
train_step,178,3,8322,3289,1.8502027988433838,1.6687835057576497,,,,8.346646497810411e-06,,
train_step,178,4,8323,3290,1.8289449214935303,1.7088238596916199,,,,8.337842934528654e-06,,
train_step,178,5,8324,3290,1.4874074459075928,1.6645405769348145,,,,8.337842934528654e-06,,
train_step,178,6,8325,3291,1.9532496929168701,1.7126587629318237,,,,8.329042861995238e-06,,
train_step,178,7,8326,3291,1.5591084957122803,1.6907230104718889,,,,8.329042861995238e-06,,
train_step,178,8,8327,3292,1.4666775465011597,1.6627173274755478,,,,8.32024628449922e-06,,
train_step,178,9,8328,3292,2.0764575004577637,1.708688457806905,,,,8.32024628449922e-06,,
train_step,178,10,8329,3293,1.7856007814407349,1.7163796901702881,,,,8.311453206327935e-06,,
train_step,178,11,8330,3293,1.7705574035644531,1.7213049368424849,,,,8.311453206327935e-06,,
train_step,178,12,8331,3294,1.4297919273376465,1.697012186050415,,,,8.302663631767037e-06,,
train_step,178,13,8332,3294,1.4872865676879883,1.6808794461763823,,,,8.302663631767037e-06,,
train_step,178,14,8333,3295,2.081958293914795,1.7095279353005546,,,,8.293877565100449e-06,,
train_step,178,15,8334,3295,1.6833610534667969,1.7077834765116373,,,,8.293877565100449e-06,,
train_step,178,16,8335,3296,1.9791259765625,1.7247423827648163,,,,8.285095010610393e-06,,
train_step,178,17,8336,3296,1.5429879426956177,1.714050945113687,,,,8.285095010610393e-06,,
train_step,178,18,8337,3297,1.6287156343460083,1.7093100945154827,,,,8.276315972577384e-06,,
train_step,178,19,8338,3297,1.623387336730957,1.7047878441057707,,,,8.276315972577384e-06,,
train_step,178,20,8339,3298,1.742525577545166,1.7066747307777406,,,,8.267540455280215e-06,,
train_step,178,21,8340,3298,1.6484591960906982,1.7039025624593098,,,,8.267540455280215e-06,,
train_step,178,22,8341,3299,1.4122422933578491,1.6906452775001526,,,,8.258768462995968e-06,,
train_step,178,23,8342,3299,1.5758448839187622,1.685653956040092,,,,8.258768462995968e-06,,
train_step,178,24,8343,3300,1.7012238502502441,1.6863027016321819,,,,8.250000000000004e-06,,
train_step,178,25,8344,3300,1.442122459411621,1.6765354919433593,,,,8.250000000000004e-06,,
train_step,178,26,8345,3301,1.4025694131851196,1.6659983350680425,,,,8.241235070565965e-06,,
train_step,178,27,8346,3301,1.3936567306518555,1.6559116089785542,,,,8.241235070565965e-06,,
train_step,178,28,8347,3302,1.848476767539978,1.6627889360700334,,,,8.232473678965772e-06,,
train_step,178,29,8348,3302,1.9423754215240479,1.6724298493615513,,,,8.232473678965772e-06,,
train_step,178,30,8349,3303,1.8989403247833252,1.679980198542277,,,,8.223715829469617e-06,,
train_step,178,31,8350,3303,1.5626440048217773,1.6761951600351641,,,,8.223715829469617e-06,,
train_step,178,32,8351,3304,1.5861139297485352,1.673380121588707,,,,8.214961526345979e-06,,
train_step,178,33,8352,3304,1.4648449420928955,1.6670608737251975,,,,8.214961526345979e-06,,
train_step,178,34,8353,3305,1.273936152458191,1.6554983819232267,,,,8.206210773861591e-06,,
train_step,178,35,8354,3305,2.021646738052368,1.6659597635269165,,,,8.206210773861591e-06,,
train_step,178,36,8355,3306,1.9788672924041748,1.6746516393290625,,,,8.197463576281469e-06,,
train_step,178,37,8356,3306,1.7793457508087158,1.6774812099095937,,,,8.197463576281469e-06,,
train_step,178,38,8357,3307,1.5726113319396973,1.674721476278807,,,,8.188719937868886e-06,,
train_step,178,39,8358,3307,1.811388373374939,1.6782257556915283,,,,8.188719937868886e-06,,
train_step,178,40,8359,3308,1.8327157497406006,1.6820880055427552,,,,8.179979862885386e-06,,
train_step,178,41,8360,3308,1.8362865447998047,1.6858489455246344,,,,8.179979862885386e-06,,
train_step,178,42,8361,3309,1.2685970067977905,1.6759143755549477,,,,8.171243355590779e-06,,
train_step,178,43,8362,3309,1.8844568729400635,1.6807642010755317,,,,8.171243355590779e-06,,
train_step,178,44,8363,3310,1.583064079284668,1.678543743762103,,,,8.162510420243128e-06,,
train_step,178,45,8364,3310,2.0581226348876953,1.6869788302315607,,,,8.162510420243128e-06,,
train_step,178,46,8365,3311,1.3060660362243652,1.6786981173183606,,,,8.153781061098761e-06,,
train_step,178,47,8366,3312,1.5748412609100342,1.6764883969692475,,,,8.145055282412258e-06,,
epoch_summary,178,47,8366,3312,,,1.6764883969692475,nan,nan,8.145055282412258e-06,10.662333726882935,0.21612232079767607
train_step,179,1,8367,3312,1.4086108207702637,1.4086108207702637,,,,8.145055282412258e-06,,
train_step,179,2,8368,3313,1.529952049255371,1.4692814350128174,,,,8.136333088436466e-06,,
train_step,179,3,8369,3313,1.6546598672866821,1.5310742457707722,,,,8.136333088436466e-06,,
train_step,179,4,8370,3314,1.7380180358886719,1.5828101933002472,,,,8.12761448342247e-06,,
train_step,179,5,8371,3314,1.8818106651306152,1.642610287666321,,,,8.12761448342247e-06,,
train_step,179,6,8372,3315,1.752171277999878,1.6608704527219136,,,,8.118899471619615e-06,,
train_step,179,7,8373,3315,1.4895014762878418,1.636389170374189,,,,8.118899471619615e-06,,
train_step,179,8,8374,3316,1.3918890953063965,1.605826660990715,,,,8.110188057275493e-06,,
train_step,179,9,8375,3316,1.3134180307388306,1.5733368131849501,,,,8.110188057275493e-06,,
train_step,179,10,8376,3317,1.6402387619018555,1.5800270080566405,,,,8.101480244635938e-06,,
train_step,179,11,8377,3317,2.10276198387146,1.6275483694943516,,,,8.101480244635938e-06,,
train_step,179,12,8378,3318,1.5440298318862915,1.6205884913603466,,,,8.092776037945034e-06,,
train_step,179,13,8379,3318,1.640495777130127,1.622119821034945,,,,8.092776037945034e-06,,
train_step,179,14,8380,3319,1.5882787704467773,1.6197026031357902,,,,8.084075441445104e-06,,
train_step,179,15,8381,3319,1.5426995754241943,1.614569067955017,,,,8.084075441445104e-06,,
train_step,179,16,8382,3320,1.9063169956207275,1.632803313434124,,,,8.075378459376715e-06,,
train_step,179,17,8383,3320,1.5262823104858398,1.6265373720842249,,,,8.075378459376715e-06,,
train_step,179,18,8384,3321,1.5824568271636963,1.6240884529219732,,,,8.06668509597867e-06,,
train_step,179,19,8385,3321,1.3639817237854004,1.61039862507268,,,,8.06668509597867e-06,,
train_step,179,20,8386,3322,1.3906638622283936,1.5994118869304657,,,,8.057995355488003e-06,,
train_step,179,21,8387,3322,1.7458469867706299,1.6063849869228544,,,,8.057995355488003e-06,,
train_step,179,22,8388,3323,1.9484446048736572,1.6219331513751636,,,,8.049309242139996e-06,,
train_step,179,23,8389,3323,1.6818861961364746,1.6245398054952207,,,,8.049309242139996e-06,,
train_step,179,24,8390,3324,1.9404445886611938,1.637702504793803,,,,8.040626760168155e-06,,
train_step,179,25,8391,3324,1.7626570463180542,1.6427006864547729,,,,8.040626760168155e-06,,
train_step,179,26,8392,3325,1.4500186443328857,1.6352898386808543,,,,8.031947913804213e-06,,
train_step,179,27,8393,3325,2.050288200378418,1.6506601483733565,,,,8.031947913804213e-06,,
train_step,179,28,8394,3326,2.06127667427063,1.6653250242982591,,,,8.023272707278137e-06,,
train_step,179,29,8395,3326,2.125375270843506,1.6811888259032677,,,,8.023272707278137e-06,,
train_step,179,30,8396,3327,1.6235506534576416,1.6792675534884134,,,,8.014601144818113e-06,,
train_step,179,31,8397,3327,1.907236933708191,1.686621404463245,,,,8.014601144818113e-06,,
train_step,179,32,8398,3328,1.5372713804244995,1.6819542162120342,,,,8.005933230650556e-06,,
train_step,179,33,8399,3328,1.4015591144561768,1.6734573949467053,,,,8.005933230650556e-06,,
train_step,179,34,8400,3329,1.664865255355835,1.6732046849587385,,,,7.997268969000106e-06,,
train_step,179,35,8401,3329,1.6330301761627197,1.6720568418502808,,,,7.997268969000106e-06,,
train_step,179,36,8402,3330,2.010000705718994,1.6814441714021895,,,,7.988608364089615e-06,,
train_step,179,37,8403,3330,1.397773027420044,1.6737773837269962,,,,7.988608364089615e-06,,
train_step,179,38,8404,3331,1.8294343948364258,1.677873620861455,,,,7.979951420140159e-06,,
train_step,179,39,8405,3331,1.8394114971160889,1.6820156176884968,,,,7.979951420140159e-06,,
train_step,179,40,8406,3332,2.0655581951141357,1.6916041821241379,,,,7.97129814137102e-06,,
train_step,179,41,8407,3332,1.5345174074172974,1.6877727973751906,,,,7.97129814137102e-06,,
train_step,179,42,8408,3333,1.4170275926589966,1.681326482977186,,,,7.962648531999712e-06,,
train_step,179,43,8409,3333,1.72674560546875,1.6823827416397805,,,,7.962648531999712e-06,,
train_step,179,44,8410,3334,1.8158740997314453,1.6854166361418637,,,,7.954002596241949e-06,,
train_step,179,45,8411,3334,1.6825895309448242,1.6853538115819295,,,,7.954002596241949e-06,,
train_step,179,46,8412,3335,1.3804031610488892,1.67872444961382,,,,7.945360338311648e-06,,
train_step,179,47,8413,3336,1.530452847480774,1.675569734674819,,,,7.936721762420938e-06,,
epoch_summary,179,47,8413,3336,,,1.675569734674819,nan,nan,7.936721762420938e-06,10.435264587402344,0.21612232079767607
train_step,180,1,8414,3336,1.6993036270141602,1.6993036270141602,,,,7.936721762420938e-06,,
train_step,180,2,8415,3337,1.6866899728775024,1.6929967999458313,,,,7.928086872780165e-06,,
train_step,180,3,8416,3337,1.9655022621154785,1.7838319540023804,,,,7.928086872780165e-06,,
train_step,180,4,8417,3338,1.5977169275283813,1.7373031973838806,,,,7.919455673597865e-06,,
train_step,180,5,8418,3338,2.100245237350464,1.8098916053771972,,,,7.919455673597865e-06,,
train_step,180,6,8419,3339,1.9294805526733398,1.829823096593221,,,,7.910828169080782e-06,,
train_step,180,7,8420,3339,1.161613941192627,1.7343646458217077,,,,7.910828169080782e-06,,
train_step,180,8,8421,3340,1.6967984437942505,1.7296688705682755,,,,7.902204363433855e-06,,
train_step,180,9,8422,3340,1.897587537765503,1.7483265002568562,,,,7.902204363433855e-06,,
train_step,180,10,8423,3341,1.7172420024871826,1.7452180504798889,,,,7.893584260860216e-06,,
train_step,180,11,8424,3341,1.7841901779174805,1.7487609711560337,,,,7.893584260860216e-06,,
train_step,180,12,8425,3342,1.7359646558761597,1.7476946115493774,,,,7.884967865561212e-06,,
train_step,180,13,8426,3342,1.4889646768569946,1.7277923088807325,,,,7.884967865561212e-06,,
train_step,180,14,8427,3343,1.5097873210906982,1.7122205240385873,,,,7.876355181736365e-06,,
train_step,180,15,8428,3343,1.5989434719085693,1.7046687205632527,,,,7.876355181736365e-06,,
train_step,180,16,8429,3344,1.6885625123977661,1.7036620825529099,,,,7.867746213583383e-06,,
train_step,180,17,8430,3344,1.699239730834961,1.70340194421656,,,,7.867746213583383e-06,,
train_step,180,18,8431,3345,1.4853074550628662,1.6912855837080214,,,,7.859140965298174e-06,,
train_step,180,19,8432,3345,1.6530022621154785,1.689270672045256,,,,7.859140965298174e-06,,
train_step,180,20,8433,3346,1.4324450492858887,1.6764293909072876,,,,7.850539441074844e-06,,
train_step,180,21,8434,3346,1.3036823272705078,1.6586795307341076,,,,7.850539441074844e-06,,
train_step,180,22,8435,3347,1.3335416316986084,1.643900535323403,,,,7.841941645105662e-06,,
train_step,180,23,8436,3347,1.4865310192108154,1.6370583824489429,,,,7.841941645105662e-06,,
train_step,180,24,8437,3348,1.610770583152771,1.6359630574782689,,,,7.83334758158109e-06,,
train_step,180,25,8438,3348,1.739638328552246,1.640110068321228,,,,7.83334758158109e-06,,
train_step,180,26,8439,3349,1.3153162002563477,1.6276179964725788,,,,7.824757254689774e-06,,
train_step,180,27,8440,3349,1.7550475597381592,1.6323376099268596,,,,7.824757254689774e-06,,
train_step,180,28,8441,3350,1.642859697341919,1.6327133987631117,,,,7.816170668618531e-06,,
train_step,180,29,8442,3350,1.6829420328140259,1.6344454206269363,,,,7.816170668618531e-06,,
train_step,180,30,8443,3351,2.0207056999206543,1.6473207632700602,,,,7.807587827552354e-06,,
train_step,180,31,8444,3351,1.523216962814331,1.6433174148682625,,,,7.807587827552354e-06,,
train_step,180,32,8445,3352,1.4912563562393188,1.638565506786108,,,,7.799008735674432e-06,,
train_step,180,33,8446,3352,1.8356122970581055,1.6445366216428352,,,,7.799008735674432e-06,,
train_step,180,34,8447,3353,1.9741811752319336,1.6542320496895735,,,,7.790433397166095e-06,,
train_step,180,35,8448,3353,1.6869522333145142,1.6551669120788575,,,,7.790433397166095e-06,,
train_step,180,36,8449,3354,2.2453417778015137,1.6715606583489313,,,,7.781861816206863e-06,,
train_step,180,37,8450,3354,1.8292369842529297,1.6758221806706608,,,,7.781861816206863e-06,,
train_step,180,38,8451,3355,1.7492531538009644,1.6777545747004057,,,,7.773293996974414e-06,,
train_step,180,39,8452,3355,1.4889674186706543,1.6729138783919506,,,,7.773293996974414e-06,,
train_step,180,40,8453,3356,1.636264681816101,1.6719976484775543,,,,7.764729943644614e-06,,
train_step,180,41,8454,3356,1.7837066650390625,1.6747222586375912,,,,7.764729943644614e-06,,
train_step,180,42,8455,3357,1.6503396034240723,1.6741417192277455,,,,7.756169660391467e-06,,
train_step,180,43,8456,3357,1.6750694513320923,1.6741632943929627,,,,7.756169660391467e-06,,
train_step,180,44,8457,3358,1.5413308143615723,1.6711443743922494,,,,7.747613151387159e-06,,
train_step,180,45,8458,3358,1.926349401473999,1.6768155972162881,,,,7.747613151387159e-06,,
train_step,180,46,8459,3359,1.2819072008132935,1.6682306320770928,,,,7.73906042080202e-06,,
train_step,180,47,8460,3360,1.7949804067611694,1.6709274357937751,,,,7.730511472804545e-06,,
epoch_summary,180,47,8460,3360,,,1.6709274357937751,2.6420376982007707,0.46082834331337325,7.730511472804545e-06,222.11541891098022,0.21612232079767607
